ura_planning_area,timestamp,rain_5m,rain_15m,rain_30m,rain_60m,rain_120m,rain_decay_72h,reporting_stations,flood_probability,risk_tier
ANG MO KIO,2021-04-17T11:00:00+08:00,0.01,0.01,0.01,0.01,0.01,15.26758814194868,67,0.0,Low
BEDOK,2021-04-17T11:00:00+08:00,0.02,0.03,0.03,0.03,0.03,8.235490765929494,67,0.0,Low
BISHAN,2021-04-17T11:00:00+08:00,0.01,0.01,0.01,0.01,0.01,11.032515831891716,67,0.0,Low
BOON LAY,2021-04-17T11:00:00+08:00,0.0,0.0,0.0,0.0,0.0,4.552729506795398,67,0.0,Low
BUKIT BATOK,2021-04-17T11:00:00+08:00,0.01,0.01,0.01,0.01,0.01,4.446067611075691,67,0.0,Low
BUKIT MERAH,2021-04-17T11:00:00+08:00,0.01,0.01,0.01,0.01,0.01,6.367002238227231,67,0.0,Low
BUKIT PANJANG,2021-04-17T11:00:00+08:00,0.01,0.01,0.01,0.01,0.01,7.959802982054378,67,0.0,Low
BUKIT TIMAH,2021-04-17T11:00:00+08:00,0.01,0.01,0.01,0.01,0.01,9.479661758481333,67,0.0,Low
CENTRAL WATER CATCHMENT,2021-04-17T11:00:00+08:00,0.01,0.01,0.01,0.01,0.01,17.659278425227086,67,0.0,Low
CHANGI,2021-04-17T11:00:00+08:00,0.11,0.14,0.14,0.14,0.14,10.041869050784795,67,0.0,Low
CHANGI BAY,2021-04-17T11:00:00+08:00,0.15,0.2,0.2,0.21000000000000002,0.21000000000000002,7.93990727471315,67,7.850860018632035E-8,Low
CHOA CHU KANG,2021-04-17T11:00:00+08:00,0.01,0.01,0.01,0.01,0.01,4.897707948512649,67,0.0,Low
CLEMENTI,2021-04-17T11:00:00+08:00,0.0,0.0,0.0,0.0,0.0,8.922483060594892,67,0.0,Low
DOWNTOWN CORE,2021-04-17T11:00:00+08:00,0.01,0.01,0.01,0.01,0.01,8.7272551850703,67,0.0,Low
GEYLANG,2021-04-17T11:00:00+08:00,0.01,0.01,0.01,0.01,0.01,10.096483216411148,67,0.0,Low
HOUGANG,2021-04-17T11:00:00+08:00,0.01,0.01,0.01,0.01,0.01,5.602077655609517,67,0.0,Low
JURONG EAST,2021-04-17T11:00:00+08:00,0.01,0.01,0.01,0.01,0.01,7.508346555270777,67,0.0,Low
JURONG WEST,2021-04-17T11:00:00+08:00,0.0,0.0,0.0,0.0,0.0,2.585915101509929,67,0.0,Low
KALLANG,2021-04-17T11:00:00+08:00,0.01,0.01,0.01,0.01,0.01,7.206050518262157,67,0.0,Low
LIM CHU KANG,2021-04-17T11:00:00+08:00,0.01,0.01,0.01,0.01,0.01,5.368337079705533,67,0.0,Low
MANDAI,2021-04-17T11:00:00+08:00,0.02,0.02,0.02,0.02,0.02,8.075991581023121,67,0.0,Low
MARINA EAST,2021-04-17T11:00:00+08:00,0.01,0.01,0.01,0.01,0.01,8.455738421376081,67,0.0,Low
MARINA SOUTH,2021-04-17T11:00:00+08:00,0.0,0.0,0.0,0.0,0.0,8.026997209661692,67,0.0,Low
MARINE PARADE,2021-04-17T11:00:00+08:00,0.01,0.01,0.01,0.01,0.01,9.22226725909841,67,0.0,Low
MUSEUM,2021-04-17T11:00:00+08:00,0.0,0.0,0.0,0.0,0.0,11.98781425235493,67,0.0,Low
NEWTON,2021-04-17T11:00:00+08:00,0.0,0.0,0.0,0.0,0.0,7.6571926234787755,67,0.0,Low
NORTH-EASTERN ISLANDS,2021-04-17T11:00:00+08:00,0.39,0.52,0.52,0.53,0.53,8.405852205893014,67,5.666990158756179E-7,Low
NOVENA,2021-04-17T11:00:00+08:00,0.01,0.01,0.01,0.01,0.01,8.512210049744143,67,0.0,Low
ORCHARD,2021-04-17T11:00:00+08:00,0.0,0.0,0.0,0.0,0.0,7.626331235515335,67,0.0,Low
OUTRAM,2021-04-17T11:00:00+08:00,0.01,0.01,0.01,0.01,0.01,8.356479345767106,67,0.0,Low
PASIR RIS,2021-04-17T11:00:00+08:00,0.21,0.29,0.29,0.29000000000000004,0.29000000000000004,7.467406566305361,67,1.5639191533449717E-7,Low
PAYA LEBAR,2021-04-17T11:00:00+08:00,0.08,0.11,0.11,0.12,0.12,8.80769100854807,67,0.0,Low
PIONEER,2021-04-17T11:00:00+08:00,0.01,0.01,0.01,0.01,0.01,2.139769910884643,67,0.0,Low
PUNGGOL,2021-04-17T11:00:00+08:00,0.0,0.0,0.0,0.0,0.0,15.841406403265655,67,0.0,Low
QUEENSTOWN,2021-04-17T11:00:00+08:00,0.0,0.0,0.0,0.0,0.0,4.594457261671027,67,0.0,Low
RIVER VALLEY,2021-04-17T11:00:00+08:00,0.0,0.0,0.0,0.0,0.0,7.588223030993892,67,0.0,Low
ROCHOR,2021-04-17T11:00:00+08:00,0.01,0.01,0.01,0.01,0.01,9.004644589532992,67,0.0,Low
SELETAR,2021-04-17T11:00:00+08:00,0.04,0.05,0.05,0.2,0.2,8.796588223608554,67,7.074173884891557E-8,Low
SEMBAWANG,2021-04-17T11:00:00+08:00,0.03,0.04,0.04,0.05,0.05,8.807055145953951,67,0.0,Low
SENGKANG,2021-04-17T11:00:00+08:00,0.01,0.01,0.01,0.04,0.04,8.46560504222317,67,0.0,Low
SERANGOON,2021-04-17T11:00:00+08:00,0.02,0.03,0.03,0.06,0.06,9.585589892725393,67,0.0,Low
SIMPANG,2021-04-17T11:00:00+08:00,0.05,0.07,0.07,0.11000000000000001,0.11000000000000001,8.409154065768172,67,0.0,Low
SINGAPORE RIVER,2021-04-17T11:00:00+08:00,0.01,0.01,0.01,0.01,0.01,8.91981411479979,67,0.0,Low
SOUTHERN ISLANDS,2021-04-17T11:00:00+08:00,0.02,0.03,0.03,0.03,0.03,7.341529738857457,67,0.0,Low
STRAITS VIEW,2021-04-17T11:00:00+08:00,0.01,0.01,0.01,0.01,0.01,8.206118048488548,67,0.0,Low
SUNGEI KADUT,2021-04-17T11:00:00+08:00,0.01,0.01,0.01,0.01,0.01,4.2768182302460085,67,0.0,Low
TAMPINES,2021-04-17T11:00:00+08:00,0.02,0.03,0.03,0.03,0.03,5.527793376362118,67,0.0,Low
TANGLIN,2021-04-17T11:00:00+08:00,0.0,0.0,0.0,0.0,0.0,8.793202360601692,67,0.0,Low
TENGAH,2021-04-17T11:00:00+08:00,0.0,0.0,0.0,0.0,0.0,4.868355597983049,67,0.0,Low
TOA PAYOH,2021-04-17T11:00:00+08:00,0.01,0.01,0.01,0.01,0.01,14.684461206447464,67,0.0,Low
TUAS,2021-04-17T11:00:00+08:00,0.01,0.01,0.01,0.01,0.01,3.7494629866640117,67,0.0,Low
WESTERN ISLANDS,2021-04-17T11:00:00+08:00,0.02,0.03,0.03,0.03,0.03,5.320878784456278,67,0.0,Low
WESTERN WATER CATCHMENT,2021-04-17T11:00:00+08:00,0.0,0.0,0.0,0.0,0.0,1.6666721157356281,67,0.0,Low
WOODLANDS,2021-04-17T11:00:00+08:00,0.0,0.0,0.0,0.0,0.0,7.579245824979247,67,0.0,Low
YISHUN,2021-04-17T11:00:00+08:00,0.0,0.0,0.0,0.0,0.0,7.834883322998403,67,0.0,Low
ANG MO KIO,2021-04-17T11:05:00+08:00,0.01,0.02,0.02,0.02,0.02,15.24088688886782,67,0.0,Low
BEDOK,2021-04-17T11:05:00+08:00,0.02,0.05,0.05,0.05,0.05,8.235693740490028,67,0.0,Low
BISHAN,2021-04-17T11:05:00+08:00,0.01,0.02,0.02,0.02,0.02,11.015995129872493,67,0.0,Low
BOON LAY,2021-04-17T11:05:00+08:00,0.0,0.0,0.0,0.0,0.0,4.541785350044241,67,0.0,Low
BUKIT BATOK,2021-04-17T11:05:00+08:00,0.0,0.01,0.01,0.01,0.01,4.435379855348224,67,0.0,Low
BUKIT MERAH,2021-04-17T11:05:00+08:00,0.0,0.01,0.01,0.01,0.01,6.351696810916841,67,0.0,Low
BUKIT PANJANG,2021-04-17T11:05:00+08:00,0.01,0.02,0.02,0.02,0.02,7.950668673412956,67,0.0,Low
BUKIT TIMAH,2021-04-17T11:05:00+08:00,0.01,0.02,0.02,0.02,0.02,9.466873911305717,67,0.0,Low
CENTRAL WATER CATCHMENT,2021-04-17T11:05:00+08:00,0.0,0.01,0.01,0.01,0.01,17.61682786652169,67,0.0,Low
CHANGI,2021-04-17T11:05:00+08:00,0.07,0.21000000000000002,0.21000000000000002,0.21000000000000002,0.21000000000000002,10.087729731986622,67,7.850860018632035E-8,Low
CHANGI BAY,2021-04-17T11:05:00+08:00,0.09,0.29000000000000004,0.29000000000000004,0.30000000000000004,0.30000000000000004,8.010820792708364,67,1.6813188487789998E-7,Low
CHOA CHU KANG,2021-04-17T11:05:00+08:00,0.01,0.02,0.02,0.02,0.02,4.895934509429588,67,0.0,Low
CLEMENTI,2021-04-17T11:05:00+08:00,0.0,0.0,0.0,0.0,0.0,8.901034596969073,67,0.0,Low
DOWNTOWN CORE,2021-04-17T11:05:00+08:00,0.01,0.02,0.02,0.02,0.02,8.716276023314654,67,0.0,Low
GEYLANG,2021-04-17T11:05:00+08:00,0.01,0.02,0.02,0.02,0.02,10.082212612416138,67,0.0,Low
HOUGANG,2021-04-17T11:05:00+08:00,0.01,0.02,0.02,0.02,0.02,5.598611005349792,67,0.0,Low
JURONG EAST,2021-04-17T11:05:00+08:00,0.0,0.01,0.01,0.01,0.01,7.490297487888179,67,0.0,Low
JURONG WEST,2021-04-17T11:05:00+08:00,0.0,0.0,0.0,0.0,0.0,2.5796989052316595,67,0.0,Low
KALLANG,2021-04-17T11:05:00+08:00,0.01,0.02,0.02,0.02,0.02,7.198728130382335,67,0.0,Low
LIM CHU KANG,2021-04-17T11:05:00+08:00,0.01,0.02,0.02,0.02,0.02,5.365432310729987,67,0.0,Low
MANDAI,2021-04-17T11:05:00+08:00,0.01,0.03,0.03,0.03,0.03,8.06657797042934,67,0.0,Low
MARINA EAST,2021-04-17T11:05:00+08:00,0.0,0.01,0.01,0.01,0.01,8.435411949840226,67,0.0,Low
MARINA SOUTH,2021-04-17T11:05:00+08:00,0.0,0.0,0.0,0.0,0.0,8.007701375026114,67,0.0,Low
MARINE PARADE,2021-04-17T11:05:00+08:00,0.01,0.02,0.02,0.02,0.02,9.210098154095798,67,0.0,Low
MUSEUM,2021-04-17T11:05:00+08:00,0.0,0.0,0.0,0.0,0.0,11.958997139876425,67,0.0,Low
NEWTON,2021-04-17T11:05:00+08:00,0.0,0.0,0.0,0.0,0.0,7.638785749927409,67,0.0,Low
NORTH-EASTERN ISLANDS,2021-04-17T11:05:00+08:00,0.24,0.75,0.76,0.77,0.77,8.62564565419012,67,1.2580528592879398E-6,Low
NOVENA,2021-04-17T11:05:00+08:00,0.01,0.02,0.02,0.02,0.02,8.501747827917844,67,0.0,Low
ORCHARD,2021-04-17T11:05:00+08:00,0.0,0.0,0.0,0.0,0.0,7.60799854863966,67,0.0,Low
OUTRAM,2021-04-17T11:05:00+08:00,0.01,0.02,0.02,0.02,0.02,8.34639147985911,67,0.0,Low
PASIR RIS,2021-04-17T11:05:00+08:00,0.13,0.41000000000000003,0.42,0.42000000000000004,0.42000000000000004,7.579455913215981,67,3.4486537201936607E-7,Low
PAYA LEBAR,2021-04-17T11:05:00+08:00,0.06,0.16999999999999998,0.16999999999999998,0.18,0.18,8.846518489761388,67,0.0,Low
PIONEER,2021-04-17T11:05:00+08:00,0.0,0.01,0.01,0.01,0.01,2.1346261883592486,67,0.0,Low
PUNGGOL,2021-04-17T11:05:00+08:00,0.2,0.2,0.2,0.2,0.2,16.00332576733564,67,7.074173884891557E-8,Low
QUEENSTOWN,2021-04-17T11:05:00+08:00,0.0,0.0,0.0,0.0,0.0,4.583412796942084,67,0.0,Low
RIVER VALLEY,2021-04-17T11:05:00+08:00,0.0,0.0,0.0,0.0,0.0,7.5699819511779305,67,0.0,Low
ROCHOR,2021-04-17T11:05:00+08:00,0.0,0.01,0.01,0.01,0.01,8.982998620509527,67,0.0,Low
SELETAR,2021-04-17T11:05:00+08:00,0.03,0.08,0.08,0.19,0.23,8.805442394441487,67,6.340348902795521E-8,Low
SEMBAWANG,2021-04-17T11:05:00+08:00,0.02,0.06,0.06,0.07,0.07,8.805884155696448,67,0.0,Low
SENGKANG,2021-04-17T11:05:00+08:00,0.01,0.02,0.02,0.04,0.05,8.455254852641911,67,0.0,Low
SERANGOON,2021-04-17T11:05:00+08:00,0.01,0.04,0.04,0.06,0.07,9.572547408391168,67,0.0,Low
SIMPANG,2021-04-17T11:05:00+08:00,0.03,0.1,0.1,0.13,0.14,8.4189395768329,67,0.0,Low
SINGAPORE RIVER,2021-04-17T11:05:00+08:00,0.0,0.01,0.01,0.01,0.01,8.898372066965003,67,0.0,Low
SOUTHERN ISLANDS,2021-04-17T11:05:00+08:00,0.01,0.04,0.04,0.04,0.04,7.333881676934293,67,0.0,Low
STRAITS VIEW,2021-04-17T11:05:00+08:00,0.01,0.02,0.02,0.02,0.02,8.196391631158656,67,0.0,Low
SUNGEI KADUT,2021-04-17T11:05:00+08:00,0.01,0.02,0.02,0.02,0.02,4.276537327539587,67,0.0,Low
TAMPINES,2021-04-17T11:05:00+08:00,0.01,0.04,0.04,0.04,0.04,5.52450529563854,67,0.0,Low
TANGLIN,2021-04-17T11:05:00+08:00,0.0,0.0,0.0,0.0,0.0,8.772064670599368,67,0.0,Low
TENGAH,2021-04-17T11:05:00+08:00,0.0,0.0,0.0,0.0,0.0,4.856652718050214,67,0.0,Low
TOA PAYOH,2021-04-17T11:05:00+08:00,0.01,0.02,0.02,0.02,0.02,14.659161713031532,67,0.0,Low
TUAS,2021-04-17T11:05:00+08:00,0.01,0.02,0.02,0.02,0.02,3.750449775886287,67,0.0,Low
WESTERN ISLANDS,2021-04-17T11:05:00+08:00,0.01,0.04,0.04,0.04,0.04,5.318088098916081,67,0.0,Low
WESTERN WATER CATCHMENT,2021-04-17T11:05:00+08:00,0.0,0.0,0.0,0.0,0.0,1.6626656574428242,67,0.0,Low
WOODLANDS,2021-04-17T11:05:00+08:00,0.0,0.0,0.0,0.0,0.0,7.5610263251736205,67,0.0,Low
YISHUN,2021-04-17T11:05:00+08:00,0.0,0.0,0.0,0.0,0.0,7.816049304617575,67,0.0,Low
ANG MO KIO,2021-04-17T11:10:00+08:00,0.01,0.03,0.03,0.03,0.03,15.214249822051206,67,0.0,Low
BEDOK,2021-04-17T11:10:00+08:00,0.02,0.06,0.07,0.07,0.07,8.23589622712669,67,0.0,Low
BISHAN,2021-04-17T11:10:00+08:00,0.01,0.03,0.03,0.03,0.03,10.999514141425593,67,0.0,Low
BOON LAY,2021-04-17T11:10:00+08:00,0.0,0.0,0.0,0.0,0.0,4.530867501591614,67,0.0,Low
BUKIT BATOK,2021-04-17T11:10:00+08:00,0.0,0.01,0.01,0.01,0.01,4.4247177915653,67,0.0,Low
BUKIT MERAH,2021-04-17T11:10:00+08:00,0.01,0.02,0.02,0.02,0.02,6.346428175819863,67,0.0,Low
BUKIT PANJANG,2021-04-17T11:10:00+08:00,0.01,0.03,0.03,0.03,0.03,7.941556322435708,67,0.0,Low
BUKIT TIMAH,2021-04-17T11:10:00+08:00,0.01,0.03,0.03,0.03,0.03,9.454116804415415,67,0.0,Low
CENTRAL WATER CATCHMENT,2021-04-17T11:10:00+08:00,0.01,0.02,0.02,0.02,0.02,17.584479353318436,67,0.0,Low
CHANGI,2021-04-17T11:10:00+08:00,0.06,0.24,0.27,0.27,0.27,10.123480170204974,67,1.3426189501202528E-7,Low
CHANGI BAY,2021-04-17T11:10:00+08:00,0.09,0.32999999999999996,0.38,0.38,0.39,8.081563844029562,67,2.7851304060464763E-7,Low
CHOA CHU KANG,2021-04-17T11:10:00+08:00,0.01,0.03,0.03,0.03,0.03,4.894165333458421,67,0.0,Low
CLEMENTI,2021-04-17T11:10:00+08:00,0.0,0.0,0.0,0.0,0.0,8.87963769259966,67,0.0,Low
DOWNTOWN CORE,2021-04-17T11:10:00+08:00,0.01,0.03,0.03,0.03,0.03,8.705323254004918,67,0.0,Low
GEYLANG,2021-04-17T11:10:00+08:00,0.01,0.03,0.03,0.03,0.03,10.067976313056802,67,0.0,Low
HOUGANG,2021-04-17T11:10:00+08:00,0.01,0.03,0.03,0.03,0.03,5.595152688456629,67,0.0,Low
JURONG EAST,2021-04-17T11:10:00+08:00,0.0,0.01,0.01,0.01,0.01,7.472291808065142,67,0.0,Low
JURONG WEST,2021-04-17T11:10:00+08:00,0.0,0.0,0.0,0.0,0.0,2.5734976518632124,67,0.0,Low
KALLANG,2021-04-17T11:10:00+08:00,0.01,0.03,0.03,0.03,0.03,7.191423344549951,67,0.0,Low
LIM CHU KANG,2021-04-17T11:10:00+08:00,0.01,0.03,0.03,0.03,0.03,5.3625345244330616,67,0.0,Low
MANDAI,2021-04-17T11:10:00+08:00,0.01,0.04,0.04,0.04,0.04,8.05718698890451,67,0.0,Low
MARINA EAST,2021-04-17T11:10:00+08:00,0.01,0.02,0.02,0.02,0.02,8.425134340440888,67,0.0,Low
MARINA SOUTH,2021-04-17T11:10:00+08:00,0.0,0.0,0.0,0.0,0.0,7.9884519250129,67,0.0,Low
MARINE PARADE,2021-04-17T11:10:00+08:00,0.01,0.03,0.03,0.03,0.03,9.197958302004537,67,0.0,Low
MUSEUM,2021-04-17T11:10:00+08:00,0.0,0.0,0.0,0.0,0.0,11.930249299906997,67,0.0,Low
NEWTON,2021-04-17T11:10:00+08:00,0.0,0.0,0.0,0.0,0.0,7.6204231240540885,67,0.0,Low
NORTH-EASTERN ISLANDS,2021-04-17T11:10:00+08:00,0.22,0.85,0.98,0.98,0.99,8.824910748244468,67,2.1053297410992902E-6,Low
NOVENA,2021-04-17T11:10:00+08:00,0.01,0.03,0.03,0.03,0.03,8.49131075588256,67,0.0,Low
ORCHARD,2021-04-17T11:10:00+08:00,0.0,0.0,0.0,0.0,0.0,7.58970993110712,67,0.0,Low
OUTRAM,2021-04-17T11:10:00+08:00,0.01,0.03,0.03,0.03,0.03,8.336327863840244,67,0.0,Low
PASIR RIS,2021-04-17T11:10:00+08:00,0.12,0.45999999999999996,0.54,0.54,0.54,7.681235908386151,67,5.897732159683087E-7,Low
PAYA LEBAR,2021-04-17T11:10:00+08:00,0.07,0.21000000000000002,0.24,0.24000000000000002,0.25,8.895252634869406,67,1.0440864740695539E-7,Low
PIONEER,2021-04-17T11:10:00+08:00,0.0,0.01,0.01,0.01,0.01,2.1294948306592887,67,0.0,Low
PUNGGOL,2021-04-17T11:10:00+08:00,0.4,0.6000000000000001,0.6000000000000001,0.6000000000000001,0.6000000000000001,16.364855898770827,67,7.385540852662345E-7,Low
QUEENSTOWN,2021-04-17T11:10:00+08:00,0.0,0.0,0.0,0.0,0.0,4.57239488163872,67,0.0,Low
RIVER VALLEY,2021-04-17T11:10:00+08:00,0.0,0.0,0.0,0.0,0.0,7.551784720493906,67,0.0,Low
ROCHOR,2021-04-17T11:10:00+08:00,0.0,0.01,0.01,0.01,0.01,8.961404685519199,67,0.0,Low
SELETAR,2021-04-17T11:10:00+08:00,0.04,0.11000000000000001,0.12,0.16,0.27,8.824275281024311,67,4.393009095903673E-8,Low
SEMBAWANG,2021-04-17T11:10:00+08:00,0.02,0.07,0.08,0.08,0.09,8.80471598034392,67,0.0,Low
SENGKANG,2021-04-17T11:10:00+08:00,0.18,0.19999999999999998,0.19999999999999998,0.21,0.22999999999999998,8.614929543541034,67,7.850860018632035E-8,Low
SERANGOON,2021-04-17T11:10:00+08:00,0.02,0.05,0.06,0.07,0.09,9.56953627645615,67,0.0,Low
SIMPANG,2021-04-17T11:10:00+08:00,0.04,0.12,0.14,0.15,0.18000000000000002,8.438701564829362,67,0.0,Low
SINGAPORE RIVER,2021-04-17T11:10:00+08:00,0.0,0.01,0.01,0.01,0.01,8.876981562963913,67,0.0,Low
SOUTHERN ISLANDS,2021-04-17T11:10:00+08:00,0.01,0.04,0.05,0.05,0.05,7.326251999935691,67,0.0,Low
STRAITS VIEW,2021-04-17T11:10:00+08:00,0.01,0.03,0.03,0.03,0.03,8.186688594843543,67,0.0,Low
SUNGEI KADUT,2021-04-17T11:10:00+08:00,0.01,0.03,0.03,0.03,0.03,4.276257100085943,67,0.0,Low
TAMPINES,2021-04-17T11:10:00+08:00,0.01,0.04,0.05,0.05,0.05,5.521225119024089,67,0.0,Low
TANGLIN,2021-04-17T11:10:00+08:00,0.0,0.0,0.0,0.0,0.0,8.750977792794957,67,0.0,Low
TENGAH,2021-04-17T11:10:00+08:00,0.0,0.0,0.0,0.0,0.0,4.844977970285617,67,0.0,Low
TOA PAYOH,2021-04-17T11:10:00+08:00,0.01,0.03,0.03,0.03,0.03,14.633923036235881,67,0.0,Low
TUAS,2021-04-17T11:10:00+08:00,0.01,0.03,0.03,0.03,0.03,3.7514341929984,67,0.0,Low
WESTERN ISLANDS,2021-04-17T11:10:00+08:00,0.01,0.04,0.05,0.05,0.05,5.315304121813086,67,0.0,Low
WESTERN WATER CATCHMENT,2021-04-17T11:10:00+08:00,0.0,0.0,0.0,0.0,0.0,1.6586688301433636,67,0.0,Low
WOODLANDS,2021-04-17T11:10:00+08:00,0.0,0.0,0.0,0.0,0.0,7.542850622624454,67,0.0,Low
YISHUN,2021-04-17T11:10:00+08:00,0.0,0.0,0.0,0.0,0.0,7.797260560714202,67,0.0,Low
ANG MO KIO,2021-04-17T11:15:00+08:00,0.01,0.03,0.04,0.04,0.04,15.187676787203591,68,0.0,Low
BEDOK,2021-04-17T11:15:00+08:00,0.02,0.06,0.09000000000000001,0.09,0.09,8.236098227012382,68,0.0,Low
BISHAN,2021-04-17T11:15:00+08:00,0.01,0.03,0.04,0.04,0.04,10.983072771084865,68,0.0,Low
BOON LAY,2021-04-17T11:15:00+08:00,0.0,0.0,0.0,0.0,0.0,4.519975898195865,68,0.0,Low
BUKIT BATOK,2021-04-17T11:15:00+08:00,0.0,0.0,0.01,0.01,0.01,4.414081357966896,68,0.0,Low
BUKIT MERAH,2021-04-17T11:15:00+08:00,0.01,0.02,0.03,0.03,0.03,6.341172205821543,68,0.0,Low
BUKIT PANJANG,2021-04-17T11:15:00+08:00,0.01,0.03,0.04,0.04,0.04,7.932465876339327,68,0.0,Low
BUKIT TIMAH,2021-04-17T11:15:00+08:00,0.01,0.03,0.04,0.04,0.04,9.441390363914868,68,0.0,Low
CENTRAL WATER CATCHMENT,2021-04-17T11:15:00+08:00,0.01,0.02,0.03,0.03,0.03,17.552208601642338,68,0.0,Low
CHANGI,2021-04-17T11:15:00+08:00,0.05,0.18,0.32,0.32,0.32,10.149144669120497,68,1.9297209353871715E-7,Low
CHANGI BAY,2021-04-17T11:15:00+08:00,0.07,0.25,0.45,0.45,0.46,8.132136838455976,68,3.99598983322078E-7,Low
CHOA CHU KANG,2021-04-17T11:15:00+08:00,0.01,0.03,0.04,0.04,0.04,4.892400410351194,68,0.0,Low
CLEMENTI,2021-04-17T11:15:00+08:00,0.0,0.0,0.0,0.0,0.0,8.858292223545053,68,0.0,Low
DOWNTOWN CORE,2021-04-17T11:15:00+08:00,0.01,0.03,0.04,0.04,0.04,8.69439681369716,68,0.0,Low
GEYLANG,2021-04-17T11:15:00+08:00,0.01,0.03,0.04,0.04,0.04,10.053774235869353,68,0.0,Low
HOUGANG,2021-04-17T11:15:00+08:00,0.02,0.04,0.05,0.05,0.05,5.601702684897724,68,0.0,Low
JURONG EAST,2021-04-17T11:15:00+08:00,0.01,0.01,0.02,0.02,0.02,7.464329411503741,68,0.0,Low
JURONG WEST,2021-04-17T11:15:00+08:00,0.0,0.0,0.0,0.0,0.0,2.567311305483818,68,0.0,Low
KALLANG,2021-04-17T11:15:00+08:00,0.01,0.03,0.04,0.04,0.04,7.184136118452021,68,0.0,Low
LIM CHU KANG,2021-04-17T11:15:00+08:00,0.01,0.03,0.04,0.04,0.04,5.359643704029326,68,0.0,Low
MANDAI,2021-04-17T11:15:00+08:00,0.01,0.03,0.05,0.05,0.05,8.04781858205136,68,0.0,Low
MARINA EAST,2021-04-17T11:15:00+08:00,0.01,0.02,0.03,0.03,0.03,8.41488143704882,68,0.0,Low
MARINA SOUTH,2021-04-17T11:15:00+08:00,0.0,0.0,0.0,0.0,0.0,7.969248748119581,68,0.0,Low
MARINE PARADE,2021-04-17T11:15:00+08:00,0.01,0.03,0.04,0.04,0.04,9.185847632504515,68,0.0,Low
MUSEUM,2021-04-17T11:15:00+08:00,0.0,0.0,0.0,0.0,0.0,11.901570565924738,68,0.0,Low
NEWTON,2021-04-17T11:15:00+08:00,0.0,0.0,0.0,0.0,0.0,7.602104639493275,68,0.0,Low
NORTH-EASTERN ISLANDS,2021-04-17T11:15:00+08:00,0.16,0.62,1.14,1.1400000000000001,1.15,8.963696835491778,68,2.9077111170016976E-6,Low
NOVENA,2021-04-17T11:15:00+08:00,0.01,0.03,0.04,0.04,0.04,8.480898773181533,68,0.0,Low
ORCHARD,2021-04-17T11:15:00+08:00,0.0,0.0,0.0,0.0,0.0,7.571465276980871,68,0.0,Low
OUTRAM,2021-04-17T11:15:00+08:00,0.01,0.03,0.04,0.04,0.04,8.326288439416999,68,0.0,Low
PASIR RIS,2021-04-17T11:15:00+08:00,0.1,0.35,0.64,0.64,0.64,7.762771237972826,68,8.476697689906853E-7,Low
PAYA LEBAR,2021-04-17T11:15:00+08:00,0.09,0.22,0.32999999999999996,0.33,0.33999999999999997,8.963869629568553,68,2.0607629839856582E-7,Low
PIONEER,2021-04-17T11:15:00+08:00,0.0,0.0,0.01,0.01,0.01,2.1243758080613664,68,0.0,Low
PUNGGOL,2021-04-17T11:15:00+08:00,1.39,1.99,1.99,1.9899999999999998,1.9899999999999998,17.71551695981148,68,9.552888313724248E-6,Low
QUEENSTOWN,2021-04-17T11:15:00+08:00,0.0,0.0,0.0,0.0,0.0,4.561403451939646,68,0.0,Low
RIVER VALLEY,2021-04-17T11:15:00+08:00,0.0,0.0,0.0,0.0,0.0,7.533631233534332,68,0.0,Low
ROCHOR,2021-04-17T11:15:00+08:00,0.01,0.01,0.02,0.02,0.02,8.949862659479107,68,0.0,Low
SELETAR,2021-04-17T11:15:00+08:00,0.08,0.15000000000000002,0.2,0.2,0.35000000000000003,8.883062895850374,68,7.074173884891557E-8,Low
SEMBAWANG,2021-04-17T11:15:00+08:00,0.03,0.07,0.11,0.11,0.12,8.813550613129706,68,0.0,Low
SENGKANG,2021-04-17T11:15:00+08:00,0.2,0.39,0.4,0.4,0.43,8.794220397701388,68,3.1074782470189115E-7,Low
SERANGOON,2021-04-17T11:15:00+08:00,0.03,0.06,0.09,0.09,0.12000000000000001,9.576532382882172,68,0.0,Low
SIMPANG,2021-04-17T11:15:00+08:00,0.05,0.12000000000000001,0.19,0.19,0.23000000000000004,8.468416047632727,68,6.340348902795521E-8,Low
SINGAPORE RIVER,2021-04-17T11:15:00+08:00,0.0,0.0,0.01,0.01,0.01,8.855642478891994,68,0.0,Low
SOUTHERN ISLANDS,2021-04-17T11:15:00+08:00,0.01,0.03,0.060000000000000005,0.06,0.06,7.318640663666733,68,0.0,Low
STRAITS VIEW,2021-04-17T11:15:00+08:00,0.01,0.03,0.04,0.04,0.04,8.177008883338358,68,0.0,Low
SUNGEI KADUT,2021-04-17T11:15:00+08:00,0.01,0.03,0.04,0.04,0.04,4.275977546261861,68,0.0,Low
TAMPINES,2021-04-17T11:15:00+08:00,0.01,0.03,0.060000000000000005,0.06,0.06,5.517952827518337,68,0.0,Low
TANGLIN,2021-04-17T11:15:00+08:00,0.0,0.0,0.0,0.0,0.0,8.729941605042688,68,0.0,Low
TENGAH,2021-04-17T11:15:00+08:00,0.0,0.0,0.0,0.0,0.0,4.833331287063263,68,0.0,Low
TOA PAYOH,2021-04-17T11:15:00+08:00,0.0,0.02,0.03,0.03,0.03,14.59874502986544,68,0.0,Low
TUAS,2021-04-17T11:15:00+08:00,0.01,0.03,0.04,0.04,0.04,3.7524162437025885,68,0.0,Low
WESTERN ISLANDS,2021-04-17T11:15:00+08:00,0.01,0.03,0.060000000000000005,0.06,0.06,5.312526837021101,68,0.0,Low
WESTERN WATER CATCHMENT,2021-04-17T11:15:00+08:00,0.0,0.0,0.0,0.0,0.0,1.654681610685618,68,0.0,Low
WOODLANDS,2021-04-17T11:15:00+08:00,0.0,0.0,0.0,0.0,0.0,7.524718612048963,68,0.0,Low
YISHUN,2021-04-17T11:15:00+08:00,0.0,0.0,0.0,0.0,0.0,7.778516982454456,68,0.0,Low
ANG MO KIO,2021-04-17T11:20:00+08:00,0.03,0.05,0.07,0.07,0.07,15.181167630400628,68,0.0,Low
BEDOK,2021-04-17T11:20:00+08:00,0.04,0.08,0.13,0.13,0.13,8.256299741317193,68,0.0,Low
BISHAN,2021-04-17T11:20:00+08:00,0.03,0.05,0.07,0.07,0.07,10.986670923613648,68,0.0,Low
BOON LAY,2021-04-17T11:20:00+08:00,0.01,0.01,0.01,0.01,0.01,4.519110476767363,68,0.0,Low
BUKIT BATOK,2021-04-17T11:20:00+08:00,0.01,0.01,0.02,0.02,0.02,4.413470492941454,68,0.0,Low
BUKIT MERAH,2021-04-17T11:20:00+08:00,0.02,0.04,0.05,0.05,0.05,6.345928870476667,68,0.0,Low
BUKIT PANJANG,2021-04-17T11:20:00+08:00,0.03,0.05,0.07,0.07,0.07,7.943397282467391,68,0.0,Low
BUKIT TIMAH,2021-04-17T11:20:00+08:00,0.02,0.04,0.06,0.06,0.06,9.438694516086148,68,0.0,Low
CENTRAL WATER CATCHMENT,2021-04-17T11:20:00+08:00,0.02,0.04,0.05,0.05,0.05,17.53001542456501,68,0.0,Low
CHANGI,2021-04-17T11:20:00+08:00,0.07,0.18,0.39,0.39,0.39,10.194747473991018,68,2.943958866920272E-7,Low
CHANGI BAY,2021-04-17T11:20:00+08:00,0.12,0.28,0.5700000000000001,0.5700000000000001,0.5800000000000001,8.23258826212411,68,6.619417312547679E-7,Low
CHOA CHU KANG,2021-04-17T11:20:00+08:00,0.02,0.04,0.06,0.06,0.06,4.900639729884587,68,0.0,Low
CLEMENTI,2021-04-17T11:20:00+08:00,0.01,0.01,0.01,0.01,0.01,8.846998066161591,68,0.0,Low
DOWNTOWN CORE,2021-04-17T11:20:00+08:00,0.03,0.05,0.07,0.07,0.07,8.703496639099956,68,0.0,Low
GEYLANG,2021-04-17T11:20:00+08:00,0.04,0.06,0.08,0.08,0.08,10.06960629858824,68,0.0,Low
HOUGANG,2021-04-17T11:20:00+08:00,0.04,0.07,0.09,0.09,0.09,5.628236936017762,68,0.0,Low
JURONG EAST,2021-04-17T11:20:00+08:00,0.01,0.02,0.03,0.03,0.03,7.456386155485601,68,0.0,Low
JURONG WEST,2021-04-17T11:20:00+08:00,0.0,0.0,0.0,0.0,0.0,2.5611398302590556,68,0.0,Low
KALLANG,2021-04-17T11:20:00+08:00,0.04,0.06,0.08,0.08,0.08,7.206866409877279,68,0.0,Low
LIM CHU KANG,2021-04-17T11:20:00+08:00,0.02,0.04,0.06,0.06,0.06,5.366759832773697,68,0.0,Low
MANDAI,2021-04-17T11:20:00+08:00,0.04,0.06,0.09,0.09000000000000001,0.09000000000000001,8.068472695603376,68,0.0,Low
MARINA EAST,2021-04-17T11:20:00+08:00,0.06,0.08,0.09,0.09,0.09,8.454653180274065,68,0.0,Low
MARINA SOUTH,2021-04-17T11:20:00+08:00,0.02,0.02,0.02,0.02,0.02,7.970091733111725,68,0.0,Low
MARINE PARADE,2021-04-17T11:20:00+08:00,0.08,0.1,0.12,0.12000000000000001,0.12000000000000001,9.243766075444663,68,0.0,Low
MUSEUM,2021-04-17T11:20:00+08:00,0.01,0.01,0.01,0.01,0.01,11.882960771808039,68,0.0,Low
NEWTON,2021-04-17T11:20:00+08:00,0.01,0.01,0.01,0.01,0.01,7.593830190135119,68,0.0,Low
NORTH-EASTERN ISLANDS,2021-04-17T11:20:00+08:00,0.2,0.5800000000000001,1.3299999999999998,1.34,1.35,9.142149299427741,68,4.106155756185022E-6,Low
NOVENA,2021-04-17T11:20:00+08:00,0.02,0.04,0.06,0.06,0.06,8.480511819503336,68,0.0,Low
ORCHARD,2021-04-17T11:20:00+08:00,0.01,0.01,0.01,0.01,0.01,7.5632644805787255,68,0.0,Low
OUTRAM,2021-04-17T11:20:00+08:00,0.03,0.05,0.07,0.07,0.07,8.33627314843599,68,0.0,Low
PASIR RIS,2021-04-17T11:20:00+08:00,0.16,0.38,0.79,0.8,0.8,7.904110567461885,68,1.3650234430036787E-6,Low
PAYA LEBAR,2021-04-17T11:20:00+08:00,0.25,0.41000000000000003,0.58,0.5800000000000001,0.5900000000000001,9.192321678130519,68,6.869838677972194E-7,Low
PIONEER,2021-04-17T11:20:00+08:00,0.01,0.01,0.02,0.02,0.02,2.129269090913535,68,0.0,Low
PUNGGOL,2021-04-17T11:20:00+08:00,6.14,7.93,8.129999999999999,8.129999999999999,8.129999999999999,23.81293121114212,68,1.9280353102514073E-4,Low
QUEENSTOWN,2021-04-17T11:20:00+08:00,0.01,0.01,0.01,0.01,0.01,4.560438444176987,68,0.0,Low
RIVER VALLEY,2021-04-17T11:20:00+08:00,0.0,0.0,0.0,0.0,0.0,7.5155213851451075,68,0.0,Low
ROCHOR,2021-04-17T11:20:00+08:00,0.02,0.03,0.04,0.04,0.04,8.94834837893587,68,0.0,Low
SELETAR,2021-04-17T11:20:00+08:00,0.27,0.39,0.47000000000000003,0.47000000000000003,0.6200000000000001,9.131709193062306,68,4.38476845594012E-7,Low
SEMBAWANG,2021-04-17T11:20:00+08:00,0.07,0.12000000000000001,0.18,0.18,0.19,8.862364008632255,68,0.0,Low
SENGKANG,2021-04-17T11:20:00+08:00,0.13,0.51,0.53,0.53,0.5599999999999999,8.903080260473159,68,5.666990158756179E-7,Low
SERANGOON,2021-04-17T11:20:00+08:00,0.08,0.13,0.16999999999999998,0.16999999999999998,0.2,9.633511671598017,68,5.0000840861922894E-8,Low
SIMPANG,2021-04-17T11:20:00+08:00,0.14,0.23,0.33,0.33,0.37,8.588059100768001,68,2.0607629839856582E-7,Low
SINGAPORE RIVER,2021-04-17T11:20:00+08:00,0.01,0.01,0.02,0.02,0.02,8.84435469114257,68,0.0,Low
SOUTHERN ISLANDS,2021-04-17T11:20:00+08:00,0.04,0.06,0.1,0.1,0.1,7.341047624038746,68,0.0,Low
STRAITS VIEW,2021-04-17T11:20:00+08:00,0.04,0.06,0.08,0.08,0.08,8.197352440573354,68,0.0,Low
SUNGEI KADUT,2021-04-17T11:20:00+08:00,0.02,0.04,0.06,0.06,0.06,4.285698664448024,68,0.0,Low
TAMPINES,2021-04-17T11:20:00+08:00,0.03,0.05,0.09,0.09,0.09,5.534688402166531,68,0.0,Low
TANGLIN,2021-04-17T11:20:00+08:00,0.0,0.0,0.0,0.0,0.0,8.70895598549041,68,0.0,Low
TENGAH,2021-04-17T11:20:00+08:00,0.01,0.01,0.01,0.01,0.01,4.831712600919722,68,0.0,Low
TOA PAYOH,2021-04-17T11:20:00+08:00,0.01,0.02,0.04,0.04,0.04,14.573651586747735,68,0.0,Low
TUAS,2021-04-17T11:20:00+08:00,0.01,0.03,0.05,0.05,0.05,3.7533959336873823,68,0.0,Low
WESTERN ISLANDS,2021-04-17T11:20:00+08:00,0.03,0.05,0.09,0.09,0.09,5.329756228452702,68,0.0,Low
WESTERN WATER CATCHMENT,2021-04-17T11:20:00+08:00,0.0,0.0,0.0,0.0,0.0,1.6507039759736124,68,0.0,Low
WOODLANDS,2021-04-17T11:20:00+08:00,0.01,0.01,0.01,0.01,0.01,7.516630188417447,68,0.0,Low
YISHUN,2021-04-17T11:20:00+08:00,0.01,0.01,0.01,0.01,0.01,7.769818461266133,68,0.0,Low
ANG MO KIO,2021-04-17T11:25:00+08:00,0.03,0.07,0.1,0.1,0.1,15.174674120745658,68,0.0,Low
BEDOK,2021-04-17T11:25:00+08:00,0.06,0.12,0.18,0.19,0.19,8.296452693866065,68,0.0,Low
BISHAN,2021-04-17T11:25:00+08:00,0.04,0.08,0.11000000000000001,0.11,0.11,11.000260426661887,68,0.0,Low
BOON LAY,2021-04-17T11:25:00+08:00,0.01,0.02,0.02,0.02,0.02,4.518247135696974,68,0.0,Low
BUKIT BATOK,2021-04-17T11:25:00+08:00,0.01,0.02,0.03,0.03,0.03,4.4128610963543595,68,0.0,Low
BUKIT MERAH,2021-04-17T11:25:00+08:00,0.04,0.07,0.09,0.09,0.09,6.370674100742043,68,0.0,Low
BUKIT PANJANG,2021-04-17T11:25:00+08:00,0.03,0.07,0.1,0.1,0.1,7.954302410947728,68,0.0,Low
BUKIT TIMAH,2021-04-17T11:25:00+08:00,0.03,0.06,0.09,0.09,0.09,9.446005148717374,68,0.0,Low
CENTRAL WATER CATCHMENT,2021-04-17T11:25:00+08:00,0.02,0.05,0.07,0.07,0.07,17.50787559693627,68,0.0,Low
CHANGI,2021-04-17T11:25:00+08:00,0.08,0.2,0.44,0.47000000000000003,0.47000000000000003,10.250240655778496,68,4.38476845594012E-7,Low
CHANGI BAY,2021-04-17T11:25:00+08:00,0.15,0.33999999999999997,0.67,0.72,0.73,8.362798213918097,68,1.09004118115652E-6,Low
CHOA CHU KANG,2021-04-17T11:25:00+08:00,0.02,0.05,0.08,0.08,0.08,4.908859243188694,68,0.0,Low
CLEMENTI,2021-04-17T11:25:00+08:00,0.01,0.02,0.02,0.02,0.02,8.83573105843167,68,0.0,Low
DOWNTOWN CORE,2021-04-17T11:25:00+08:00,0.13,0.17,0.2,0.2,0.2,8.812574589731703,68,7.074173884891557E-8,Low
GEYLANG,2021-04-17T11:25:00+08:00,0.12,0.16999999999999998,0.2,0.19999999999999998,0.19999999999999998,10.165400303132174,68,0.0,Low
HOUGANG,2021-04-17T11:25:00+08:00,0.03,0.09,0.12,0.12,0.12,5.644707402324076,68,0.0,Low
JURONG EAST,2021-04-17T11:25:00+08:00,0.02,0.04,0.05,0.05,0.05,7.458461993999399,68,0.0,Low
JURONG WEST,2021-04-17T11:25:00+08:00,0.0,0.0,0.0,0.0,0.0,2.5549831904406455,68,0.0,Low
KALLANG,2021-04-17T11:25:00+08:00,0.16,0.21000000000000002,0.24,0.24,0.24,7.349542060702433,68,1.0440864740695539E-7,Low
LIM CHU KANG,2021-04-17T11:25:00+08:00,0.02,0.05,0.08,0.08,0.08,5.373858855290185,68,0.0,Low
MANDAI,2021-04-17T11:25:00+08:00,0.04,0.09,0.13,0.13,0.13,8.089077159411007,68,0.0,Low
MARINA EAST,2021-04-17T11:25:00+08:00,0.3,0.37,0.39,0.39,0.39,8.734329317513609,68,2.943958866920272E-7,Low
MARINA SOUTH,2021-04-17T11:25:00+08:00,0.07,0.09000000000000001,0.09000000000000001,0.09000000000000001,0.09000000000000001,8.020932691679967,68,0.0,Low
MARINE PARADE,2021-04-17T11:25:00+08:00,0.39,0.48,0.51,0.51,0.51,9.611545290144395,68,5.220161833263655E-7,Low
MUSEUM,2021-04-17T11:25:00+08:00,0.02,0.03,0.03,0.03,0.03,11.874395713163459,68,0.0,Low
NEWTON,2021-04-17T11:25:00+08:00,0.02,0.03,0.03,0.03,0.03,7.595575631453681,68,0.0,Low
NORTH-EASTERN ISLANDS,2021-04-17T11:25:00+08:00,0.26,0.62,1.47,1.6,1.61,9.380172787353812,68,5.9961235032337865E-6,Low
NOVENA,2021-04-17T11:25:00+08:00,0.04,0.07,0.1,0.1,0.1,8.500125796010362,68,0.0,Low
ORCHARD,2021-04-17T11:25:00+08:00,0.01,0.02,0.02,0.02,0.02,7.555083397801379,68,0.0,Low
OUTRAM,2021-04-17T11:25:00+08:00,0.08,0.12,0.15000000000000002,0.15000000000000002,0.15000000000000002,8.396233855541306,68,0.0,Low
PASIR RIS,2021-04-17T11:25:00+08:00,0.16,0.42000000000000004,0.88,0.9600000000000001,0.9600000000000001,8.045110135984533,68,2.0146545150619764E-6,Low
PAYA LEBAR,2021-04-17T11:25:00+08:00,0.18,0.52,0.73,0.76,0.77,9.350224558325277,68,1.223425687853584E-6,Low
PIONEER,2021-04-17T11:25:00+08:00,0.01,0.02,0.03,0.03,0.03,2.134150610963964,68,0.0,Low
PUNGGOL,2021-04-17T11:25:00+08:00,2.38,9.91,10.509999999999998,10.51,10.51,26.135688088859045,68,3.3353753500268453E-4,Low
QUEENSTOWN,2021-04-17T11:25:00+08:00,0.01,0.02,0.02,0.02,0.02,4.559475756164756,68,0.0,Low
RIVER VALLEY,2021-04-17T11:25:00+08:00,0.01,0.01,0.01,0.01,0.01,7.507455070424908,68,0.0,Low
ROCHOR,2021-04-17T11:25:00+08:00,0.08,0.11,0.12,0.12,0.12,9.006837738521837,68,0.0,Low
SELETAR,2021-04-17T11:25:00+08:00,0.29,0.64,0.75,0.76,0.91,9.399757777616761,68,1.223425687853584E-6,Low
SEMBAWANG,2021-04-17T11:25:00+08:00,0.06,0.16,0.23,0.24,0.25,8.901060063218518,68,1.0440864740695539E-7,Low
SENGKANG,2021-04-17T11:25:00+08:00,0.07,0.4,0.6000000000000001,0.6000000000000001,0.63,8.951678438600519,68,7.385540852662345E-7,Low
SERANGOON,2021-04-17T11:25:00+08:00,0.07,0.18,0.23,0.24,0.27,9.680353989675401,68,1.0440864740695539E-7,Low
SIMPANG,2021-04-17T11:25:00+08:00,0.12,0.31,0.43,0.45,0.49,8.687414547902138,68,3.99598983322078E-7,Low
SINGAPORE RIVER,2021-04-17T11:25:00+08:00,0.04,0.05,0.06,0.06,0.06,8.863094037734932,68,0.0,Low
SOUTHERN ISLANDS,2021-04-17T11:25:00+08:00,0.09,0.14,0.18,0.19,0.19,7.413400721055541,68,0.0,Low
STRAITS VIEW,2021-04-17T11:25:00+08:00,0.13,0.18,0.21000000000000002,0.21,0.21,8.307647094600085,68,7.850860018632035E-8,Low
SUNGEI KADUT,2021-04-17T11:25:00+08:00,0.02,0.05,0.08,0.08,0.08,4.295396414357844,68,0.0,Low
TAMPINES,2021-04-17T11:25:00+08:00,0.03,0.07,0.11,0.12,0.12,5.551383746717155,68,0.0,Low
TANGLIN,2021-04-17T11:25:00+08:00,0.01,0.01,0.01,0.01,0.01,8.698020812578891,68,0.0,Low
TENGAH,2021-04-17T11:25:00+08:00,0.01,0.02,0.02,0.02,0.02,4.830097805882573,68,0.0,Low
TOA PAYOH,2021-04-17T11:25:00+08:00,0.02,0.03,0.06,0.06,0.06,14.558618464932776,68,0.0,Low
TUAS,2021-04-17T11:25:00+08:00,0.02,0.04,0.07,0.07,0.07,3.764373268627638,68,0.0,Low
WESTERN ISLANDS,2021-04-17T11:25:00+08:00,0.03,0.07,0.11,0.12,0.12,5.346944202716805,68,0.0,Low
WESTERN WATER CATCHMENT,2021-04-17T11:25:00+08:00,0.01,0.01,0.01,0.01,0.01,1.6567359029668922,68,0.0,Low
WOODLANDS,2021-04-17T11:25:00+08:00,0.0,0.01,0.01,0.01,0.01,7.498561208281523,68,0.0,Low
YISHUN,2021-04-17T11:25:00+08:00,0.01,0.02,0.02,0.02,0.02,7.761140850166854,68,0.0,Low
ANG MO KIO,2021-04-17T11:30:00+08:00,0.1,0.16,0.19,0.2,0.2,15.238196220625019,68,7.074173884891557E-8,Low
BEDOK,2021-04-17T11:30:00+08:00,1.54,1.6400000000000001,1.7,1.7300000000000002,1.7300000000000002,9.81650912405268,68,7.084449871270396E-6,Low
BISHAN,2021-04-17T11:30:00+08:00,0.11,0.18,0.21000000000000002,0.22,0.22,11.083817262350621,68,8.670690877739925E-8,Low
BOON LAY,2021-04-17T11:30:00+08:00,0.02,0.04,0.04,0.04,0.04,4.527385869983795,68,0.0,Low
BUKIT BATOK,2021-04-17T11:30:00+08:00,0.03,0.05,0.05,0.060000000000000005,0.060000000000000005,4.432253164675682,68,0.0,Low
BUKIT MERAH,2021-04-17T11:30:00+08:00,0.09,0.15,0.16999999999999998,0.18,0.18,6.445359846762098,68,0.0,Low
BUKIT PANJANG,2021-04-17T11:30:00+08:00,0.08,0.14,0.16999999999999998,0.18,0.18,8.01518132494831,68,0.0,Low
BUKIT TIMAH,2021-04-17T11:30:00+08:00,0.07,0.12000000000000001,0.15000000000000002,0.16000000000000003,0.16000000000000003,9.493298207559219,68,0.0,Low
CENTRAL WATER CATCHMENT,2021-04-17T11:30:00+08:00,0.05,0.09,0.11,0.12,0.12,17.515788990511126,68,0.0,Low
CHANGI,2021-04-17T11:30:00+08:00,0.2,0.35000000000000003,0.53,0.67,0.67,10.425600439331092,68,9.347690525483216E-7,Low
CHANGI BAY,2021-04-17T11:30:00+08:00,0.38,0.65,0.9,1.1,1.1099999999999999,8.72269515829074,68,2.694208191062886E-6,Low
CHOA CHU KANG,2021-04-17T11:30:00+08:00,0.06,0.1,0.13,0.14,0.14,4.957058997875055,68,0.0,Low
CLEMENTI,2021-04-17T11:30:00+08:00,0.02,0.04,0.04,0.04,0.04,8.83449113509113,68,0.0,Low
DOWNTOWN CORE,2021-04-17T11:30:00+08:00,0.37,0.53,0.56,0.57,0.57,9.161390331464803,68,6.619417312547679E-7,Low
GEYLANG,2021-04-17T11:30:00+08:00,0.24,0.4,0.43,0.43999999999999995,0.43999999999999995,10.380964031618637,68,3.8087813882157487E-7,Low
HOUGANG,2021-04-17T11:30:00+08:00,0.11,0.18,0.22,0.22999999999999998,0.22999999999999998,5.741138275818044,68,9.533938579916894E-8,Low
JURONG EAST,2021-04-17T11:30:00+08:00,0.04,0.07,0.08,0.09,0.09,7.480532842473256,68,0.0,Low
JURONG WEST,2021-04-17T11:30:00+08:00,0.01,0.01,0.01,0.01,0.01,2.558841350366242,68,0.0,Low
KALLANG,2021-04-17T11:30:00+08:00,0.32,0.52,0.55,0.56,0.56,7.6518747382222605,68,6.373933664179261E-7,Low
LIM CHU KANG,2021-04-17T11:30:00+08:00,0.05,0.09,0.12000000000000001,0.13,0.13,5.410940812699886,68,0.0,Low
MANDAI,2021-04-17T11:30:00+08:00,0.11,0.19,0.22000000000000003,0.24,0.24,8.17963209282564,68,1.0440864740695539E-7,Low
MARINA EAST,2021-04-17T11:30:00+08:00,0.8,1.1600000000000001,1.1800000000000002,1.19,1.19,9.513333150483607,68,3.1867948811390554E-6,Low
MARINA SOUTH,2021-04-17T11:30:00+08:00,0.73,0.82,0.82,0.8200000000000001,0.8200000000000001,8.731651435339742,68,1.4389202400151151E-6,Low
MARINE PARADE,2021-04-17T11:30:00+08:00,0.75,1.22,1.25,1.26,1.26,10.338440412483822,68,3.600435533661789E-6,Low
MUSEUM,2021-04-17T11:30:00+08:00,0.05,0.08,0.08,0.08,0.08,11.895851243781705,68,0.0,Low
NEWTON,2021-04-17T11:30:00+08:00,0.05,0.08,0.08,0.08,0.08,7.6273168769632536,68,0.0,Low
NORTH-EASTERN ISLANDS,2021-04-17T11:30:00+08:00,0.48,0.94,1.56,2.08,2.09,9.837624098444333,68,1.0499057753591508E-5,Low
NOVENA,2021-04-17T11:30:00+08:00,0.11,0.16999999999999998,0.2,0.21,0.21,8.589692623124241,68,7.850860018632035E-8,Low
ORCHARD,2021-04-17T11:30:00+08:00,0.03,0.05,0.05,0.05,0.05,7.566921981259898,68,0.0,Low
OUTRAM,2021-04-17T11:30:00+08:00,0.2,0.31,0.34,0.35,0.35,8.576050425074536,68,2.3366242723111782E-7,Low
PASIR RIS,2021-04-17T11:30:00+08:00,0.31,0.63,0.98,1.27,1.27,8.335770760280987,68,3.6617207769688808E-6,Low
PAYA LEBAR,2021-04-17T11:30:00+08:00,0.54,0.97,1.19,1.3,1.31,9.867747860978753,68,3.848880097857028E-6,Low
PIONEER,2021-04-17T11:30:00+08:00,0.03,0.05,0.05,0.060000000000000005,0.060000000000000005,2.1590203964888657,68,0.0,Low
PUNGGOL,2021-04-17T11:30:00+08:00,1.4,9.92,11.909999999999998,11.91,11.91,27.47286136769828,68,4.355682644976968E-4,Low
QUEENSTOWN,2021-04-17T11:30:00+08:00,0.02,0.04,0.04,0.04,0.04,4.56851538232658,68,0.0,Low
RIVER VALLEY,2021-04-17T11:30:00+08:00,0.02,0.03,0.03,0.03,0.03,7.509408146053414,68,0.0,Low
ROCHOR,2021-04-17T11:30:00+08:00,0.19,0.29000000000000004,0.3,0.31,0.31,9.175186497459634,68,1.8032460743025645E-7,Low
SELETAR,2021-04-17T11:30:00+08:00,1.26,1.82,1.97,2.02,2.17,10.637162008993213,68,9.863002492649947E-6,Low
SEMBAWANG,2021-04-17T11:30:00+08:00,0.17,0.30000000000000004,0.37,0.41000000000000003,0.42000000000000004,9.049663097631626,68,3.275704621164339E-7,Low
SENGKANG,2021-04-17T11:30:00+08:00,0.23,0.43000000000000005,0.8200000000000001,0.8300000000000001,0.86,9.160159793165562,68,1.4766461658363303E-6,Low
SERANGOON,2021-04-17T11:30:00+08:00,0.24,0.39,0.45,0.48,0.51,9.897083705044706,68,4.5863668159423905E-7,Low
SIMPANG,2021-04-17T11:30:00+08:00,0.36,0.62,0.74,0.8099999999999999,0.85,9.026531157744078,68,1.4017129520729698E-6,Low
SINGAPORE RIVER,2021-04-17T11:30:00+08:00,0.1,0.15000000000000002,0.15000000000000002,0.16,0.16,8.941788337428239,68,0.0,Low
SOUTHERN ISLANDS,2021-04-17T11:30:00+08:00,0.23,0.36,0.39,0.42000000000000004,0.42000000000000004,7.62557989084165,68,3.4486537201936607E-7,Low
STRAITS VIEW,2021-04-17T11:30:00+08:00,0.49,0.66,0.69,0.7000000000000001,0.7000000000000001,8.777676614934888,68,1.0264103204623478E-6,Low
SUNGEI KADUT,2021-04-17T11:30:00+08:00,0.05,0.09,0.12000000000000001,0.13,0.13,4.335070852165554,68,0.0,Low
TAMPINES,2021-04-17T11:30:00+08:00,0.12,0.18,0.21,0.24,0.24,5.658038957878017,68,1.0440864740695539E-7,Low
TANGLIN,2021-04-17T11:30:00+08:00,0.01,0.02,0.02,0.02,0.02,8.687111926369946,68,0.0,Low
TENGAH,2021-04-17T11:30:00+08:00,0.02,0.04,0.04,0.04,0.04,4.838486892598114,68,0.0,Low
TOA PAYOH,2021-04-17T11:30:00+08:00,0.05,0.08,0.1,0.11,0.11,14.573621480745006,68,0.0,Low
TUAS,2021-04-17T11:30:00+08:00,0.04,0.07,0.1,0.11000000000000001,0.11000000000000001,3.795324215513405,68,0.0,Low
WESTERN ISLANDS,2021-04-17T11:30:00+08:00,0.09,0.15,0.18,0.21,0.21,5.424090859374776,68,7.850860018632035E-8,Low
WESTERN WATER CATCHMENT,2021-04-17T11:30:00+08:00,0.01,0.02,0.02,0.02,0.02,1.6627533300092243,68,0.0,Low
WOODLANDS,2021-04-17T11:30:00+08:00,0.01,0.02,0.02,0.02,0.02,7.490535663572774,68,0.0,Low
YISHUN,2021-04-17T11:30:00+08:00,0.03,0.05,0.05,0.05,0.05,7.772484098891547,68,0.0,Low
ANG MO KIO,2021-04-17T11:35:00+08:00,0.11,0.24,0.29,0.31000000000000005,0.31000000000000005,15.311565621817316,67,1.8032460743025645E-7,Low
BEDOK,2021-04-17T11:35:00+08:00,1.63,3.23,3.31,3.3600000000000003,3.3600000000000003,11.422911540571729,67,2.923037965604482E-5,Low
BISHAN,2021-04-17T11:35:00+08:00,0.15,0.3,0.35,0.37,0.37,11.207173238509695,67,2.6309764289503556E-7,Low
BOON LAY,2021-04-17T11:35:00+08:00,0.03,0.06,0.07,0.07,0.07,4.546502635967779,67,0.0,Low
BUKIT BATOK,2021-04-17T11:35:00+08:00,0.06,0.1,0.11,0.12,0.12,4.481598617041648,67,0.0,Low
BUKIT MERAH,2021-04-17T11:35:00+08:00,0.17,0.30000000000000004,0.33999999999999997,0.35000000000000003,0.35000000000000003,6.599866058173232,67,2.3366242723111782E-7,Low
BUKIT PANJANG,2021-04-17T11:35:00+08:00,0.17,0.28,0.33,0.35000000000000003,0.35000000000000003,8.165913894129446,67,2.3366242723111782E-7,Low
BUKIT TIMAH,2021-04-17T11:35:00+08:00,0.11,0.21000000000000002,0.25,0.27,0.27,9.58047758017208,67,1.3426189501202528E-7,Low
CENTRAL WATER CATCHMENT,2021-04-17T11:35:00+08:00,0.09,0.16,0.2,0.21,0.21,17.56368336133939,67,7.850860018632035E-8,Low
CHANGI,2021-04-17T11:35:00+08:00,0.23,0.51,0.6900000000000001,0.9000000000000001,0.9000000000000001,10.63053868126647,67,1.7553198196355942E-6,Low
CHANGI BAY,2021-04-17T11:35:00+08:00,0.48,1.01,1.29,1.58,1.5899999999999999,9.18172695823352,67,5.837229243307217E-6,Low
CHOA CHU KANG,2021-04-17T11:35:00+08:00,0.17,0.25,0.29000000000000004,0.31000000000000005,0.31000000000000005,5.115142886756109,67,1.8032460743025645E-7,Low
CLEMENTI,2021-04-17T11:35:00+08:00,0.03,0.06,0.07,0.07,0.07,8.843254192361535,67,0.0,Low
DOWNTOWN CORE,2021-04-17T11:35:00+08:00,0.81,1.31,1.36,1.3800000000000001,1.3800000000000001,9.949367566506677,67,4.3722987341295566E-6,Low
GEYLANG,2021-04-17T11:35:00+08:00,0.51,0.87,0.9299999999999999,0.95,0.95,10.866009573546709,67,1.9701119737866337E-6,Low
HOUGANG,2021-04-17T11:35:00+08:00,0.12,0.26,0.33,0.35,0.35,5.847337342306217,67,2.3366242723111782E-7,Low
JURONG EAST,2021-04-17T11:35:00+08:00,0.07,0.13,0.15000000000000002,0.16,0.16,7.532550635560236,67,0.0,Low
JURONG WEST,2021-04-17T11:35:00+08:00,0.02,0.03,0.03,0.03,0.03,2.572690235788064,67,0.0,Low
KALLANG,2021-04-17T11:35:00+08:00,0.89,1.37,1.4300000000000002,1.4500000000000002,1.4500000000000002,8.52348064816039,67,4.8594916167989E-6,Low
LIM CHU KANG,2021-04-17T11:35:00+08:00,0.2,0.27,0.31,0.33,0.33,5.59793363001156,67,2.0607629839856582E-7,Low
MANDAI,2021-04-17T11:35:00+08:00,0.22,0.37,0.43000000000000005,0.46,0.46,8.379969344213613,67,4.1879807812428497E-7,Low
MARINA EAST,2021-04-17T11:35:00+08:00,1.45,2.55,2.63,2.64,2.64,10.940464361755994,67,1.746698553725628E-5,Low
MARINA SOUTH,2021-04-17T11:35:00+08:00,1.45,2.25,2.27,2.27,2.27,10.160661705582639,67,1.2653293734571721E-5,Low
MARINE PARADE,2021-04-17T11:35:00+08:00,1.65,2.79,2.8899999999999997,2.91,2.91,11.9635881755416,67,2.1503445448133848E-5,Low
MUSEUM,2021-04-17T11:35:00+08:00,0.13,0.2,0.21000000000000002,0.21,0.21,11.997255198155434,67,7.850860018632035E-8,Low
NEWTON,2021-04-17T11:35:00+08:00,0.1,0.17,0.18,0.18000000000000002,0.18000000000000002,7.708981820736513,67,0.0,Low
NORTH-EASTERN ISLANDS,2021-04-17T11:35:00+08:00,0.51,1.25,1.83,2.59,2.6,10.323975757370778,67,1.6768258264791764E-5,Low
NOVENA,2021-04-17T11:35:00+08:00,0.19,0.33999999999999997,0.38,0.4,0.4,8.759044143487703,67,3.1074782470189115E-7,Low
ORCHARD,2021-04-17T11:35:00+08:00,0.07,0.11000000000000001,0.12000000000000001,0.12,0.12,7.618732106336936,67,0.0,Low
OUTRAM,2021-04-17T11:35:00+08:00,0.4,0.68,0.73,0.75,0.75,8.955434739469284,67,1.1893118574386728E-6,Low
PASIR RIS,2021-04-17T11:35:00+08:00,0.29,0.76,1.1400000000000001,1.56,1.56,8.605732675060667,67,5.680601707352302E-6,Low
PAYA LEBAR,2021-04-17T11:35:00+08:00,0.58,1.2999999999999998,1.71,1.88,1.8900000000000001,10.42402710638302,67,8.46073557531814E-6,Low
PIONEER,2021-04-17T11:35:00+08:00,0.05,0.09,0.1,0.11000000000000001,0.11000000000000001,2.2038303983541527,67,0.0,Low
PUNGGOL,2021-04-17T11:35:00+08:00,1.4,5.18,13.11,13.309999999999999,13.309999999999999,28.80682025966361,67,5.521530432143266E-4,Low
QUEENSTOWN,2021-04-17T11:35:00+08:00,0.04,0.07,0.08,0.08,0.08,4.59753327842833,67,0.0,Low
RIVER VALLEY,2021-04-17T11:35:00+08:00,0.04,0.07,0.07,0.07,0.07,7.5313565267476426,67,0.0,Low
ROCHOR,2021-04-17T11:35:00+08:00,0.58,0.85,0.8799999999999999,0.8899999999999999,0.8899999999999999,9.73313056835174,67,1.713940109319247E-6,Low
SELETAR,2021-04-17T11:35:00+08:00,0.8,2.35,2.74,2.8200000000000003,2.97,11.411591685028192,67,2.010839728074025E-5,Low
SEMBAWANG,2021-04-17T11:35:00+08:00,0.32,0.55,0.6699999999999999,0.73,0.74,9.347908910096914,67,1.1226205379623928E-6,Low
SENGKANG,2021-04-17T11:35:00+08:00,0.18,0.48000000000000004,0.99,1.01,1.04,9.318139986257988,67,2.245328973458546E-6,Low
SERANGOON,2021-04-17T11:35:00+08:00,0.25,0.56,0.69,0.73,0.76,10.123292430978092,67,1.1226205379623928E-6,Low
SIMPANG,2021-04-17T11:35:00+08:00,0.35,0.83,1.06,1.16,1.2,9.354832576319,67,3.017713441476764E-6,Low
SINGAPORE RIVER,2021-04-17T11:35:00+08:00,0.21,0.35,0.36,0.37,0.37,9.130293466482268,67,2.6309764289503556E-7,Low
SOUTHERN ISLANDS,2021-04-17T11:35:00+08:00,0.4,0.72,0.78,0.8200000000000001,0.8200000000000001,8.007249010098729,67,1.4389202400151151E-6,Low
STRAITS VIEW,2021-04-17T11:35:00+08:00,0.94,1.56,1.6199999999999999,1.64,1.64,9.69657624676203,67,6.320727568124258E-6,Low
SUNGEI KADUT,2021-04-17T11:35:00+08:00,0.4,0.47000000000000003,0.51,0.53,0.53,4.7246499178968575,67,5.666990158756179E-7,Low
TAMPINES,2021-04-17T11:35:00+08:00,0.15,0.3,0.35,0.39,0.39,5.794437784083979,67,2.943958866920272E-7,Low
TANGLIN,2021-04-17T11:35:00+08:00,0.02,0.04,0.04,0.04,0.04,8.686229263673834,67,0.0,Low
TENGAH,2021-04-17T11:35:00+08:00,0.04,0.07,0.08,0.08,0.08,4.866855813063963,67,0.0,Low
TOA PAYOH,2021-04-17T11:35:00+08:00,0.27,0.34,0.36,0.38000000000000006,0.38000000000000006,14.808588431300876,67,2.7851304060464763E-7,Low
TUAS,2021-04-17T11:35:00+08:00,0.07,0.13,0.16,0.18000000000000002,0.18000000000000002,3.8562007604357325,67,0.0,Low
WESTERN ISLANDS,2021-04-17T11:35:00+08:00,0.15,0.27,0.31999999999999995,0.36,0.36,5.56105206572167,67,2.4814801216493716E-7,Low
WESTERN WATER CATCHMENT,2021-04-17T11:35:00+08:00,0.03,0.05,0.05,0.05,0.05,1.6887562919565642,67,0.0,Low
WOODLANDS,2021-04-17T11:35:00+08:00,0.13,0.14,0.15,0.15,0.15,7.602529411207041,67,0.0,Low
YISHUN,2021-04-17T11:35:00+08:00,0.02,0.06,0.07,0.07,0.07,7.773800079953637,67,0.0,Low
ANG MO KIO,2021-04-17T11:40:00+08:00,0.13,0.34,0.41000000000000003,0.44000000000000006,0.44000000000000006,15.404758652718739,67,3.808781388215755E-7,Low
BEDOK,2021-04-17T11:40:00+08:00,1.52,4.6899999999999995,4.8100000000000005,4.88,4.88,12.915452379146034,67,6.484536664948446E-5,Low
BISHAN,2021-04-17T11:40:00+08:00,0.24,0.5,0.58,0.61,0.61,11.42023268329407,67,7.650844383687577E-7,Low
BOON LAY,2021-04-17T11:40:00+08:00,0.06,0.11,0.13,0.13,0.13,4.595573447786642,67,0.0,Low
BUKIT BATOK,2021-04-17T11:40:00+08:00,0.12,0.21,0.22999999999999998,0.24,0.24,4.590825449497329,67,1.0440864740695539E-7,Low
BUKIT MERAH,2021-04-17T11:40:00+08:00,0.32,0.5800000000000001,0.65,0.67,0.67,6.904000857183479,67,9.347690525483216E-7,Low
BUKIT PANJANG,2021-04-17T11:40:00+08:00,0.32,0.5700000000000001,0.6400000000000001,0.67,0.67,8.46628412224416,67,9.347690525483216E-7,Low
BUKIT TIMAH,2021-04-17T11:40:00+08:00,0.2,0.38,0.44,0.4700000000000001,0.4700000000000001,9.75744738515789,67,4.38476845594012E-7,Low
CENTRAL WATER CATCHMENT,2021-04-17T11:40:00+08:00,0.17,0.31000000000000005,0.36,0.38,0.38,17.69146260046456,67,2.7851304060464763E-7,Low
CHANGI,2021-04-17T11:40:00+08:00,0.25,0.68,0.88,1.15,1.15,10.85498427890117,67,2.962440837653464E-6,Low
CHANGI BAY,2021-04-17T11:40:00+08:00,0.61,1.47,1.81,2.19,2.1999999999999997,9.769655306727044,67,1.1720205992359276E-5,Low
CHOA CHU KANG,2021-04-17T11:40:00+08:00,0.37,0.6,0.65,0.6799999999999999,0.6799999999999999,5.472846762975053,67,9.648101242195771E-7,Low
CLEMENTI,2021-04-17T11:40:00+08:00,0.05,0.1,0.12000000000000001,0.12,0.12,8.871996184406731,67,0.0,Low
DOWNTOWN CORE,2021-04-17T11:40:00+08:00,1.61,2.79,2.96,2.99,2.99,11.535450608984776,67,2.2785326616513552E-5,Low
GEYLANG,2021-04-17T11:40:00+08:00,0.95,1.7,1.8699999999999999,1.9,1.9,11.789889130446591,67,8.654071488572497E-6,Low
HOUGANG,2021-04-17T11:40:00+08:00,0.14,0.37,0.46,0.49,0.49,5.973281120350667,67,4.792789565274037E-7,Low
JURONG EAST,2021-04-17T11:40:00+08:00,0.13,0.24000000000000002,0.28,0.29000000000000004,0.29000000000000004,7.644443384784948,67,1.5639191533449717E-7,Low
JURONG WEST,2021-04-17T11:40:00+08:00,0.03,0.06,0.06,0.06,0.06,2.5965058303296216,67,0.0,Low
KALLANG,2021-04-17T11:40:00+08:00,2.11,3.32,3.53,3.5599999999999996,3.5599999999999996,10.612991333313177,67,3.307097242891896E-5,Low
LIM CHU KANG,2021-04-17T11:40:00+08:00,0.45,0.7,0.75,0.78,0.78,6.034476941438699,67,1.293194279116675E-6,Low
MANDAI,2021-04-17T11:40:00+08:00,0.38,0.71,0.8,0.8400000000000001,0.8400000000000001,8.739825011470788,67,1.514891579526319E-6,Low
MARINA EAST,2021-04-17T11:40:00+08:00,2.46,4.71,5.08,5.1,5.1,13.374164939238845,67,7.124662603325803E-5,Low
MARINA SOUTH,2021-04-17T11:40:00+08:00,1.42,3.5999999999999996,3.69,3.69,3.69,11.556236825027929,67,3.570286748912452E-5,Low
MARINE PARADE,2021-04-17T11:40:00+08:00,2.68,5.08,5.5600000000000005,5.59,5.59,14.614829299332506,67,8.66610438878031E-5,Low
MUSEUM,2021-04-17T11:40:00+08:00,0.84,1.02,1.05,1.05,1.05,12.808415390897773,67,2.4394661143163166E-6,Low
NEWTON,2021-04-17T11:40:00+08:00,0.29,0.44,0.47,0.47,0.47,7.980450452836875,67,4.38476845594012E-7,Low
NORTH-EASTERN ISLANDS,2021-04-17T11:40:00+08:00,0.55,1.54,2.16,3.14,3.1500000000000004,10.849158291537334,67,2.5295504210371586E-5,Low
NOVENA,2021-04-17T11:40:00+08:00,0.38,0.6799999999999999,0.75,0.78,0.78,9.117988565300255,67,1.293194279116675E-6,Low
ORCHARD,2021-04-17T11:40:00+08:00,0.18,0.28,0.3,0.3,0.3,7.780417686758006,67,1.6813188487789998E-7,Low
OUTRAM,2021-04-17T11:40:00+08:00,0.84,1.44,1.56,1.5899999999999999,1.5899999999999999,9.77390706438619,67,5.916392790936538E-6,Low
PASIR RIS,2021-04-17T11:40:00+08:00,0.29,0.8899999999999999,1.31,1.85,1.85,8.875045637270732,67,8.175081714851022E-6,Low
PAYA LEBAR,2021-04-17T11:40:00+08:00,0.62,1.7400000000000002,2.2600000000000002,2.5,2.51,11.018969130401734,67,1.5548686259985553E-5,Low
PIONEER,2021-04-17T11:40:00+08:00,0.08,0.16,0.18,0.19,0.19,2.278532682929471,67,0.0,Low
PUNGGOL,2021-04-17T11:40:00+08:00,2.78,5.58,15.49,16.089999999999996,16.089999999999996,31.517572491713945,67,8.27610347441008E-4,Low
QUEENSTOWN,2021-04-17T11:40:00+08:00,0.07,0.13,0.15000000000000002,0.15000000000000002,0.15000000000000002,4.656481419363854,67,0.0,Low
RIVER VALLEY,2021-04-17T11:40:00+08:00,0.12,0.18,0.19,0.19,0.19,7.633252146451262,67,0.0,Low
ROCHOR,2021-04-17T11:40:00+08:00,1.53,2.3,2.41,2.42,2.42,11.239733415839048,67,1.450562589863404E-5,Low
SELETAR,2021-04-17T11:40:00+08:00,0.37,2.43,3.0700000000000003,3.19,3.3400000000000003,11.754159735031,67,2.6163270735889145E-5,Low
SEMBAWANG,2021-04-17T11:40:00+08:00,0.5,0.99,1.15,1.23,1.24,9.82543777926102,67,3.4198751739888183E-6,Low
SENGKANG,2021-04-17T11:40:00+08:00,0.12,0.53,0.93,1.1300000000000001,1.16,9.415740415959197,67,2.853523639452033E-6,Low
SERANGOON,2021-04-17T11:40:00+08:00,0.28,0.77,0.95,1.01,1.04,10.378957381193766,67,2.245328973458546E-6,Low
SIMPANG,2021-04-17T11:40:00+08:00,0.38,1.0899999999999999,1.4,1.54,1.58,9.712344801909548,67,5.526236999228609E-6,Low
SINGAPORE RIVER,2021-04-17T11:40:00+08:00,0.59,0.8999999999999999,0.95,0.96,0.96,9.698345454255294,67,2.0146545150619764E-6,Low
SOUTHERN ISLANDS,2021-04-17T11:40:00+08:00,0.69,1.3199999999999998,1.46,1.51,1.51,8.678000647510688,67,5.298924109095663E-6,Low
STRAITS VIEW,2021-04-17T11:40:00+08:00,1.35,2.7800000000000002,2.96,2.99,2.99,11.02326696598097,67,2.2785326616513552E-5,Low
SUNGEI KADUT,2021-04-17T11:40:00+08:00,1.54,1.99,2.04,2.0700000000000003,2.0700000000000003,6.253292487322819,67,1.0391580501731619E-5,Low
TAMPINES,2021-04-17T11:40:00+08:00,0.15,0.42000000000000004,0.49,0.5399999999999999,0.5399999999999999,5.930508725636912,67,5.897732159683076E-7,Low
TANGLIN,2021-04-17T11:40:00+08:00,0.05,0.08,0.09,0.09,0.09,8.715348722781554,67,0.0,Low
TENGAH,2021-04-17T11:40:00+08:00,0.08,0.14,0.16,0.16,0.16,4.935156538414777,67,0.0,Low
TOA PAYOH,2021-04-17T11:40:00+08:00,0.49,0.81,0.8400000000000001,0.87,0.87,15.262990552530871,67,1.6327531166426062E-6,Low
TUAS,2021-04-17T11:40:00+08:00,0.12,0.23,0.27,0.30000000000000004,0.30000000000000004,3.9669309662335626,67,1.6813188487789998E-7,Low
WESTERN ISLANDS,2021-04-17T11:40:00+08:00,0.24,0.48,0.55,0.6,0.6,5.7876840355284065,67,7.385540852662333E-7,Low
WESTERN WATER CATCHMENT,2021-04-17T11:40:00+08:00,0.06,0.1,0.11,0.10999999999999999,0.10999999999999999,1.7446967462387504,67,0.0,Low
WOODLANDS,2021-04-17T11:40:00+08:00,0.24,0.38,0.39,0.39,0.39,7.824253940754131,67,2.943958866920272E-7,Low
YISHUN,2021-04-17T11:40:00+08:00,0.03,0.08,0.1,0.1,0.1,7.785112897572127,67,0.0,Low
ANG MO KIO,2021-04-17T11:45:00+08:00,0.18,0.42,0.5800000000000001,0.62,0.62,15.547727659957701,67,7.921131085826769E-7,Low
BEDOK,2021-04-17T11:45:00+08:00,1.36,4.51,6.15,6.24,6.24,14.244405347878635,67,1.0960090667003065E-4,Low
BISHAN,2021-04-17T11:45:00+08:00,0.38,0.77,0.95,0.99,0.99,11.772779961485295,67,2.1514639036318545E-6,Low
BOON LAY,2021-04-17T11:45:00+08:00,0.07,0.16,0.2,0.2,0.2,4.6545262998946,67,7.074173884891557E-8,Low
BUKIT BATOK,2021-04-17T11:45:00+08:00,0.12,0.3,0.35,0.36,0.36,4.699789715162243,67,2.4814801216493716E-7,Low
BUKIT MERAH,2021-04-17T11:45:00+08:00,0.84,1.33,1.48,1.51,1.51,7.727404556551438,67,5.298924109095663E-6,Low
BUKIT PANJANG,2021-04-17T11:45:00+08:00,0.3,0.79,0.9300000000000002,0.97,0.97,8.74593230024477,67,2.0597268567724703E-6,Low
BUKIT TIMAH,2021-04-17T11:45:00+08:00,0.35,0.6599999999999999,0.78,0.8200000000000001,0.8200000000000001,10.083991778248903,67,1.4389202400151151E-6,Low
CENTRAL WATER CATCHMENT,2021-04-17T11:45:00+08:00,0.16,0.42000000000000004,0.51,0.54,0.54,17.808934675278643,67,5.897732159683087E-7,Low
CHANGI,2021-04-17T11:45:00+08:00,0.34,0.8200000000000001,1.1700000000000002,1.49,1.49,11.168890339144301,67,5.150199136816266E-6,Low
CHANGI BAY,2021-04-17T11:45:00+08:00,0.84,1.9299999999999997,2.5799999999999996,3.0300000000000002,3.04,10.586170353596838,67,2.3441081200105604E-5,Low
CHOA CHU KANG,2021-04-17T11:45:00+08:00,0.23,0.77,0.87,0.91,0.91,5.689690766608552,67,1.797224731389398E-6,Low
CLEMENTI,2021-04-17T11:45:00+08:00,0.08,0.16,0.2,0.2,0.2,8.930669084522389,67,7.074173884891557E-8,Low
DOWNTOWN CORE,2021-04-17T11:45:00+08:00,2.74,5.16,5.69,5.73,5.73,14.247720918593215,67,9.136060691982884E-5,Low
GEYLANG,2021-04-17T11:45:00+08:00,3.71,5.17,5.57,5.61,5.61,15.471547803660147,67,8.732433744159033E-5,Low
HOUGANG,2021-04-17T11:45:00+08:00,0.23,0.49,0.67,0.72,0.72,6.188922146288565,67,1.09004118115652E-6,Low
JURONG EAST,2021-04-17T11:45:00+08:00,0.17,0.37,0.44000000000000006,0.46,0.46,7.796067158709237,67,4.1879807812428497E-7,Low
JURONG WEST,2021-04-17T11:45:00+08:00,0.03,0.08,0.09,0.09,0.09,2.6202641753466036,67,0.0,Low
KALLANG,2021-04-17T11:45:00+08:00,2.28,5.279999999999999,5.8,5.84,5.84,12.867479112440602,67,9.514578633894655E-5,Low
LIM CHU KANG,2021-04-17T11:45:00+08:00,0.21,0.86,0.95,0.99,0.99,6.229970860754623,67,2.1514639036318545E-6,Low
MANDAI,2021-04-17T11:45:00+08:00,0.23,0.83,1.02,1.07,1.07,8.948815633522802,67,2.5397494104121403E-6,Low
MARINA EAST,2021-04-17T11:45:00+08:00,3.34,7.25,8.41,8.44,8.44,16.682015223932368,67,2.08837089611771E-4,Low
MARINA SOUTH,2021-04-17T11:45:00+08:00,2.81,5.68,6.5,6.5,6.5,14.338457167335148,67,1.1958114245488031E-4,Low
MARINE PARADE,2021-04-17T11:45:00+08:00,3.94,8.27,9.49,9.530000000000001,9.530000000000001,18.519697191768337,67,2.706505150391379E-4,Low
MUSEUM,2021-04-17T11:45:00+08:00,4.35,5.319999999999999,5.3999999999999995,5.4,5.4,17.12762566232666,67,8.049360799886285E-5,Low
NEWTON,2021-04-17T11:45:00+08:00,1.46,1.85,1.93,1.9300000000000002,1.9300000000000002,9.421266510419404,67,8.948433662212033E-6,Low
NORTH-EASTERN ISLANDS,2021-04-17T11:45:00+08:00,0.7,1.76,2.7,3.84,3.85,11.523078356679909,67,3.887313039930121E-5,Low
NOVENA,2021-04-17T11:45:00+08:00,0.86,1.4300000000000002,1.6,1.64,1.64,9.956070132420603,67,6.320727568124258E-6,Low
ORCHARD,2021-04-17T11:45:00+08:00,2.56,2.81,2.86,2.8600000000000003,2.8600000000000003,10.321714596529109,67,2.072227840288864E-5,Low
OUTRAM,2021-04-17T11:45:00+08:00,2.16,3.4000000000000004,3.71,3.75,3.75,11.91041189059556,67,3.695377392056456E-5,Low
PASIR RIS,2021-04-17T11:45:00+08:00,0.34,0.9199999999999999,1.55,2.1900000000000004,2.1900000000000004,9.193711206906928,67,1.1720205992359297E-5,Low
PAYA LEBAR,2021-04-17T11:45:00+08:00,0.86,2.06,3.03,3.36,3.37,11.852480992852758,67,2.923037965604482E-5,Low
PIONEER,2021-04-17T11:45:00+08:00,0.1,0.23,0.28,0.29000000000000004,0.29000000000000004,2.3730553931393805,67,1.5639191533449717E-7,Low
PUNGGOL,2021-04-17T11:45:00+08:00,1.99,6.17,16.09,18.08,18.08,33.431808435613,67,0.0010613323973929117,Low
QUEENSTOWN,2021-04-17T11:45:00+08:00,0.14,0.25,0.29000000000000004,0.29000000000000004,0.29000000000000004,4.785287856801812,67,1.5639191533449717E-7,Low
RIVER VALLEY,2021-04-17T11:45:00+08:00,3.87,4.03,4.0600000000000005,4.06,4.06,11.484902822625372,67,4.378304751176086E-5,Low
ROCHOR,2021-04-17T11:45:00+08:00,2.79,4.9,5.1899999999999995,5.21,5.21,14.002714590283837,67,7.456758925473049E-5,Low
SELETAR,2021-04-17T11:45:00+08:00,0.42,1.5899999999999999,3.41,3.61,3.7600000000000002,12.145904296963284,67,3.4070564884276275E-5,Low
SEMBAWANG,2021-04-17T11:45:00+08:00,0.31,1.1300000000000001,1.4300000000000002,1.54,1.55,10.111818732479419,67,5.526236999228609E-6,Low
SENGKANG,2021-04-17T11:45:00+08:00,0.62,0.9199999999999999,1.35,1.75,1.78,10.013106227196905,67,7.260464617556117E-6,Low
SERANGOON,2021-04-17T11:45:00+08:00,0.45,0.98,1.37,1.46,1.4900000000000002,10.804007746842807,67,4.931326977032325E-6,Low
SIMPANG,2021-04-17T11:45:00+08:00,0.36,1.0899999999999999,1.71,1.9,1.94,10.048997615617296,67,8.654071488572497E-6,Low
SINGAPORE RIVER,2021-04-17T11:45:00+08:00,2.81,3.61,3.76,3.77,3.77,12.485031920534519,67,3.737583439589571E-5,Low
SOUTHERN ISLANDS,2021-04-17T11:45:00+08:00,1.28,2.37,2.73,2.79,2.79,9.937139887118214,67,1.9654421524432027E-5,Low
STRAITS VIEW,2021-04-17T11:45:00+08:00,2.39,4.68,5.34,5.38,5.38,13.386768497006374,67,7.985846766167964E-5,Low
SUNGEI KADUT,2021-04-17T11:45:00+08:00,0.51,2.45,2.54,2.58,2.58,6.748260403143439,67,1.6630331397014314E-5,Low
TAMPINES,2021-04-17T11:45:00+08:00,0.2,0.5,0.6799999999999999,0.74,0.74,6.1162525707279505,67,1.1557104502792274E-6,Low
TANGLIN,2021-04-17T11:45:00+08:00,0.15,0.22,0.24,0.24,0.24,8.844398182579077,67,1.0440864740695539E-7,Low
TENGAH,2021-04-17T11:45:00+08:00,0.07,0.19,0.23,0.23,0.23,4.993293077897896,67,9.533938579916894E-8,Low
TOA PAYOH,2021-04-17T11:45:00+08:00,0.88,1.6400000000000001,1.7200000000000002,1.75,1.75,16.106300351444027,67,7.260464617556117E-6,Low
TUAS,2021-04-17T11:45:00+08:00,0.15,0.33999999999999997,0.41000000000000003,0.45,0.45,4.107394991330885,67,3.99598983322078E-7,Low
WESTERN ISLANDS,2021-04-17T11:45:00+08:00,0.32,0.71,0.8600000000000001,0.92,0.92,6.093771212195404,67,1.8396556291551898E-6,Low
WESTERN WATER CATCHMENT,2021-04-17T11:45:00+08:00,0.05,0.14,0.16,0.15999999999999998,0.15999999999999998,1.7905027271024123,67,0.0,Low
WOODLANDS,2021-04-17T11:45:00+08:00,0.08,0.45,0.47000000000000003,0.47000000000000003,0.47000000000000003,7.885445473995747,67,4.38476845594012E-7,Low
YISHUN,2021-04-17T11:45:00+08:00,0.03,0.08,0.13,0.13,0.13,7.796398520680349,67,0.0,Low
ANG MO KIO,2021-04-17T11:50:00+08:00,0.23,0.54,0.78,0.85,0.85,15.7403529887015,67,1.5536573222597988E-6,Low
BEDOK,2021-04-17T11:50:00+08:00,2.41,5.29,8.52,8.65,8.65,16.620163690270488,67,2.2008588838747043E-4,Low
BISHAN,2021-04-17T11:50:00+08:00,0.52,1.1400000000000001,1.44,1.51,1.51,12.264479762867506,67,5.298924109095663E-6,Low
BOON LAY,2021-04-17T11:50:00+08:00,0.1,0.23,0.29000000000000004,0.30000000000000004,0.30000000000000004,4.743337437179958,67,1.6813188487789998E-7,Low
BUKIT BATOK,2021-04-17T11:50:00+08:00,0.16,0.4,0.5,0.52,0.52,4.8484920452120654,67,5.441137572398529E-7,Low
BUKIT MERAH,2021-04-17T11:50:00+08:00,1.39,2.55,2.8499999999999996,2.9,2.9,9.09882890284298,67,2.134598244385182E-5,Low
BUKIT PANJANG,2021-04-17T11:50:00+08:00,0.37,0.99,1.27,1.34,1.34,9.094908241186127,67,4.106155756185022E-6,Low
BUKIT TIMAH,2021-04-17T11:50:00+08:00,0.5,1.05,1.26,1.32,1.32,10.559751202011327,67,3.976411753883416E-6,Low
CENTRAL WATER CATCHMENT,2021-04-17T11:50:00+08:00,0.19,0.52,0.6799999999999999,0.73,0.73,17.956124362834988,67,1.1226205379623928E-6,Low
CHANGI,2021-04-17T11:50:00+08:00,0.66,1.25,1.7600000000000002,2.1500000000000004,2.1500000000000004,11.80204181093158,67,1.1267886895073931E-5,Low
CHANGI BAY,2021-04-17T11:50:00+08:00,1.42,2.87,3.88,4.45,4.46,11.980722606795432,67,5.325395161028262E-5,Low
CHOA CHU KANG,2021-04-17T11:50:00+08:00,0.26,0.86,1.1099999999999999,1.17,1.17,5.9360135060723325,67,3.073529563741663E-6,Low
CLEMENTI,2021-04-17T11:50:00+08:00,0.12,0.25,0.31,0.32,0.32,9.029200942782836,67,1.9297209353871715E-7,Low
DOWNTOWN CORE,2021-04-17T11:50:00+08:00,3.84,8.190000000000001,9.5,9.57,9.57,18.053471290793652,67,2.730811029733696E-4,Low
GEYLANG,2021-04-17T11:50:00+08:00,5.53,10.190000000000001,11.059999999999999,11.14,11.14,20.96435625865543,67,3.776647361587142E-4,Low
HOUGANG,2021-04-17T11:50:00+08:00,0.32,0.69,0.95,1.04,1.04,6.494044799855268,67,2.3901291890208807E-6,Low
JURONG EAST,2021-04-17T11:50:00+08:00,0.24,0.54,0.67,0.7,0.7,8.017326449229328,67,1.0264103204623478E-6,Low
JURONG WEST,2021-04-17T11:50:00+08:00,0.04,0.1,0.13,0.13,0.13,2.65396540845926,67,0.0,Low
KALLANG,2021-04-17T11:50:00+08:00,2.59,6.9799999999999995,8.35,8.43,8.43,15.426547402531503,67,2.083092486989641E-4,Low
LIM CHU KANG,2021-04-17T11:50:00+08:00,0.21,0.87,1.14,1.2,1.2,6.424994838666451,67,3.2442453234972176E-6,Low
MANDAI,2021-04-17T11:50:00+08:00,0.24,0.85,1.22,1.31,1.31,9.167303869890832,67,3.912369666015499E-6,Low
MARINA EAST,2021-04-17T11:50:00+08:00,5.15,10.95,13.5,13.59,13.59,21.791913876100608,67,5.772354125921054E-4,Low
MARINA SOUTH,2021-04-17T11:50:00+08:00,5.88,10.11,12.36,12.38,12.38,20.18398942165097,67,4.7307365799878785E-4,Low
MARINE PARADE,2021-04-17T11:50:00+08:00,5.63,12.25,15.04,15.16,15.16,24.105178300683733,67,7.288893227957658E-4,Low
MUSEUM,2021-04-17T11:50:00+08:00,5.61,10.8,11.0,11.010000000000002,11.010000000000002,22.69645312621533,67,3.683205684649729E-4,Low
NEWTON,2021-04-17T11:50:00+08:00,2.02,3.77,3.94,3.95,3.95,11.418619037660356,67,4.12892945794492E-5,Low
NORTH-EASTERN ISLANDS,2021-04-17T11:50:00+08:00,1.12,2.37,3.62,4.95,4.970000000000001,12.61537840753882,67,6.684740416658053E-5,Low
NOVENA,2021-04-17T11:50:00+08:00,1.18,2.42,2.76,2.82,2.82,11.112137062820906,67,2.010839728074025E-5,Low
ORCHARD,2021-04-17T11:50:00+08:00,3.77,6.51,6.62,6.630000000000001,6.630000000000001,14.066902566225854,67,1.2474489367392426E-4,Low
OUTRAM,2021-04-17T11:50:00+08:00,3.09,6.09,6.77,6.84,6.84,14.971780843109219,67,1.3333186238255717E-4,Low
PASIR RIS,2021-04-17T11:50:00+08:00,0.51,1.1400000000000001,1.9000000000000001,2.6900000000000004,2.7,9.681610746859151,67,1.8180896288651904E-5,Low
PAYA LEBAR,2021-04-17T11:50:00+08:00,1.21,2.69,3.9899999999999998,4.57,4.58,13.033989203546522,67,5.636691086132094E-5,Low
PIONEER,2021-04-17T11:50:00+08:00,0.13,0.31,0.4,0.42000000000000004,0.42000000000000004,2.497350883314465,67,3.4486537201936607E-7,Low
PUNGGOL,2021-04-17T11:50:00+08:00,1.39,6.159999999999999,11.34,19.47,19.47,34.741442810673526,67,0.0012429501004283291,Low
QUEENSTOWN,2021-04-17T11:50:00+08:00,0.22,0.43000000000000005,0.5,0.51,0.51,4.993784660680435,67,5.220161833263655E-7,Low
RIVER VALLEY,2021-04-17T11:50:00+08:00,5.75,9.74,9.81,9.809999999999999,9.809999999999999,17.207294642395247,67,2.879073457494717E-4,Low
ROCHOR,2021-04-17T11:50:00+08:00,3.42,7.74,8.59,8.629999999999999,8.629999999999999,17.389053925140203,67,2.1900105958494703E-4,Low
SELETAR,2021-04-17T11:50:00+08:00,0.45,1.24,3.5900000000000003,4.0600000000000005,4.210000000000001,12.566707157025117,67,4.378304751176086E-5,Low
SEMBAWANG,2021-04-17T11:50:00+08:00,0.33,1.1400000000000001,1.6900000000000002,1.87,1.8800000000000001,10.417511263941618,67,8.364938038154981E-6,Low
SENGKANG,2021-04-17T11:50:00+08:00,0.63,1.37,1.85,2.38,2.41,10.61903605040453,67,1.3998512393196714E-5,Low
SERANGOON,2021-04-17T11:50:00+08:00,0.6,1.33,1.8900000000000001,2.06,2.09,11.378036347895058,67,1.0284690980260184E-5,Low
SIMPANG,2021-04-17T11:50:00+08:00,0.43,1.17,1.9999999999999998,2.33,2.37,10.454841160696535,67,1.3378093275287603E-5,Low
SINGAPORE RIVER,2021-04-17T11:50:00+08:00,3.94,7.34,7.6899999999999995,7.710000000000001,7.710000000000001,16.395019562853793,67,1.7216274291043432E-4,Low
SOUTHERN ISLANDS,2021-04-17T11:50:00+08:00,1.91,3.88,4.6,4.7,4.7,11.823252323312705,67,5.984555733143761E-5,Low
STRAITS VIEW,2021-04-17T11:50:00+08:00,3.99,7.73,9.290000000000001,9.370000000000001,9.370000000000001,17.344588484421834,67,2.6104350878609114E-4,Low
SUNGEI KADUT,2021-04-17T11:50:00+08:00,0.52,2.57,3.0400000000000005,3.1000000000000005,3.1000000000000005,7.2520384818675545,67,2.4612483417613083E-5,Low
TAMPINES,2021-04-17T11:50:00+08:00,0.39,0.74,1.04,1.13,1.13,6.491549912297704,67,2.853523639452033E-6,Low
TANGLIN,2021-04-17T11:50:00+08:00,0.23,0.43000000000000005,0.47,0.47000000000000003,0.47000000000000003,9.053137424623808,67,4.38476845594012E-7,Low
TENGAH,2021-04-17T11:50:00+08:00,0.1,0.25,0.32000000000000006,0.33,0.33,5.08128986486549,67,2.0607629839856582E-7,Low
TOA PAYOH,2021-04-17T11:50:00+08:00,1.21,2.58,2.92,2.96,2.96,17.277582945662655,67,2.2299996702613985E-5,Low
TUAS,2021-04-17T11:50:00+08:00,0.21,0.48,0.61,0.66,0.66,4.307521359577242,67,9.052326545685872E-7,Low
WESTERN ISLANDS,2021-04-17T11:50:00+08:00,0.46,1.02,1.29,1.3800000000000001,1.3800000000000001,6.539122595963666,67,4.3722987341295566E-6,Low
WESTERN WATER CATCHMENT,2021-04-17T11:50:00+08:00,0.06,0.16999999999999998,0.22,0.22,0.22,1.8461985964749426,67,8.670690877739925E-8,Low
WOODLANDS,2021-04-17T11:50:00+08:00,0.05,0.37,0.51,0.52,0.52,7.916489910922803,67,5.441137572398529E-7,Low
YISHUN,2021-04-17T11:50:00+08:00,0.03,0.09,0.15,0.16,0.16,7.807657014650294,67,0.0,Low
ANG MO KIO,2021-04-17T11:55:00+08:00,0.31,0.72,1.06,1.16,1.16,16.012515271751752,67,3.017713441476764E-6,Low
BEDOK,2021-04-17T11:55:00+08:00,5.4,9.170000000000002,13.860000000000001,14.040000000000001,14.05,21.980211025306595,67,6.187877621199898E-4,Low
BISHAN,2021-04-17T11:55:00+08:00,0.63,1.53,2.03,2.14,2.14,12.864997583266044,67,1.1156284909849264E-5,Low
BOON LAY,2021-04-17T11:55:00+08:00,0.17,0.34,0.45000000000000007,0.47000000000000003,0.47000000000000003,4.901935084292829,67,4.38476845594012E-7,Low
BUKIT BATOK,2021-04-17T11:55:00+08:00,0.24,0.52,0.73,0.76,0.76,5.076836914620552,67,1.223425687853584E-6,Low
BUKIT MERAH,2021-04-17T11:55:00+08:00,1.82,4.05,4.63,4.72,4.72,10.896956527245871,67,6.039056938521711E-5,Low
BUKIT PANJANG,2021-04-17T11:55:00+08:00,0.51,1.18,1.7500000000000002,1.85,1.85,9.58304529033865,67,8.175081714851022E-6,Low
BUKIT TIMAH,2021-04-17T11:55:00+08:00,0.75,1.6,1.98,2.0700000000000003,2.0700000000000003,11.28436696333966,67,1.0391580501731619E-5,Low
CENTRAL WATER CATCHMENT,2021-04-17T11:55:00+08:00,0.25,0.6,0.9100000000000001,0.98,0.98,18.162960225941543,67,2.1053297410992902E-6,Low
CHANGI,2021-04-17T11:55:00+08:00,0.81,1.81,2.49,2.93,2.96,12.583671270716144,67,2.182021785164958E-5,Low
CHANGI BAY,2021-04-17T11:55:00+08:00,1.76,4.02,5.49,6.16,6.22,13.71192254169049,67,1.0662291200943702E-4,Low
CHOA CHU KANG,2021-04-17T11:55:00+08:00,0.34,0.8300000000000001,1.43,1.51,1.51,6.261744118402699,67,5.298924109095663E-6,Low
CLEMENTI,2021-04-17T11:55:00+08:00,0.25,0.45,0.55,0.5700000000000001,0.5700000000000001,9.257495943549296,67,6.619417312547679E-7,Low
DOWNTOWN CORE,2021-04-17T11:55:00+08:00,4.62,11.2,13.990000000000002,14.190000000000001,14.190000000000001,22.63007314482121,67,6.32979580803298E-4,Low
GEYLANG,2021-04-17T11:55:00+08:00,4.53,13.77,15.470000000000002,15.670000000000002,15.670000000000002,25.443960732029183,67,7.822030869940095E-4,Low
HOUGANG,2021-04-17T11:55:00+08:00,0.36,0.91,1.2799999999999998,1.4,1.4,6.8384339791086,67,4.508706534216563E-6,Low
JURONG EAST,2021-04-17T11:55:00+08:00,0.44,0.8500000000000001,1.09,1.14,1.14,8.438053861816744,67,2.9077111170016976E-6,Low
JURONG WEST,2021-04-17T11:55:00+08:00,0.07,0.14,0.2,0.2,0.2,2.7175856282858555,67,7.074173884891557E-8,Low
KALLANG,2021-04-17T11:55:00+08:00,3.51,8.379999999999999,11.7,11.94,11.94,18.899464032511283,67,4.3791312205327277E-4,Low
LIM CHU KANG,2021-04-17T11:55:00+08:00,0.27,0.69,1.39,1.47,1.47,6.679550004850871,67,5.003723006224337E-6,Low
MANDAI,2021-04-17T11:55:00+08:00,0.32,0.79,1.5,1.6300000000000001,1.6300000000000001,9.46526688957214,67,6.238723419068411E-6,Low
MARINA EAST,2021-04-17T11:55:00+08:00,6.23,14.72,19.43,19.82,19.82,27.96952901093087,67,0.00129108135683548,Low
MARINA SOUTH,2021-04-17T11:55:00+08:00,7.4,16.09,19.689999999999998,19.78,19.78,27.535469793202907,67,0.0012855315985023448,Low
MARINE PARADE,2021-04-17T11:55:00+08:00,5.8,15.370000000000001,20.45,20.96,20.96,29.84723265523225,67,0.0014545856094438253,Low
MUSEUM,2021-04-17T11:55:00+08:00,6.49,16.450000000000003,17.47,17.5,17.5,29.13189386888677,67,9.900301962083814E-4,Low
NEWTON,2021-04-17T11:55:00+08:00,1.77,5.25,5.6899999999999995,5.720000000000001,5.720000000000001,13.161170194841256,67,9.102054739485037E-5,Low
NORTH-EASTERN ISLANDS,2021-04-17T11:55:00+08:00,1.46,3.2800000000000002,4.82,6.29,6.430000000000001,14.045052714224251,67,1.1148430807998087E-4,Low
NOVENA,2021-04-17T11:55:00+08:00,1.31,3.35,4.029999999999999,4.13,4.13,12.395424961942886,67,4.541051042487851E-5,Low
ORCHARD,2021-04-17T11:55:00+08:00,2.3,8.629999999999999,8.91,8.93,8.93,16.333087601717587,67,2.355729829859355E-4,Low
OUTRAM,2021-04-17T11:55:00+08:00,3.38,8.629999999999999,10.07,10.219999999999999,10.219999999999999,18.315790671466825,67,3.142010482174474E-4,Low
PASIR RIS,2021-04-17T11:55:00+08:00,0.7,1.55,2.44,3.3200000000000003,3.4000000000000004,10.358337441151187,67,2.8492440535111812E-5,Low
PAYA LEBAR,2021-04-17T11:55:00+08:00,1.53,3.5999999999999996,5.34,6.07,6.11,14.532657225504867,67,1.0332473429703733E-4,Low
PIONEER,2021-04-17T11:55:00+08:00,0.21,0.44,0.6,0.63,0.63,2.7013475836480034,67,8.196411918663129E-7,Low
PUNGGOL,2021-04-17T11:55:00+08:00,1.79,5.17,10.75,21.259999999999998,21.259999999999998,36.44792899872536,67,0.001499331591068862,Low
QUEENSTOWN,2021-04-17T11:55:00+08:00,1.05,1.4100000000000001,1.54,1.56,1.56,6.031780265948343,67,5.680601707352302E-6,Low
RIVER VALLEY,2021-04-17T11:55:00+08:00,3.05,12.670000000000002,12.850000000000001,12.86,12.86,20.215930592642536,67,5.130788463884973E-4,Low
ROCHOR,2021-04-17T11:55:00+08:00,4.2,10.41,12.71,12.83,12.83,21.547252950224603,67,5.105279797084076E-4,Low
SELETAR,2021-04-17T11:55:00+08:00,1.54,2.41,4.84,5.59,5.75,14.07649846292917,67,8.66610438878031E-5,Low
SEMBAWANG,2021-04-17T11:55:00+08:00,0.46,1.1,2.0900000000000003,2.3200000000000003,2.34,10.852468951179715,67,1.325580240263821E-5,Low
SENGKANG,2021-04-17T11:55:00+08:00,0.4,1.65,2.1799999999999997,2.7800000000000002,2.81,10.993509298835312,67,1.9504320436275413E-5,Low
SERANGOON,2021-04-17T11:55:00+08:00,0.75,1.8,2.57,2.8,2.84,12.10068506046938,67,1.9805134497829053E-5,Low
SIMPANG,2021-04-17T11:55:00+08:00,0.73,1.52,2.6099999999999994,3.04,3.0999999999999996,11.159709111823364,67,2.3606565986094208E-5,Low
SINGAPORE RIVER,2021-04-17T11:55:00+08:00,3.7,10.45,11.350000000000001,11.41,11.41,20.055608114454245,67,3.9746963322792454E-4,Low
SOUTHERN ISLANDS,2021-04-17T11:55:00+08:00,2.35,5.54,6.859999999999999,7.040000000000001,7.050000000000001,14.144830795844033,67,1.4179290830298587E-4,Low
STRAITS VIEW,2021-04-17T11:55:00+08:00,4.82,11.200000000000001,13.98,14.190000000000001,14.190000000000001,22.122894398516994,67,6.32979580803298E-4,Low
SUNGEI KADUT,2021-04-17T11:55:00+08:00,0.56,1.59,3.58,3.66,3.66,7.794605545034273,67,3.5085995053036516E-5,Low
TAMPINES,2021-04-17T11:55:00+08:00,0.52,1.11,1.5300000000000002,1.6400000000000001,1.65,6.995945088929194,67,6.320727568124258E-6,Low
TANGLIN,2021-04-17T11:55:00+08:00,0.35,0.73,0.8099999999999999,0.8200000000000001,0.8200000000000001,9.381374885268688,67,1.4389202400151151E-6,Low
TENGAH,2021-04-17T11:55:00+08:00,0.14,0.31000000000000005,0.45000000000000007,0.47000000000000003,0.47000000000000003,5.209075119250546,67,4.38476845594012E-7,Low
TOA PAYOH,2021-04-17T11:55:00+08:00,1.38,3.4699999999999998,4.279999999999999,4.34,4.34,18.61604993216905,67,5.0482840679216706E-5,Low
TUAS,2021-04-17T11:55:00+08:00,0.31,0.6699999999999999,0.8999999999999999,0.9700000000000001,0.9700000000000001,4.607166650627851,67,2.0597268567724703E-6,Low
WESTERN ISLANDS,2021-04-17T11:55:00+08:00,0.74,1.52,2.0,2.1100000000000003,2.12,7.2634034141852535,67,1.0825019708118913E-5,Low
WESTERN WATER CATCHMENT,2021-04-17T11:55:00+08:00,0.08,0.19,0.29000000000000004,0.3,0.3,1.92176058037857,67,1.6813188487789998E-7,Low
WOODLANDS,2021-04-17T11:55:00+08:00,0.06,0.19,0.5700000000000001,0.5800000000000001,0.5800000000000001,7.957459721148783,67,6.869838677972194E-7,Low
YISHUN,2021-04-17T11:55:00+08:00,0.05,0.11,0.19,0.21000000000000002,0.21000000000000002,7.838888444696805,67,7.850860018632035E-8,Low
ANG MO KIO,2021-04-17T12:00:00+08:00,0.44,0.98,1.4,1.5899999999999999,1.5999999999999999,16.41402331283946,67,5.916392790936538E-6,Low
BEDOK,2021-04-17T12:00:00+08:00,3.83,11.64,16.15,17.85,17.880000000000003,25.757373518811775,67,0.0010327428431879445,Low
BISHAN,2021-04-17T12:00:00+08:00,0.86,2.01,2.78,2.99,3.0,13.694071838623325,67,2.2785326616513552E-5,Low
BOON LAY,2021-04-17T12:00:00+08:00,0.34,0.6100000000000001,0.77,0.81,0.81,5.230151483737068,67,1.4017129520729698E-6,Low
BUKIT BATOK,2021-04-17T12:00:00+08:00,0.44,0.8400000000000001,1.14,1.19,1.2,5.5046328733062735,67,3.1867948811390554E-6,Low
BUKIT MERAH,2021-04-17T12:00:00+08:00,2.77,5.98,7.3100000000000005,7.4799999999999995,7.489999999999999,13.640761691781405,67,1.6138427246140984E-4,Low
BUKIT PANJANG,2021-04-17T12:00:00+08:00,0.87,1.75,2.54,2.71,2.7199999999999998,10.430008922890426,67,1.8470720603354993E-5,Low
BUKIT TIMAH,2021-04-17T12:00:00+08:00,1.77,3.02,3.6799999999999997,3.83,3.84,13.027240844667327,67,3.865731636672107E-5,Low
CENTRAL WATER CATCHMENT,2021-04-17T12:00:00+08:00,0.38,0.8200000000000001,1.2400000000000002,1.35,1.36,18.49929888311829,67,4.1718587951099715E-6,Low
CHANGI,2021-04-17T12:00:00+08:00,0.83,2.3000000000000003,3.12,3.6500000000000004,3.79,13.383421797145136,67,3.488164058739777E-5,Low
CHANGI BAY,2021-04-17T12:00:00+08:00,1.84,5.02,6.949999999999999,7.85,8.06,15.518960901990173,67,1.7890510470640528E-4,Low
CHOA CHU KANG,2021-04-17T12:00:00+08:00,0.51,1.11,1.8800000000000001,2.01,2.02,6.756691717625286,67,9.759045829584244E-6,Low
CLEMENTI,2021-04-17T12:00:00+08:00,0.71,1.08,1.24,1.2799999999999998,1.2799999999999998,9.94524215347058,67,3.7235562306416665E-6,Low
DOWNTOWN CORE,2021-04-17T12:00:00+08:00,3.88,12.34,17.5,18.06,18.07,26.455673456147107,67,0.0010588299172613555,Low
GEYLANG,2021-04-17T12:00:00+08:00,3.58,13.64,18.810000000000002,19.240000000000002,19.25,28.962796831515,67,0.0012118480204090136,Low
HOUGANG,2021-04-17T12:00:00+08:00,0.39,1.0699999999999998,1.56,1.7800000000000002,1.79,7.2119952925386865,67,7.528797003259835E-6,Low
JURONG EAST,2021-04-17T12:00:00+08:00,0.97,1.65,2.02,2.0999999999999996,2.11,9.387769901612083,67,1.0715776976708785E-5,Low
JURONG WEST,2021-04-17T12:00:00+08:00,0.12,0.23,0.31,0.32,0.32,2.831052913558073,67,1.9297209353871715E-7,Low
KALLANG,2021-04-17T12:00:00+08:00,3.63,9.73,15.009999999999998,15.559999999999999,15.57,22.484032232406324,67,7.705351055732762E-4,Low
LIM CHU KANG,2021-04-17T12:00:00+08:00,0.34,0.8200000000000001,1.6800000000000002,1.8,1.81,7.003493254241995,67,7.710563905169002E-6,Low
MANDAI,2021-04-17T12:00:00+08:00,0.51,1.07,1.9,2.12,2.14,9.952513645748539,67,1.0934851690250991E-5,Low
MARINA EAST,2021-04-17T12:00:00+08:00,4.5,15.88,23.130000000000003,24.310000000000002,24.32,32.40229397988087,67,0.0019952243829061715,Low
MARINA SOUTH,2021-04-17T12:00:00+08:00,4.97,18.25,23.93,24.75,24.75,32.43927818283296,67,0.002072960140698995,Low
MARINE PARADE,2021-04-17T12:00:00+08:00,4.11,15.54,23.81,25.060000000000002,25.07,33.88548387413741,67,0.0021286723729343304,Low
MUSEUM,2021-04-17T12:00:00+08:00,4.48,16.580000000000002,21.900000000000002,21.980000000000004,21.980000000000004,33.54186466717749,67,0.0016096552264242968,Low
NEWTON,2021-04-17T12:00:00+08:00,1.89,5.68,7.53,7.609999999999999,7.609999999999999,15.0195324905968,67,1.6743095100466867E-4,Low
NORTH-EASTERN ISLANDS,2021-04-17T12:00:00+08:00,1.58,4.16,5.92,7.48,8.010000000000002,15.591290273856707,67,1.6138427246140984E-4,Low
NOVENA,2021-04-17T12:00:00+08:00,1.75,4.24,5.67,5.87,5.88,14.11562800748332,67,9.619229133032594E-5,Low
ORCHARD,2021-04-17T12:00:00+08:00,2.93,9.0,11.809999999999999,11.86,11.86,19.223825029522867,67,4.3167502069356054E-4,Low
OUTRAM,2021-04-17T12:00:00+08:00,3.32,9.79,13.190000000000001,13.530000000000001,13.54,21.591761944561192,67,5.718108161407074E-4,Low
PASIR RIS,2021-04-17T12:00:00+08:00,0.73,1.94,2.86,3.84,4.13,11.06343737439604,67,3.887313039930121E-5,Low
PAYA LEBAR,2021-04-17T12:00:00+08:00,1.53,4.2700000000000005,6.33,7.52,7.640000000000001,16.027722648686858,67,1.6323220282833266E-4,Low
PIONEER,2021-04-17T12:00:00+08:00,0.37,0.71,0.94,0.99,1.0,3.0648539030217603,67,2.1514639036318545E-6,Low
PUNGGOL,2021-04-17T12:00:00+08:00,1.6,4.779999999999999,10.95,22.86,22.86,37.96031302074518,67,0.0017501379105947707,Low
QUEENSTOWN,2021-04-17T12:00:00+08:00,5.84,7.109999999999999,7.359999999999999,7.4,7.4,11.857280667713802,67,1.5772193302241854E-4,Low
RIVER VALLEY,2021-04-17T12:00:00+08:00,3.93,12.73,16.76,16.79,16.79,24.097334181863868,67,9.063163956396141E-4,Low
ROCHOR,2021-04-17T12:00:00+08:00,3.73,11.35,16.25,16.55,16.560000000000002,25.225456217409242,67,8.78904215652266E-4,Low
SELETAR,2021-04-17T12:00:00+08:00,3.49,5.48,7.07,9.040000000000001,9.24,17.532660431160366,67,2.41810467425653E-4,Low
SEMBAWANG,2021-04-17T12:00:00+08:00,0.71,1.5,2.63,3.0,3.05,11.536381057936442,67,2.2948338131364418E-5,Low
SENGKANG,2021-04-17T12:00:00+08:00,0.36,1.3900000000000001,2.3099999999999996,3.13,3.17,11.327082363338226,67,2.5123817110594268E-5,Low
SERANGOON,2021-04-17T12:00:00+08:00,0.93,2.2800000000000002,3.2600000000000002,3.71,3.7700000000000005,13.001596621566849,67,3.6117292304968506E-5,Low
SIMPANG,2021-04-17T12:00:00+08:00,1.21,2.37,3.46,4.2,4.31,12.34288265406109,67,4.7069582722421775E-5,Low
SINGAPORE RIVER,2021-04-17T12:00:00+08:00,3.54,11.18,14.79,14.94,14.950000000000001,23.547397097608908,67,7.065067929684948E-4,Low
SOUTHERN ISLANDS,2021-04-17T12:00:00+08:00,2.84,7.1,9.47,9.86,9.89,16.950828502227147,67,2.910485962198106E-4,Low
STRAITS VIEW,2021-04-17T12:00:00+08:00,3.85,12.66,17.34,18.03,18.04,25.91971390015326,67,0.0010550820680028158,Low
SUNGEI KADUT,2021-04-17T12:00:00+08:00,0.39,1.4700000000000002,3.9200000000000004,4.04,4.050000000000001,8.165868349079414,67,4.3323853776668896E-5,Low
TAMPINES,2021-04-17T12:00:00+08:00,0.48,1.3900000000000001,1.8900000000000001,2.1,2.13,7.4591277665819185,67,1.0715776976708785E-5,Low
TANGLIN,2021-04-17T12:00:00+08:00,1.54,2.12,2.34,2.3600000000000003,2.3600000000000003,10.89882330667556,67,1.374855042053127E-5,Low
TENGAH,2021-04-17T12:00:00+08:00,0.24,0.48,0.67,0.71,0.71,5.4365531948646275,67,1.0579714293305801E-6,Low
TOA PAYOH,2021-04-17T12:00:00+08:00,1.67,4.26,5.9,6.0,6.01,20.24129942190023,67,1.0079753220002922E-4,Low
TUAS,2021-04-17T12:00:00+08:00,0.51,1.03,1.3699999999999999,1.4700000000000002,1.48,5.106091634216725,67,5.003723006224337E-6,Low
WESTERN ISLANDS,2021-04-17T12:00:00+08:00,1.28,2.48,3.19,3.37,3.4,8.525943157564893,67,2.9416432340677698E-5,Low
WESTERN WATER CATCHMENT,2021-04-17T12:00:00+08:00,0.13,0.27,0.41000000000000003,0.43,0.43,2.047140923313843,67,3.6263409464481255E-7,Low
WOODLANDS,2021-04-17T12:00:00+08:00,0.07,0.18,0.6300000000000001,0.65,0.65,8.008331045395197,67,8.761999059860549E-7,Low
YISHUN,2021-04-17T12:00:00+08:00,0.1,0.18,0.26,0.31,0.31,7.920044798535629,67,1.8032460743025645E-7,Low
ANG MO KIO,2021-04-17T12:05:00+08:00,0.56,1.31,1.85,2.1399999999999997,2.16,16.934566181950235,67,1.1156284909849264E-5,Low
BEDOK,2021-04-17T12:05:00+08:00,2.69,11.92,17.21,20.52,20.57,28.385456215605593,67,0.0013902551688138305,Low
BISHAN,2021-04-17T12:05:00+08:00,1.39,2.88,4.02,4.369999999999999,4.39,15.051153109641117,67,5.123079408609864E-5,Low
BOON LAY,2021-04-17T12:05:00+08:00,0.59,1.1,1.33,1.4,1.4,5.807578894571628,67,4.508706534216563E-6,Low
BUKIT BATOK,2021-04-17T12:05:00+08:00,0.7,1.38,1.78,1.89,1.9,6.19140046735439,67,8.557113253571726E-6,Low
BUKIT MERAH,2021-04-17T12:05:00+08:00,4.96,9.55,12.100000000000001,12.44,12.45,18.567971113308158,67,4.7798008598048995E-4,Low
BUKIT PANJANG,2021-04-17T12:05:00+08:00,1.48,2.86,3.85,4.18,4.199999999999999,11.884936567417142,67,4.6592332426247015E-5,Low
BUKIT TIMAH,2021-04-17T12:05:00+08:00,4.68,7.199999999999999,8.25,8.5,8.52,17.67592508878367,67,2.120190452478806E-4,Low
CENTRAL WATER CATCHMENT,2021-04-17T12:05:00+08:00,0.64,1.27,1.79,1.99,2.0,19.09482902685708,67,9.552888313724248E-6,Low
CHANGI,2021-04-17T12:05:00+08:00,1.09,2.7300000000000004,3.9800000000000004,4.67,4.880000000000001,14.441249829582338,67,5.9032961810339164E-5,Low
CHANGI BAY,2021-04-17T12:05:00+08:00,1.93,5.53,8.4,9.69,9.99,17.411655382197498,67,2.804421761058077E-4,Low
CHOA CHU KANG,2021-04-17T12:05:00+08:00,0.79,1.6400000000000001,2.5,2.79,2.81,7.530449528589772,67,1.9654421524432027E-5,Low
CLEMENTI,2021-04-17T12:05:00+08:00,0.99,1.95,2.2,2.2699999999999996,2.2699999999999996,10.911335112893418,67,1.2653293734571721E-5,Low
DOWNTOWN CORE,2021-04-17T12:05:00+08:00,3.66,12.16,20.35,21.71,21.73,30.052077532684194,67,0.001567797921205248,Low
GEYLANG,2021-04-17T12:05:00+08:00,3.42,11.53,21.720000000000006,22.65,22.67,32.31317411661333,67,0.0017160484122654125,Low
HOUGANG,2021-04-17T12:05:00+08:00,0.4,1.15,1.8399999999999999,2.1700000000000004,2.19,7.594658614211467,67,1.1492863474433423E-5,Low
JURONG EAST,2021-04-17T12:05:00+08:00,1.35,2.76,3.3,3.45,3.46,10.715202950249457,67,3.0927470743345804E-5,Low
JURONG WEST,2021-04-17T12:05:00+08:00,0.18,0.37,0.47000000000000003,0.5,0.5,3.0042474385544398,67,5.004050163160088E-7,Low
KALLANG,2021-04-17T12:05:00+08:00,4.03,11.17,18.15,19.58,19.6,26.45998360667922,67,0.0012579726942125963,Low
LIM CHU KANG,2021-04-17T12:05:00+08:00,0.5,1.11,1.9800000000000002,2.29,2.31,7.486657787108335,67,1.2892509460611521E-5,Low
MANDAI,2021-04-17T12:05:00+08:00,1.15,1.98,2.83,3.26,3.29,11.078589125470204,67,2.7404318792055105E-5,Low
MARINA EAST,2021-04-17T12:05:00+08:00,3.64,14.370000000000001,25.32,27.950000000000003,27.96,35.964403170887365,67,0.002685790554898497,Low
MARINA SOUTH,2021-04-17T12:05:00+08:00,3.75,16.12,26.229999999999997,28.5,28.5,36.11129846873015,67,0.0027995751965239875,Low
MARINE PARADE,2021-04-17T12:05:00+08:00,3.43,13.34,25.59,28.48,28.5,37.23402767372975,67,0.00279539391879297,Low
MUSEUM,2021-04-17T12:05:00+08:00,3.18,14.15,24.95,25.160000000000004,25.160000000000004,36.641234481682005,67,0.0021468107123232996,Low
NEWTON,2021-04-17T12:05:00+08:00,2.01,5.67,9.44,9.62,9.62,16.993427530339257,67,2.7613557706532223E-4,Low
NORTH-EASTERN ISLANDS,2021-04-17T12:05:00+08:00,1.64,4.68,7.05,8.879999999999999,9.65,17.193810883865453,67,2.3276637701774512E-4,Low
NOVENA,2021-04-17T12:05:00+08:00,3.52,6.58,9.0,9.379999999999999,9.399999999999999,17.60169591348908,67,2.616385446263043E-4,Low
ORCHARD,2021-04-17T12:05:00+08:00,2.96,8.190000000000001,14.7,14.82,14.82,22.137613508683362,67,6.944541541604245E-4,Low
OUTRAM,2021-04-17T12:05:00+08:00,4.06,10.759999999999998,16.849999999999998,17.58,17.6,25.599858218037962,67,9.997087847801473E-4,Low
PASIR RIS,2021-04-17T12:05:00+08:00,0.69,2.12,3.2600000000000002,4.4,4.82,11.726842341097601,67,5.198459759425914E-5,Low
PAYA LEBAR,2021-04-17T12:05:00+08:00,1.44,4.5,7.1899999999999995,8.899999999999999,9.08,17.429194133261227,67,2.3388687481883417E-4,Low
PIONEER,2021-04-17T12:05:00+08:00,0.51,1.0899999999999999,1.4,1.5,1.51,3.567486401507778,67,5.224280263327532E-6,Low
PUNGGOL,2021-04-17T12:05:00+08:00,0.8,4.19,10.35,23.46,23.659999999999997,38.66906147254713,67,0.0018494936664417,Low
QUEENSTOWN,2021-04-17T12:05:00+08:00,7.96,14.85,15.280000000000001,15.36,15.36,19.788777340627,67,7.495587668765799E-4,Low
RIVER VALLEY,2021-04-17T12:05:00+08:00,2.92,9.9,19.64,19.71,19.71,26.959407392631675,67,0.0012758499905073948,Low
ROCHOR,2021-04-17T12:05:00+08:00,3.55,11.48,19.220000000000002,20.1,20.11,28.714817572712537,67,0.0013302844912898026,Low
SELETAR,2021-04-17T12:05:00+08:00,2.54,7.57,8.81,11.55,11.74,20.030514245287247,67,4.0795069187978715E-4,Low
SEMBAWANG,2021-04-17T12:05:00+08:00,1.4,2.57,3.71,4.38,4.45,12.908649130869243,67,5.1481411644321945E-5,Low
SENGKANG,2021-04-17T12:05:00+08:00,0.59,1.35,2.7199999999999998,3.71,3.75,11.889853562520472,67,3.6117292304968506E-5,Low
SERANGOON,2021-04-17T12:05:00+08:00,1.05,2.7300000000000004,4.0600000000000005,4.75,4.8100000000000005,14.020342510987831,67,6.121301377185465E-5,Low
SIMPANG,2021-04-17T12:05:00+08:00,1.28,3.2199999999999998,4.39,5.449999999999999,5.58,13.593212004327658,67,8.209316493105533E-5,Low
SINGAPORE RIVER,2021-04-17T12:05:00+08:00,3.76,11.0,18.339999999999996,18.7,18.71,27.25079228404963,67,0.0011404646623767404,Low
SOUTHERN ISLANDS,2021-04-17T12:05:00+08:00,3.95,9.14,13.02,13.8,13.840000000000002,20.860080962995248,67,5.96435757004296E-4,Low
STRAITS VIEW,2021-04-17T12:05:00+08:00,3.73,12.4,20.130000000000003,21.75,21.770000000000003,29.58740635224271,67,0.0015739621757311366,Low
SUNGEI KADUT,2021-04-17T12:05:00+08:00,0.65,1.6,4.17,4.68,4.700000000000001,8.796238686678375,67,5.930317089333848E-5,Low
TAMPINES,2021-04-17T12:05:00+08:00,0.41,1.41,2.15,2.5,2.54,7.851197014626957,67,1.5548686259985553E-5,Low
TANGLIN,2021-04-17T12:05:00+08:00,10.93,12.82,13.25,13.29,13.29,21.80262398372141,67,5.503840658574339E-4,Low
TENGAH,2021-04-17T12:05:00+08:00,0.36,0.74,0.99,1.07,1.07,5.783484443413044,67,2.5397494104121403E-6,Low
TOA PAYOH,2021-04-17T12:05:00+08:00,2.42,5.47,8.05,8.41,8.43,22.61264202782713,67,2.0725569589341244E-4,Low
TUAS,2021-04-17T12:05:00+08:00,0.68,1.5,1.98,2.14,2.16,5.773817268444009,67,1.1156284909849264E-5,Low
WESTERN ISLANDS,2021-04-17T12:05:00+08:00,1.69,3.71,4.73,5.050000000000001,5.09,10.1954479231723,67,6.976365695396767E-5,Low
WESTERN WATER CATCHMENT,2021-04-17T12:05:00+08:00,0.19,0.4,0.5700000000000001,0.62,0.62,2.2322198685656933,67,7.921131085826769E-7,Low
WOODLANDS,2021-04-17T12:05:00+08:00,0.2,0.33,0.7,0.8500000000000001,0.8500000000000001,8.189080081738089,67,1.5536573222597988E-6,Low
YISHUN,2021-04-17T12:05:00+08:00,0.1,0.25,0.34,0.41000000000000003,0.41000000000000003,8.001006063284175,67,3.275704621164339E-7,Low
ANG MO KIO,2021-04-17T12:10:00+08:00,1.25,2.25,2.9699999999999998,3.38,3.41,18.14385773517529,67,2.96031126906443E-5,Low
BEDOK,2021-04-17T12:10:00+08:00,1.77,8.29,17.46,22.27,22.34,30.087221350825462,67,0.0016552637553894313,Low
BISHAN,2021-04-17T12:10:00+08:00,2.14,4.390000000000001,5.92,6.5,6.529999999999999,17.154972137617253,67,1.1958114245488031E-4,Low
BOON LAY,2021-04-17T12:10:00+08:00,0.51,1.44,1.78,1.9100000000000001,1.9100000000000001,6.303618246641186,67,8.751610694075563E-6,Low
BUKIT BATOK,2021-04-17T12:10:00+08:00,0.87,2.01,2.53,2.76,2.77,7.046517163366579,67,1.9205952729760406E-5,Low
BUKIT MERAH,2021-04-17T12:10:00+08:00,6.48,14.21,18.26,18.91,18.93,25.003336178130986,67,0.001167952026110636,Low
BUKIT PANJANG,2021-04-17T12:10:00+08:00,1.96,4.3100000000000005,5.49,6.13,6.16,13.816366759222468,67,1.0551739887976472E-4,Low
BUKIT TIMAH,2021-04-17T12:10:00+08:00,6.6,13.049999999999999,14.65,15.09,15.12,24.233434513711153,67,7.217274277068048E-4,Low
CENTRAL WATER CATCHMENT,2021-04-17T12:10:00+08:00,0.9,1.92,2.52,2.88,2.9,19.948927595266525,67,2.103290140231533E-5,Low
CHANGI,2021-04-17T12:10:00+08:00,1.46,3.38,5.19,6.07,6.34,15.866534983997582,67,1.0332473429703733E-4,Low
CHANGI BAY,2021-04-17T12:10:00+08:00,2.2,5.970000000000001,9.989999999999998,11.8,12.18,19.569800076382496,67,4.2702762163739376E-4,Low
CHOA CHU KANG,2021-04-17T12:10:00+08:00,1.01,2.31,3.1399999999999997,3.79,3.8200000000000003,8.522347328596437,67,3.780044375239066E-5,Low
CLEMENTI,2021-04-17T12:10:00+08:00,1.1,2.8,3.25,3.3699999999999997,3.3699999999999997,11.985105713219735,67,2.9416432340677698E-5,Low
DOWNTOWN CORE,2021-04-17T12:10:00+08:00,3.64,11.18,22.38,25.340000000000003,25.37,33.61983633172448,67,0.002179664757553122,Low
GEYLANG,2021-04-17T12:10:00+08:00,3.84,10.84,24.610000000000003,26.479999999999997,26.509999999999998,36.07549753992855,67,0.002393874379699217,Low
HOUGANG,2021-04-17T12:10:00+08:00,0.47,1.26,2.17,2.63,2.66,8.046402064108635,67,1.7326026646840712E-5,Low
JURONG EAST,2021-04-17T12:10:00+08:00,1.54,3.8600000000000003,4.71,4.99,5.0,12.229445026232018,67,6.800596341218359E-5,Low
JURONG WEST,2021-04-17T12:10:00+08:00,0.21,0.51,0.65,0.71,0.71,3.2070256269274307,67,1.0579714293305801E-6,Low
KALLANG,2021-04-17T12:10:00+08:00,4.87,12.530000000000001,20.91,24.439999999999998,24.470000000000002,31.26637732218718,67,0.002018028314502858,Low
LIM CHU KANG,2021-04-17T12:10:00+08:00,0.62,1.46,2.15,2.9,2.9299999999999997,8.088660856642317,67,2.134598244385182E-5,Low
MANDAI,2021-04-17T12:10:00+08:00,1.31,2.9699999999999998,3.7600000000000002,4.56,4.6,12.361957669375604,67,5.610390556307647E-5,Low
MARINA EAST,2021-04-17T12:10:00+08:00,2.77,10.91,25.63,30.71,30.73,38.64794952474465,67,0.0032819671661901287,Moderate
MARINA SOUTH,2021-04-17T12:10:00+08:00,1.98,10.7,26.79,30.48,30.48,38.00449170581139,67,0.003229877882492936,Moderate
MARINE PARADE,2021-04-17T12:10:00+08:00,3.01,10.55,25.92,31.479999999999997,31.51,40.15452201899449,67,0.0034595512496723075,Moderate
MUSEUM,2021-04-17T12:10:00+08:00,2.04,9.7,26.150000000000002,27.200000000000003,27.200000000000003,38.59315382300793,67,0.0025346388514010222,Low
NEWTON,2021-04-17T12:10:00+08:00,4.57,8.469999999999999,13.719999999999999,14.19,14.19,21.522577588704493,67,6.32979580803298E-4,Low
NORTH-EASTERN ISLANDS,2021-04-17T12:10:00+08:00,1.93,5.1499999999999995,8.43,10.59,11.57,19.082479247276478,67,3.389797790641304E-4,Low
NOVENA,2021-04-17T12:10:00+08:00,5.8,11.07,14.419999999999998,15.17,15.2,23.35938377549013,67,7.29915514042853E-4,Low
ORCHARD,2021-04-17T12:10:00+08:00,4.23,10.120000000000001,18.75,19.05,19.05,26.314397627534714,67,0.001186469768444273,Low
OUTRAM,2021-04-17T12:10:00+08:00,4.76,12.139999999999999,20.769999999999996,22.33,22.36,30.298319560683638,67,0.0016647842334527772,Low
PASIR RIS,2021-04-17T12:10:00+08:00,0.79,2.21,3.7600000000000002,5.07,5.609999999999999,12.488652570414867,67,7.035485505369272E-5,Low
PAYA LEBAR,2021-04-17T12:10:00+08:00,1.54,4.51,8.11,10.370000000000001,10.61,18.92729666661928,67,3.241260994178936E-4,Low
PIONEER,2021-04-17T12:10:00+08:00,0.58,1.46,1.9,2.08,2.09,4.138910638259062,67,1.0499057753591508E-5,Low
PUNGGOL,2021-04-17T12:10:00+08:00,0.41,2.8100000000000005,7.9799999999999995,23.47,24.07,38.986106187252,67,0.0018511741941032208,Low
QUEENSTOWN,2021-04-17T12:10:00+08:00,8.24,22.04,23.450000000000003,23.6,23.6,27.981207749504506,67,0.0018730945329236118,Low
RIVER VALLEY,2021-04-17T12:10:00+08:00,2.74,9.59,22.260000000000005,22.450000000000003,22.450000000000003,29.634600559723445,67,0.0016839118968393558,Low
ROCHOR,2021-04-17T12:10:00+08:00,3.92,11.2,21.61,24.020000000000003,24.03,32.56579096699665,67,0.0019448475347202776,Low
SELETAR,2021-04-17T12:10:00+08:00,2.63,8.66,11.07,14.139999999999999,14.3,22.612363550768823,67,6.282299964740266E-4,Low
SEMBAWANG,2021-04-17T12:10:00+08:00,1.6,3.71,4.8100000000000005,5.96,6.04,14.477618453706663,67,9.936834180254913E-5,Low
SENGKANG,2021-04-17T12:10:00+08:00,0.72,1.67,3.3199999999999994,4.25,4.46,12.58127193452296,67,4.8274026729405614E-5,Low
SERANGOON,2021-04-17T12:10:00+08:00,1.36,3.34,5.140000000000001,6.09,6.16,15.346639470665286,67,1.0405290363227113E-4,Low
SIMPANG,2021-04-17T12:10:00+08:00,2.32,4.8100000000000005,6.33,7.7299999999999995,7.88,15.880535728984476,67,1.7311751357526614E-4,Low
SINGAPORE RIVER,2021-04-17T12:10:00+08:00,4.19,11.49,21.94,22.89,22.900000000000002,31.37528500058271,67,0.00175503680714576,Low
SOUTHERN ISLANDS,2021-04-17T12:10:00+08:00,4.75,11.54,17.08,18.54,18.590000000000003,25.559936100323284,67,0.0011197546284762024,Low
STRAITS VIEW,2021-04-17T12:10:00+08:00,3.45,11.030000000000001,22.23,25.190000000000005,25.220000000000002,32.96628215905359,67,0.0021522680764733252,Low
SUNGEI KADUT,2021-04-17T12:10:00+08:00,0.79,1.83,3.42,5.46,5.49,9.565093697751642,67,8.24150843995891E-5,Low
TAMPINES,2021-04-17T12:10:00+08:00,0.42,1.3099999999999998,2.42,2.91,2.96,8.252323780299276,67,2.1503445448133848E-5,Low
TANGLIN,2021-04-17T12:10:00+08:00,14.61,27.08,27.81,27.9,27.9,36.360213372876146,67,0.0026755699610455596,Low
TENGAH,2021-04-17T12:10:00+08:00,0.44,1.04,1.35,1.51,1.51,6.20958171534143,67,5.298924109095663E-6,Low
TOA PAYOH,2021-04-17T12:10:00+08:00,3.28,7.369999999999999,10.84,11.68,11.71,25.83828424124197,67,4.178129165791991E-4,Low
TUAS,2021-04-17T12:10:00+08:00,0.8,1.99,2.66,2.93,2.96,6.559937778976411,67,2.182021785164958E-5,Low
WESTERN ISLANDS,2021-04-17T12:10:00+08:00,1.92,4.89,6.41,6.959999999999999,7.01,12.090939421173022,67,1.3837528964478829E-4,Low
WESTERN WATER CATCHMENT,2021-04-17T12:10:00+08:00,0.23,0.55,0.74,0.85,0.85,2.4568539086271186,67,1.5536573222597988E-6,Low
WOODLANDS,2021-04-17T12:10:00+08:00,0.2,0.47000000000000003,0.66,1.05,1.05,8.369394621416198,67,2.4394661143163166E-6,Low
YISHUN,2021-04-17T12:10:00+08:00,3.87,4.07,4.18,4.28,4.28,11.85177270791069,67,4.900446246760309E-5,Low
ANG MO KIO,2021-04-17T12:15:00+08:00,3.29,5.1,6.08,6.66,6.7,21.390242312201426,67,1.2595301454487655E-4,Low
BEDOK,2021-04-17T12:15:00+08:00,2.12,6.58,18.220000000000002,24.369999999999997,24.46,32.13489566879697,67,0.0020057322494874516,Low
BISHAN,2021-04-17T12:15:00+08:00,3.28,6.8100000000000005,8.819999999999999,9.77,9.809999999999999,20.393733864213225,67,2.854073791321777E-4,Low
BOON LAY,2021-04-17T12:15:00+08:00,0.48,1.58,2.1900000000000004,2.39,2.39,6.7684651860238745,67,1.412439156658327E-5,Low
BUKIT BATOK,2021-04-17T12:15:00+08:00,0.85,2.42,3.2600000000000002,3.61,3.62,7.879578272472556,67,3.4070564884276275E-5,Low
BUKIT MERAH,2021-04-17T12:15:00+08:00,6.76,18.200000000000003,24.18,25.66,25.689999999999998,31.70323148049259,67,0.002238723408985241,Low
BUKIT PANJANG,2021-04-17T12:15:00+08:00,2.01,5.449999999999999,7.199999999999999,8.129999999999999,8.17,15.793154049502132,67,1.9280353102514073E-4,Low
BUKIT TIMAH,2021-04-17T12:15:00+08:00,5.77,17.049999999999997,20.07,20.85,20.89,29.9451805573667,67,0.0014383585123177334,Low
CENTRAL WATER CATCHMENT,2021-04-17T12:15:00+08:00,1.15,2.69,3.51,4.02,4.05,21.05097302421322,67,4.2867232767102076E-5,Low
CHANGI,2021-04-17T12:15:00+08:00,1.97,4.52,6.82,7.99,8.31,17.79839394229866,67,1.8578525940034086E-4,Low
CHANGI BAY,2021-04-17T12:15:00+08:00,2.39,6.52,11.54,14.120000000000001,14.57,21.912756877504755,67,6.263354778889863E-4,Low
CHOA CHU KANG,2021-04-17T12:15:00+08:00,1.06,2.8600000000000003,3.97,4.84,4.88,9.561860738098858,67,6.371586316938713E-5,Low
CLEMENTI,2021-04-17T12:15:00+08:00,0.94,3.03,4.11,4.31,4.31,12.89629511170939,67,4.974073195641178E-5,Low
DOWNTOWN CORE,2021-04-17T12:15:00+08:00,4.45,11.75,24.09,29.78,29.82,37.98901871270858,67,0.003074044490311654,Moderate
GEYLANG,2021-04-17T12:15:00+08:00,2.46,9.719999999999999,23.360000000000003,28.93,28.97,38.44877683768528,67,0.0028902704868553827,Low
HOUGANG,2021-04-17T12:15:00+08:00,0.49,1.3599999999999999,2.4299999999999997,3.1,3.15,8.517059582781554,67,2.4612483417613083E-5,Low
JURONG EAST,2021-04-17T12:15:00+08:00,1.4,4.29,5.9399999999999995,6.379999999999999,6.4,13.600047065481885,67,1.1491744400727208E-4,Low
JURONG WEST,2021-04-17T12:15:00+08:00,0.2,0.5900000000000001,0.8200000000000001,0.91,0.91,3.3993163634814727,67,1.797224731389398E-6,Low
KALLANG,2021-04-17T12:15:00+08:00,4.63,13.530000000000001,23.26,29.06,29.1,35.82121710589405,67,0.0029179903563345336,Low
LIM CHU KANG,2021-04-17T12:15:00+08:00,0.68,1.8000000000000003,2.62,3.57,3.61,8.749216790793486,67,3.326962532458408E-5,Low
MANDAI,2021-04-17T12:15:00+08:00,1.34,3.8,4.87,5.89,5.94,13.672241165840113,67,9.68933424463395E-5,Low
MARINA EAST,2021-04-17T12:15:00+08:00,2.56,8.97,24.849999999999998,33.26,33.29,41.11504498976661,67,0.0038889744975066217,Moderate
MARINA SOUTH,2021-04-17T12:15:00+08:00,1.74,7.470000000000001,25.72,32.22,32.22,39.653133957925064,67,0.003634865660333263,Moderate
MARINE PARADE,2021-04-17T12:15:00+08:00,2.25,8.69,24.229999999999997,33.72,33.760000000000005,42.307995883939086,67,0.004004252498066384,Moderate
MUSEUM,2021-04-17T12:15:00+08:00,5.62,10.84,27.42,32.82,32.82,44.120381009615414,67,0.0037803644606941985,Moderate
NEWTON,2021-04-17T12:15:00+08:00,8.22,14.8,20.48,22.41,22.41,29.69084017217928,67,0.0016775231604546329,Low
NORTH-EASTERN ISLANDS,2021-04-17T12:15:00+08:00,2.18,5.75,9.91,12.61,13.75,21.21660750291495,67,4.92027698254961E-4,Low
NOVENA,2021-04-17T12:15:00+08:00,6.47,15.79,20.029999999999998,21.630000000000003,21.67,29.773230920973333,67,0.0015555078172716284,Low
ORCHARD,2021-04-17T12:15:00+08:00,7.68,14.870000000000001,23.87,26.729999999999997,26.729999999999997,33.93114131239054,67,0.0024422697435619784,Low
OUTRAM,2021-04-17T12:15:00+08:00,5.93,14.75,24.54,28.25,28.29,36.155486426610146,67,0.0027475461139555924,Low
PASIR RIS,2021-04-17T12:15:00+08:00,0.92,2.4,4.34,5.89,6.529999999999999,13.378631509172955,67,9.68933424463395E-5,Low
PAYA LEBAR,2021-04-17T12:15:00+08:00,1.59,4.57,8.840000000000002,11.870000000000001,12.2,20.47179796056043,67,4.32452184620223E-4,Low
PIONEER,2021-04-17T12:15:00+08:00,0.56,1.65,2.36,2.6399999999999997,2.65,4.688961247078117,67,1.746698553725628E-5,Low
PUNGGOL,2021-04-17T12:15:00+08:00,0.21,1.42,6.199999999999999,22.29,24.28,39.102388768592775,67,0.0016584340375756306,Low
QUEENSTOWN,2021-04-17T12:15:00+08:00,5.66,21.86,28.970000000000002,29.259999999999998,29.259999999999998,33.573944644318885,67,0.0029609088535118523,Low
RIVER VALLEY,2021-04-17T12:15:00+08:00,6.91,12.57,25.3,29.36,29.36,36.47336291793088,67,0.002982492045975417,Low
ROCHOR,2021-04-17T12:15:00+08:00,5.35,12.82,24.17,29.36,29.380000000000003,37.83750713297219,67,0.002982492045975417,Low
SELETAR,2021-04-17T12:15:00+08:00,2.91,8.08,13.559999999999999,16.97,17.17,25.468006433605506,67,9.271687462458903E-4,Low
SEMBAWANG,2021-04-17T12:15:00+08:00,1.64,4.64,6.14,7.569999999999999,7.68,16.082816182782306,67,1.655578447211661E-4,Low
SENGKANG,2021-04-17T12:15:00+08:00,0.55,1.86,3.25,4.6,5.0,13.101028228637329,67,5.715985112953173E-5,Low
SERANGOON,2021-04-17T12:15:00+08:00,1.8,4.21,6.49,7.86,7.95,17.10974818869482,67,1.7939197079748913E-4,Low
SIMPANG,2021-04-17T12:15:00+08:00,3.43,7.029999999999999,9.4,11.11,11.3,19.27236103135508,67,3.7549735323921124E-4,Low
SINGAPORE RIVER,2021-04-17T12:15:00+08:00,6.55,14.5,25.68,29.44,29.450000000000003,37.84986298470277,67,0.002999818118344989,Low
SOUTHERN ISLANDS,2021-04-17T12:15:00+08:00,4.9,13.6,20.700000000000003,23.43,23.490000000000002,30.398493410434952,67,0.0018444569269294876,Low
STRAITS VIEW,2021-04-17T12:15:00+08:00,3.65,10.83,23.49,28.830000000000005,28.870000000000005,36.53703559742215,67,0.0028690424413418676,Low
SUNGEI KADUT,2021-04-17T12:15:00+08:00,0.96,2.4,3.87,6.41,6.450000000000001,10.502100483546528,67,1.1607412690965734E-4,Low
TAMPINES,2021-04-17T12:15:00+08:00,0.54,1.37,2.7600000000000002,3.44,3.5,8.772486290530097,67,3.0736389753779345E-5,Low
TANGLIN,2021-04-17T12:15:00+08:00,11.77,37.31,39.43,39.669999999999995,39.669999999999995,48.04280825160454,67,0.005655688047296631,Moderate
TENGAH,2021-04-17T12:15:00+08:00,0.44,1.24,1.72,1.9500000000000002,1.9500000000000002,6.634654706049448,67,9.147585430688592E-6,Low
TOA PAYOH,2021-04-17T12:15:00+08:00,3.62,9.32,13.579999999999998,15.299999999999999,15.330000000000002,29.396172439410776,67,7.433257326279869E-4,Low
TUAS,2021-04-17T12:15:00+08:00,0.78,2.26,3.29,3.6999999999999997,3.74,7.324168560264033,67,3.59097620899394E-5,Low
WESTERN ISLANDS,2021-04-17T12:15:00+08:00,1.84,5.45,7.93,8.79,8.85,13.901874409492326,67,2.2775949798805085E-4,Low
WESTERN WATER CATCHMENT,2021-04-17T12:15:00+08:00,0.23,0.65,0.92,1.08,1.08,2.6809479583064206,67,2.5906971497546866E-6,Low
WOODLANDS,2021-04-17T12:15:00+08:00,0.18,0.5800000000000001,0.76,1.23,1.23,8.52927570890177,67,3.4198751739888183E-6,Low
YISHUN,2021-04-17T12:15:00+08:00,8.02,11.99,12.17,12.3,12.3,19.84328262122734,67,4.6657354907230256E-4,Low
ANG MO KIO,2021-04-17T12:20:00+08:00,4.48,9.02,10.33,11.110000000000001,11.18,25.81882301209573,67,3.754973532392116E-4,Low
BEDOK,2021-04-17T12:20:00+08:00,1.51,5.4,17.32,25.839999999999996,25.97,33.56764764981045,67,0.002272310698011167,Low
BISHAN,2021-04-17T12:20:00+08:00,4.0,9.42,12.299999999999999,13.739999999999998,13.809999999999999,24.344710037996844,67,5.909159130034965E-4,Low
BOON LAY,2021-04-17T12:20:00+08:00,0.56,1.55,2.65,2.9400000000000004,2.95,7.312194695134831,67,2.197952781950032E-5,Low
BUKIT BATOK,2021-04-17T12:20:00+08:00,1.49,3.21,4.59,5.09,5.109999999999999,9.350636813372418,67,7.094870562893203E-5,Low
BUKIT MERAH,2021-04-17T12:20:00+08:00,5.69,18.93,28.48,31.330000000000002,31.380000000000003,37.31702112485366,67,0.0034245703382764004,Moderate
BUKIT PANJANG,2021-04-17T12:20:00+08:00,2.24,6.21,9.07,10.34,10.41,17.995189405818614,67,3.2212797061111027E-4,Low
BUKIT TIMAH,2021-04-17T12:20:00+08:00,5.09,17.46,24.66,25.92,25.979999999999997,34.96319632253079,67,0.0022873232215543785,Low
CENTRAL WATER CATCHMENT,2021-04-17T12:20:00+08:00,2.59,4.64,5.91,6.59,6.640000000000001,23.59036928239252,67,1.2314368850835795E-4,Low
CHANGI,2021-04-17T12:20:00+08:00,1.29,4.72,7.45,9.209999999999999,9.6,19.045608968376396,67,2.5162074559277245E-4,Low
CHANGI BAY,2021-04-17T12:20:00+08:00,2.12,6.71,12.240000000000002,16.12,16.689999999999998,23.9800815218177,67,8.309057612366598E-4,Low
CHOA CHU KANG,2021-04-17T12:20:00+08:00,1.26,3.33,4.970000000000001,6.08,6.14,10.798875295499139,67,1.0368847923169046E-4,Low
CLEMENTI,2021-04-17T12:20:00+08:00,0.77,2.81,4.76,5.07,5.08,13.635294131967223,67,7.035485505369272E-5,Low
DOWNTOWN CORE,2021-04-17T12:20:00+08:00,4.12,12.21,24.37,33.870000000000005,33.94,42.01769815984156,67,0.004042226104836924,Moderate
GEYLANG,2021-04-17T12:20:00+08:00,2.07,8.37,19.9,30.96,31.04,40.42635108738015,67,0.0033390841142337266,Moderate
HOUGANG,2021-04-17T12:20:00+08:00,0.52,1.48,2.63,3.58,3.67,9.016585703322258,67,3.346891077985789E-5,Low
JURONG EAST,2021-04-17T12:20:00+08:00,1.25,4.1899999999999995,6.949999999999999,7.619999999999999,7.6499999999999995,14.817354359559957,67,1.6790097759497835E-4,Low
JURONG WEST,2021-04-17T12:20:00+08:00,0.19,0.6000000000000001,0.97,1.1,1.1,3.581144858657128,67,2.694208191062886E-6,Low
KALLANG,2021-04-17T12:20:00+08:00,4.4,13.9,25.07,33.42,33.5,40.13510766002449,67,0.003928870376400565,Moderate
LIM CHU KANG,2021-04-17T12:20:00+08:00,0.72,2.02,3.13,4.27,4.33,9.44818483625602,67,4.87603359654437E-5,Low
MANDAI,2021-04-17T12:20:00+08:00,1.34,3.99,5.97,7.1899999999999995,7.28,14.979374914894336,67,1.4832052210935045E-4,Low
MARINA EAST,2021-04-17T12:20:00+08:00,2.39,7.720000000000001,22.09,35.59,35.68,43.40620988512724,67,0.0044911442361178075,Moderate
MARINA SOUTH,2021-04-17T12:20:00+08:00,1.66,5.38,21.5,33.86,33.879999999999995,41.217813093142205,67,0.0040396886686605085,Moderate
MARINE PARADE,2021-04-17T12:20:00+08:00,1.93,7.1899999999999995,20.53,35.57,35.69,44.13629308387375,67,0.004485781475473523,Moderate
MUSEUM,2021-04-17T12:20:00+08:00,4.89,12.55,26.700000000000003,37.7,37.71,48.904321476544254,67,0.005075842726914158,Moderate
NEWTON,2021-04-17T12:20:00+08:00,8.02,20.810000000000002,26.48,30.42,30.43,37.63946733783169,67,0.003216361566940783,Moderate
NORTH-EASTERN ISLANDS,2021-04-17T12:20:00+08:00,1.92,6.03,10.709999999999999,14.33,15.67,23.085605597817555,67,6.463794681381936E-4,Low
NOVENA,2021-04-17T12:20:00+08:00,6.2,18.47,25.049999999999997,27.81,27.87,35.901660030214025,67,0.002657224703953093,Low
ORCHARD,2021-04-17T12:20:00+08:00,7.93,19.84,28.03,34.65,34.66,41.77957535756845,67,0.004242728404533461,Moderate
OUTRAM,2021-04-17T12:20:00+08:00,5.4,16.09,26.849999999999994,33.62,33.69,41.4685734417125,67,0.003979041424623022,Moderate
PASIR RIS,2021-04-17T12:20:00+08:00,0.83,2.54,4.66,6.56,7.359999999999999,14.176471056825893,67,1.2194999677079774E-4,Low
PAYA LEBAR,2021-04-17T12:20:00+08:00,1.56,4.6899999999999995,9.19,13.18,13.76,21.982586478629866,67,5.407085316795593E-4,Low
PIONEER,2021-04-17T12:20:00+08:00,0.51,1.6500000000000001,2.74,3.1399999999999997,3.16,5.187689607326287,67,2.5295504210371586E-5,Low
PUNGGOL,2021-04-17T12:20:00+08:00,0.61,1.23,5.420000000000001,16.759999999999998,24.89,39.618391822060055,67,9.028654511529772E-4,Low
QUEENSTOWN,2021-04-17T12:20:00+08:00,4.17,18.07,32.92,33.42,33.43,37.663237342821255,67,0.003928870376400565,Moderate
RIVER VALLEY,2021-04-17T12:20:00+08:00,7.83,17.48,27.380000000000003,37.19,37.19,44.21568580018868,67,0.004931077127716631,Moderate
ROCHOR,2021-04-17T12:20:00+08:00,4.99,14.26,25.740000000000002,34.33,34.370000000000005,42.73655079380946,67,0.00415985394961758,Moderate
SELETAR,2021-04-17T12:20:00+08:00,3.26,8.8,16.369999999999997,19.96,20.43,28.666784730420012,67,0.0013106052780113722,Low
SEMBAWANG,2021-04-17T12:20:00+08:00,1.63,4.87,7.4399999999999995,9.129999999999999,9.31,17.674155229821736,67,2.469783246927181E-4,Low
SENGKANG,2021-04-17T12:20:00+08:00,0.58,1.85,3.2,5.05,5.58,13.649535097687744,67,6.976365695396767E-5,Low
SERANGOON,2021-04-17T12:20:00+08:00,2.21,5.37,8.100000000000001,9.99,10.16,19.278618627654478,67,2.9930064982404344E-4,Low
SIMPANG,2021-04-17T12:20:00+08:00,3.31,9.06,12.28,14.28,14.61,22.536032836416805,67,6.415766918268606E-4,Low
SINGAPORE RIVER,2021-04-17T12:20:00+08:00,6.23,16.97,27.970000000000002,35.66,35.68000000000001,43.98887694371436,67,0.0045099403913871055,Moderate
SOUTHERN ISLANDS,2021-04-17T12:20:00+08:00,4.23,13.88,23.02,27.62,27.720000000000002,34.55541947173812,67,0.0026187145005711916,Low
STRAITS VIEW,2021-04-17T12:20:00+08:00,3.32,10.42,22.82,32.11,32.190000000000005,39.76920541901951,67,0.003608516681333243,Moderate
SUNGEI KADUT,2021-04-17T12:20:00+08:00,1.25,3.0,4.6,7.640000000000001,7.7,11.726854829541214,67,1.6884313165577895E-4,Low
TAMPINES,2021-04-17T12:20:00+08:00,0.62,1.58,2.99,4.03,4.12,9.371398399207399,67,4.30952217883794E-5,Low
TANGLIN,2021-04-17T12:20:00+08:00,9.36,35.739999999999995,48.56,49.029999999999994,49.029999999999994,57.28731972466997,67,0.008861607559110451,High
TENGAH,2021-04-17T12:20:00+08:00,0.48,1.3599999999999999,2.0999999999999996,2.42,2.43,7.098705877773041,67,1.450562589863404E-5,Low
TOA PAYOH,2021-04-17T12:20:00+08:00,4.01,10.91,16.380000000000003,19.299999999999997,19.34,33.33550794713625,67,0.001219921351748752,Low
TUAS,2021-04-17T12:20:00+08:00,0.7,2.2800000000000002,3.7800000000000002,4.39,4.44,8.006562232307191,67,5.173267941389777E-5,Low
WESTERN ISLANDS,2021-04-17T12:20:00+08:00,1.62,5.38,9.09,10.379999999999999,10.469999999999999,15.488456150743307,67,3.247936009595051E-4,Low
WESTERN WATER CATCHMENT,2021-04-17T12:20:00+08:00,0.23,0.6900000000000001,1.09,1.31,1.31,2.9045033156687223,67,3.912369666015499E-6,Low
WOODLANDS,2021-04-17T12:20:00+08:00,0.68,1.06,1.3900000000000001,1.9,1.9100000000000001,9.188772463498603,67,8.654071488572497E-6,Low
YISHUN,2021-04-17T12:20:00+08:00,6.91,18.8,19.05,19.200000000000003,19.21,26.70558200665314,67,0.0012064815768576247,Low
ANG MO KIO,2021-04-17T12:25:00+08:00,5.26,13.030000000000001,15.28,16.340000000000003,16.44,31.016757992473323,67,8.552845047558439E-4,Low
BEDOK,2021-04-17T12:25:00+08:00,1.74,5.37,13.66,27.52,27.71,35.22695548545085,67,0.0025985651179227724,Low
BISHAN,2021-04-17T12:25:00+08:00,6.32,13.6,17.990000000000002,20.02,20.130000000000003,30.606188590078705,67,0.001319020203651736,Low
BOON LAY,2021-04-17T12:25:00+08:00,0.57,1.6099999999999999,3.05,3.5,3.52,7.86461715075863,67,3.189232538337986E-5,Low
BUKIT BATOK,2021-04-17T12:25:00+08:00,2.88,5.22,7.2299999999999995,7.96,7.989999999999999,12.208159125019542,67,1.8429932430939668E-4,Low
BUKIT MERAH,2021-04-17T12:25:00+08:00,3.48,15.93,30.14,34.77,34.86,40.70731596489037,67,0.004274027837478843,Moderate
BUKIT PANJANG,2021-04-17T12:25:00+08:00,3.42,7.67,11.98,13.73,13.83,21.371931361752942,67,5.899985870347739E-4,Low
BUKIT TIMAH,2021-04-17T12:25:00+08:00,3.97,14.83,27.88,29.86,29.95,38.84914944460753,67,0.003091648551653943,Moderate
CENTRAL WATER CATCHMENT,2021-04-17T12:25:00+08:00,10.42,14.16,16.08,16.990000000000002,17.060000000000002,33.95366116941132,67,9.295012049070974E-4,Low
CHANGI,2021-04-17T12:25:00+08:00,0.94,4.199999999999999,7.58,10.07,10.54,19.93982585526589,67,3.0443979030609166E-4,Low
CHANGI BAY,2021-04-17T12:25:00+08:00,1.95,6.46,12.43,17.92,18.64,25.872436592399296,67,0.0010414002072493525,Low
CHOA CHU KANG,2021-04-17T12:25:00+08:00,1.89,4.21,6.52,7.949999999999999,8.03,12.662916234282404,67,1.838054214256859E-4,Low
CLEMENTI,2021-04-17T12:25:00+08:00,0.85,2.56,5.359999999999999,5.91,5.93,14.45251669678122,67,9.759709989823805E-5,Low
DOWNTOWN CORE,2021-04-17T12:25:00+08:00,2.63,11.2,22.38,36.370000000000005,36.57,44.54669319692915,67,0.004702917337260253,Moderate
GEYLANG,2021-04-17T12:25:00+08:00,1.95,6.4799999999999995,17.32,32.79,32.989999999999995,42.27917151136597,67,0.0037730181420502296,Moderate
HOUGANG,2021-04-17T12:25:00+08:00,0.95,1.96,3.2199999999999998,4.5,4.619999999999999,9.944911029448022,67,5.4539595584346985E-5,Low
JURONG EAST,2021-04-17T12:25:00+08:00,1.36,4.01,7.87,8.96,9.01,16.141735408663266,67,2.3726552745597266E-4,Low
JURONG WEST,2021-04-17T12:25:00+08:00,0.22,0.61,1.1199999999999999,1.32,1.32,3.79253626229241,67,3.976411753883416E-6,Low
KALLANG,2021-04-17T12:25:00+08:00,3.04,12.07,24.6,36.3,36.540000000000006,43.07862819450819,67,0.004683702839065312,Moderate
LIM CHU KANG,2021-04-17T12:25:00+08:00,0.92,2.32,3.7800000000000002,5.17,5.25,10.345472655418666,67,7.335066065741737E-5,Low
MANDAI,2021-04-17T12:25:00+08:00,1.79,4.470000000000001,7.4399999999999995,8.94,9.07,16.733366488112498,67,2.361364491900403E-4,Low
MARINA EAST,2021-04-17T12:25:00+08:00,1.68,6.63,17.540000000000003,36.97,37.36,44.98186712453771,67,0.004869306968778412,Moderate
MARINA SOUTH,2021-04-17T12:25:00+08:00,1.23,4.63,15.33,35.019999999999996,35.11,42.34873094763851,67,0.004339623267574079,Moderate
MARINE PARADE,2021-04-17T12:25:00+08:00,1.58,5.76,16.310000000000002,36.76,37.27,45.61019530029053,67,0.004810725380723636,Moderate
MUSEUM,2021-04-17T12:25:00+08:00,2.28,12.79,22.490000000000002,39.96,39.99,51.06676198629793,67,0.0057438210901134,Moderate
NEWTON,2021-04-17T12:25:00+08:00,4.98,21.220000000000002,29.689999999999998,35.379999999999995,35.410000000000004,42.52898706002023,67,0.004435003003409939,Moderate
NORTH-EASTERN ISLANDS,2021-04-17T12:25:00+08:00,1.82,5.92,11.07,15.89,17.490000000000002,24.85011086965925,67,8.058183390054209E-4,Low
NOVENA,2021-04-17T12:25:00+08:00,4.86,17.53,28.599999999999998,32.629999999999995,32.730000000000004,40.675357210243945,67,0.0037339647185594214,Moderate
ORCHARD,2021-04-17T12:25:00+08:00,4.86,20.47,30.59,39.5,39.519999999999996,46.539142810230075,67,0.005604355302483021,Moderate
OUTRAM,2021-04-17T12:25:00+08:00,3.38,14.71,26.849999999999998,36.92,37.07,44.74888850165279,67,0.004855325238102415,Moderate
PASIR RIS,2021-04-17T12:25:00+08:00,0.81,2.56,4.77,7.21,8.17,14.95239270422608,67,1.4920267365224114E-4,Low
PAYA LEBAR,2021-04-17T12:25:00+08:00,1.84,4.99,9.5,14.84,15.6,23.769743261860913,67,6.964552864589272E-4,Low
PIONEER,2021-04-17T12:25:00+08:00,0.61,1.6800000000000002,3.14,3.74,3.7699999999999996,5.7852190908692505,67,3.674369894336128E-5,Low
PUNGGOL,2021-04-17T12:25:00+08:00,1.6,2.42,5.23,15.979999999999999,26.49,41.12315447275516,67,8.155865735089633E-4,Low
QUEENSTOWN,2021-04-17T12:25:00+08:00,2.67,12.5,34.54,36.08,36.1,40.242699925076444,67,0.004623583086695313,Moderate
RIVER VALLEY,2021-04-17T12:25:00+08:00,4.74,19.48,29.07,41.92,41.93,48.84939716706543,67,0.006358194238989207,Moderate
ROCHOR,2021-04-17T12:25:00+08:00,3.05,13.39,24.59,37.3,37.42,45.68381780468872,67,0.004962115356201353,Moderate
SELETAR,2021-04-17T12:25:00+08:00,3.25,9.42,18.08,22.92,23.68,31.84787358927422,67,0.001759942948994234,Low
SEMBAWANG,2021-04-17T12:25:00+08:00,2.08,5.35,9.059999999999999,11.149999999999999,11.39,19.711668909254975,67,3.783886694763323E-4,Low
SENGKANG,2021-04-17T12:25:00+08:00,0.9,2.03,3.6999999999999997,5.879999999999999,6.48,14.516723429112542,67,9.65424786732923E-5,Low
SERANGOON,2021-04-17T12:25:00+08:00,4.94,8.95,12.29,14.86,15.1,24.172275390286234,67,6.984594743983247E-4,Low
SIMPANG,2021-04-17T12:25:00+08:00,3.13,9.870000000000001,14.68,17.29,17.740000000000002,25.61185920814769,67,9.648612762361581E-4,Low
SINGAPORE RIVER,2021-04-17T12:25:00+08:00,3.67,16.450000000000003,27.939999999999998,39.290000000000006,39.35000000000001,47.553133528942894,67,0.005541282375053335,Moderate
SOUTHERN ISLANDS,2021-04-17T12:25:00+08:00,2.98,12.110000000000001,23.65,30.51,30.700000000000003,37.452352835177294,67,0.0032366472403441986,Moderate
STRAITS VIEW,2021-04-17T12:25:00+08:00,2.33,9.3,20.33,34.31,34.52,42.003605533868175,67,0.004154702813780391,Moderate
SUNGEI KADUT,2021-04-17T12:25:00+08:00,1.87,4.08,5.91,9.490000000000002,9.57,13.56866502883792,67,2.6823146806164604E-4,Low
TAMPINES,2021-04-17T12:25:00+08:00,0.58,1.7400000000000002,3.05,4.58,4.699999999999999,9.92887080276105,67,5.663057009376774E-5,Low
TANGLIN,2021-04-17T12:25:00+08:00,4.36,25.49,52.56999999999999,53.379999999999995,53.38999999999999,61.5096086205983,67,0.010606412382474052,High
TENGAH,2021-04-17T12:25:00+08:00,0.65,1.5699999999999998,2.61,3.06,3.08,7.731641532144611,67,2.393939285337665E-5,Low
TOA PAYOH,2021-04-17T12:25:00+08:00,4.43,12.059999999999999,19.43,23.71,23.77,37.68537381577431,67,0.0018917491394301958,Low
TUAS,2021-04-17T12:25:00+08:00,0.69,2.17,4.16,5.06,5.130000000000001,8.6773155206417,67,7.005892453222065E-5,Low
WESTERN ISLANDS,2021-04-17T12:25:00+08:00,1.53,4.99,9.879999999999999,11.88,12.0,16.981223960319046,67,4.332300908828661E-4,Low
WESTERN WATER CATCHMENT,2021-04-17T12:25:00+08:00,0.27,0.73,1.28,1.5699999999999998,1.58,3.1675212756587703,67,5.758632377334557E-6,Low
WOODLANDS,2021-04-17T12:25:00+08:00,1.44,2.3,2.77,3.34,3.35,10.606683875533703,67,2.886015627694125E-5,Low
YISHUN,2021-04-17T12:25:00+08:00,4.52,19.45,23.52,23.71,23.73,31.161385336243566,67,0.0018917491394301958,Low
ANG MO KIO,2021-04-17T12:30:00+08:00,6.12,15.86,20.96,22.36,22.560000000000002,37.06219782787851,67,0.0016695553092259798,Low
BEDOK,2021-04-17T12:30:00+08:00,1.76,5.01,11.59,27.74,29.47,36.9022745655492,67,0.0026430022138059614,Low
BISHAN,2021-04-17T12:30:00+08:00,6.73,17.05,23.860000000000003,26.64,26.86,37.2626153797693,67,0.0024247884844691794,Low
BOON LAY,2021-04-17T12:30:00+08:00,0.76,1.89,3.4699999999999998,4.24,4.28,8.605711656207006,67,4.803184358643473E-5,Low
BUKIT BATOK,2021-04-17T12:30:00+08:00,4.03,8.4,10.82,11.96,12.02,16.208812332747375,67,4.3948007480173264E-4,Low
BUKIT MERAH,2021-04-17T12:30:00+08:00,2.71,11.879999999999999,30.080000000000005,37.39,37.57,43.31946098664629,67,0.004987586233169593,Moderate
BUKIT PANJANG,2021-04-17T12:30:00+08:00,4.06,9.719999999999999,15.169999999999998,17.71,17.89,25.3805560787389,67,0.0010155430052379755,Low
BUKIT TIMAH,2021-04-17T12:30:00+08:00,4.72,13.780000000000001,30.829999999999995,34.51,34.67,43.475761251758314,67,0.0042063651306475875,Moderate
CENTRAL WATER CATCHMENT,2021-04-17T12:30:00+08:00,8.79,21.799999999999997,24.49,25.73,25.85,42.66204107984547,67,0.0022517537338186057,Low
CHANGI,2021-04-17T12:30:00+08:00,1.38,3.61,8.129999999999999,11.25,11.919999999999998,21.27189316358608,67,3.8566851421275206E-4,Low
CHANGI BAY,2021-04-17T12:30:00+08:00,2.24,6.3100000000000005,12.83,19.78,20.88,28.050242692854205,67,0.0012855315985023448,Low
CHOA CHU KANG,2021-04-17T12:30:00+08:00,2.72,5.87,8.73,10.61,10.75,15.352476266349342,67,3.403476520033532E-4,Low
CLEMENTI,2021-04-17T12:30:00+08:00,2.33,3.95,6.9799999999999995,8.22,8.26,16.747774767144897,67,1.9738835984198542E-4,Low
DOWNTOWN CORE,2021-04-17T12:30:00+08:00,2.15,8.9,20.65,38.15,38.72,46.58960886600959,67,0.005205401550854789,Moderate
GEYLANG,2021-04-17T12:30:00+08:00,1.53,5.55,15.269999999999998,34.08,34.519999999999996,43.70753800126202,67,0.004095705781699174,Moderate
HOUGANG,2021-04-17T12:30:00+08:00,1.19,2.66,4.02,5.58,5.81,11.11100478484901,67,8.633040498389406E-5,Low
JURONG EAST,2021-04-17T12:30:00+08:00,3.37,5.98,10.27,12.29,12.379999999999999,19.47293282171308,67,4.6576439222963876E-4,Low
JURONG WEST,2021-04-17T12:30:00+08:00,0.32,0.73,1.32,1.6300000000000001,1.6400000000000001,4.103419509083808,67,6.238723419068411E-6,Low
KALLANG,2021-04-17T12:30:00+08:00,2.12,9.56,23.09,38.1,38.660000000000004,45.09507289677266,67,0.005190921611006589,Moderate
LIM CHU KANG,2021-04-17T12:30:00+08:00,1.45,3.09,4.890000000000001,6.57,6.699999999999999,11.770603513898898,67,1.2234720742506494E-4,Low
MANDAI,2021-04-17T12:30:00+08:00,1.79,4.92,8.719999999999999,10.620000000000001,10.86,18.483141698665392,67,3.410326857592375E-4,Low
MARINA EAST,2021-04-17T12:30:00+08:00,1.63,5.7,14.670000000000002,37.8,38.989999999999995,46.503736693323674,67,0.0051044857032551605,Moderate
MARINA SOUTH,2021-04-17T12:30:00+08:00,1.3,4.1899999999999995,11.660000000000002,35.59,36.41,43.546930225893064,67,0.0044911442361178075,Moderate
MARINE PARADE,2021-04-17T12:30:00+08:00,1.58,5.09,13.78,37.59,38.85,47.0805544516365,67,0.005044433014861419,Moderate
MUSEUM,2021-04-17T12:30:00+08:00,1.64,8.81,19.650000000000002,41.55,41.63,52.58400427641907,67,0.006239716657914128,Moderate
NEWTON,2021-04-17T12:30:00+08:00,2.72,15.72,30.52,38.05,38.13,45.1467530265337,67,0.005176462804505921,Moderate
NORTH-EASTERN ISLANDS,2021-04-17T12:30:00+08:00,2.1,5.84,11.59,17.509999999999998,19.59,26.89037450530129,67,9.91237289922893E-4,Low
NOVENA,2021-04-17T12:30:00+08:00,4.43,15.49,31.279999999999998,36.95,37.16,45.00757905659924,67,0.004863711746168681,Moderate
ORCHARD,2021-04-17T12:30:00+08:00,2.75,15.54,30.41,42.22,42.269999999999996,49.177268895204065,67,0.006455111850441999,Moderate
OUTRAM,2021-04-17T12:30:00+08:00,2.62,11.400000000000002,26.15,39.34,39.69,47.26131812008912,67,0.0055562658491631394,Moderate
PASIR RIS,2021-04-17T12:30:00+08:00,1.02,2.66,5.0600000000000005,7.92,9.190000000000001,15.936449139093193,67,1.8232793756781188E-4,Low
PAYA LEBAR,2021-04-17T12:30:00+08:00,2.2,5.6000000000000005,10.170000000000002,16.5,17.8,25.912603957668935,67,8.732495178513561E-4,Low
PIONEER,2021-04-17T12:30:00+08:00,0.66,1.7800000000000002,3.43,4.37,4.43,6.431312192935658,67,5.123079408609864E-5,Low
PUNGGOL,2021-04-17T12:30:00+08:00,2.59,4.8,6.22,17.169999999999998,29.08,43.6142998739963,67,9.506332392161488E-4,Low
QUEENSTOWN,2021-04-17T12:30:00+08:00,2.88,9.719999999999999,31.580000000000002,38.94,38.980000000000004,43.02596182205222,67,0.005436990936686689,Moderate
RIVER VALLEY,2021-04-17T12:30:00+08:00,2.34,14.91,27.48,44.24,44.269999999999996,51.071969707560555,67,0.007127640908426162,High
ROCHOR,2021-04-17T12:30:00+08:00,2.19,10.229999999999999,23.050000000000004,39.3,39.61000000000001,47.76399997731735,67,0.005544277375586502,Moderate
SELETAR,2021-04-17T12:30:00+08:00,3.58,10.09,18.17,25.240000000000002,27.26,35.35131553322634,67,0.0021613799566629877,Low
SEMBAWANG,2021-04-17T12:30:00+08:00,2.13,5.84,10.48,13.11,13.52,21.79428467655505,67,5.345987834364322E-4,Low
SENGKANG,2021-04-17T12:30:00+08:00,1.14,2.62,4.4799999999999995,6.789999999999999,7.619999999999999,15.62182715502372,67,1.3125978315921486E-4,Low
SERANGOON,2021-04-17T12:30:00+08:00,5.79,12.940000000000001,17.15,20.41,20.89,29.90416845234745,67,0.0013744131694549775,Low
SIMPANG,2021-04-17T12:30:00+08:00,2.9,9.34,16.369999999999997,19.830000000000002,20.64,28.450291702007874,67,0.0012924707754080234,Low
SINGAPORE RIVER,2021-04-17T12:30:00+08:00,2.5,12.4,26.9,41.690000000000005,41.85000000000001,49.938822114971856,67,0.006284409122093542,Moderate
SOUTHERN ISLANDS,2021-04-17T12:30:00+08:00,2.71,9.920000000000002,23.52,32.99,33.410000000000004,40.07232235576576,67,0.0038221356208372,Moderate
STRAITS VIEW,2021-04-17T12:30:00+08:00,2.11,7.76,18.59,35.93,36.63,44.01263444775592,67,0.004582825991157181,Moderate
SUNGEI KADUT,2021-04-17T12:30:00+08:00,4.61,7.73,10.129999999999999,14.05,14.180000000000001,18.146047761161924,67,6.197285709369398E-4,Low
TAMPINES,2021-04-17T12:30:00+08:00,2.32,3.5199999999999996,4.890000000000001,6.779999999999999,7.02,12.225003116735511,67,1.3084743657106748E-4,Low
TANGLIN,2021-04-17T12:30:00+08:00,6.58,20.299999999999997,57.61,59.949999999999996,59.96999999999999,67.94174769509385,67,0.013548998756625881,High
TENGAH,2021-04-17T12:30:00+08:00,1.16,2.29,3.5300000000000002,4.2,4.24,8.873055693309853,67,4.7069582722421775E-5,Low
TOA PAYOH,2021-04-17T12:30:00+08:00,4.71,13.149999999999999,22.47,28.37,28.48,42.3047831848901,67,0.002772455812913837,Low
TUAS,2021-04-17T12:30:00+08:00,0.82,2.21,4.47,5.84,5.95,9.476456407203179,67,9.514578633894655E-5,Low
WESTERN ISLANDS,2021-04-17T12:30:00+08:00,1.82,4.970000000000001,10.42,13.61,13.82,18.760403354444954,67,5.790496538635767E-4,Low
WESTERN WATER CATCHMENT,2021-04-17T12:30:00+08:00,0.41,0.9099999999999999,1.5599999999999998,1.9699999999999998,1.9899999999999998,3.569906975423781,67,9.34906924294785E-6,Low
WOODLANDS,2021-04-17T12:30:00+08:00,0.68,2.8000000000000003,3.3800000000000003,4.01,4.03,11.261186816951472,67,4.263988649788649E-5,Low
YISHUN,2021-04-17T12:30:00+08:00,2.65,14.08,26.069999999999997,26.33,26.380000000000003,33.73647750673293,67,0.002365082594448998,Low
ANG MO KIO,2021-04-17T12:35:00+08:00,3.77,15.149999999999999,24.169999999999998,26.02,26.33,40.743105229259314,67,0.0023061623312690587,Low
BEDOK,2021-04-17T12:35:00+08:00,1.86,5.36,10.76,27.97,31.33,38.673566401201455,67,0.0026898845504335395,Low
BISHAN,2021-04-17T12:35:00+08:00,5.4,18.450000000000003,27.869999999999997,31.89,32.26,42.57304100398757,67,0.003556121318886958,Moderate
BOON LAY,2021-04-17T12:35:00+08:00,0.75,2.08,3.63,4.96,5.03,9.335024668943605,67,6.713605204592501E-5,Low
BUKIT BATOK,2021-04-17T12:35:00+08:00,3.95,10.86,14.07,15.850000000000001,15.969999999999999,20.11984850178511,67,8.014969373911979E-4,Low
BUKIT MERAH,2021-04-17T12:35:00+08:00,2.42,8.61,27.54,39.64,39.99,45.6353267588812,67,0.005646611528912427,Moderate
BUKIT PANJANG,2021-04-17T12:35:00+08:00,3.9,11.379999999999999,17.589999999999996,21.439999999999998,21.79,29.219544594585784,67,0.001526523934182852,Low
BUKIT TIMAH,2021-04-17T12:35:00+08:00,4.41,13.1,30.56,38.81,39.08,47.78125129892564,67,0.005398518292020464,Moderate
CENTRAL WATER CATCHMENT,2021-04-17T12:35:00+08:00,6.69,25.900000000000002,30.54,32.33,32.54,49.24948720217599,67,0.003661315546112344,Moderate
CHANGI,2021-04-17T12:35:00+08:00,1.14,3.46,8.18,12.16,13.059999999999999,22.360758359106992,67,4.5531318227180924E-4,Low
CHANGI BAY,2021-04-17T12:35:00+08:00,2.02,6.210000000000001,12.92,21.32,22.9,30.002813636838383,67,0.0015083669569973795,Low
CHOA CHU KANG,2021-04-17T12:35:00+08:00,3.22,7.83,11.16,13.66,13.97,18.535570953497665,67,5.835984803037407E-4,Low
CLEMENTI,2021-04-17T12:35:00+08:00,4.47,7.65,10.46,12.66,12.729999999999999,21.177515342109622,67,4.962004813246271E-4,Low
DOWNTOWN CORE,2021-04-17T12:35:00+08:00,1.89,6.669999999999999,18.88,39.23,40.61,48.3676136372916,67,0.00552333016078693,Moderate
GEYLANG,2021-04-17T12:35:00+08:00,1.09,4.57,12.939999999999998,34.66,35.61,44.69247088792287,67,0.0042453320745587985,Moderate
HOUGANG,2021-04-17T12:35:00+08:00,1.41,3.55,5.029999999999999,6.87,7.219999999999999,12.494295405816773,67,1.345833918041796E-4,Low
JURONG EAST,2021-04-17T12:35:00+08:00,3.73,8.46,12.65,15.95,16.11,23.156122478843493,67,8.123235580046467E-4,Low
JURONG WEST,2021-04-17T12:35:00+08:00,0.52,1.06,1.6600000000000001,2.1300000000000003,2.16,4.61355543386121,67,1.104527329928101E-5,Low
KALLANG,2021-04-17T12:35:00+08:00,1.99,7.15,21.05,39.2,40.650000000000006,46.97667033392537,67,0.005514365488751565,Moderate
LIM CHU KANG,2021-04-17T12:35:00+08:00,1.63,4.0,6.02,8.0,8.329999999999998,13.372308547171894,67,1.8628198030174104E-4,Low
MANDAI,2021-04-17T12:35:00+08:00,1.74,5.32,9.31,12.14,12.600000000000001,20.17871068212858,67,4.5371647810727594E-4,Low
MARINA EAST,2021-04-17T12:35:00+08:00,1.19,4.5,12.22,37.540000000000006,40.18,47.58194788989781,67,0.005030189655081342,Moderate
MARINA SOUTH,2021-04-17T12:35:00+08:00,0.92,3.45,8.83,35.06,37.33,44.36224919230376,67,0.0043501672441711514,Moderate
MARINE PARADE,2021-04-17T12:35:00+08:00,1.11,4.2700000000000005,11.459999999999999,37.050000000000004,39.96,48.077379054969285,67,0.00489172160002761,Moderate
MUSEUM,2021-04-17T12:35:00+08:00,1.72,5.64,18.189999999999998,43.14,43.35,54.17759931769142,67,0.006757101901665411,Moderate
NEWTON,2021-04-17T12:35:00+08:00,3.86,11.56,32.370000000000005,41.81,41.99,48.898226231521896,67,0.006322849581482138,Moderate
NORTH-EASTERN ISLANDS,2021-04-17T12:35:00+08:00,1.95,5.87,11.9,18.95,21.54,28.775733618280857,67,0.0011732270597717245,Low
NOVENA,2021-04-17T12:35:00+08:00,4.18,13.469999999999999,31.939999999999998,40.94,41.34,49.07938681731722,67,0.006046929281311393,Moderate
ORCHARD,2021-04-17T12:35:00+08:00,2.85,10.46,30.3,45.0,45.12,51.90905327563352,67,0.007389676725247865,High
OUTRAM,2021-04-17T12:35:00+08:00,2.35,8.35,24.44,41.290000000000006,42.040000000000006,49.49770819158348,67,0.006157158371505353,Moderate
PASIR RIS,2021-04-17T12:35:00+08:00,1.12,2.95,5.49,8.75,10.31,17.018140033055868,67,2.2555277800647062E-4,Low
PAYA LEBAR,2021-04-17T12:35:00+08:00,2.26,6.3,10.99,18.18,20.060000000000002,28.11031350111532,67,0.0010738917814064088,Low
PIONEER,2021-04-17T12:35:00+08:00,0.73,2.0,3.6500000000000004,5.050000000000001,5.16,7.145852173039888,67,6.976365695396767E-5,Low
PUNGGOL,2021-04-17T12:35:00+08:00,4.38,8.57,9.8,20.15,33.46,47.88945689272528,67,0.0013373504409142439,Low
QUEENSTOWN,2021-04-17T12:35:00+08:00,2.71,8.26,26.330000000000002,41.61,41.69,45.632533127277576,67,0.006258850167925793,Moderate
RIVER VALLEY,2021-04-17T12:35:00+08:00,1.88,8.96,26.439999999999998,46.08,46.15,52.82919947901181,67,0.007770524385851968,High
ROCHOR,2021-04-17T12:35:00+08:00,2.15,7.390000000000001,21.65,40.87,41.760000000000005,49.799181668425106,67,0.0060250083299445666,Moderate
SELETAR,2021-04-17T12:35:00+08:00,4.01,10.84,19.64,28.45,31.270000000000003,39.27633566829525,67,0.0027891281833711326,Low
SEMBAWANG,2021-04-17T12:35:00+08:00,2.06,6.27,11.14,14.849999999999998,15.580000000000002,23.80189411229606,67,6.974569984409529E-4,Low
SENGKANG,2021-04-17T12:35:00+08:00,3.52,5.5600000000000005,7.41,10.129999999999999,11.14,19.10427435842799,67,3.0832465851058077E-4,Low
SERANGOON,2021-04-17T12:35:00+08:00,4.46,15.190000000000001,20.560000000000002,24.619999999999997,25.35,34.292282805162166,67,0.0020498292623441516,Low
SIMPANG,2021-04-17T12:35:00+08:00,2.66,8.69,17.75,22.14,23.3,31.041900981334006,67,0.0016347351516169475,Low
SINGAPORE RIVER,2021-04-17T12:35:00+08:00,2.28,8.45,25.42,43.760000000000005,44.13000000000001,52.098775822658936,67,0.0069646828692502315,Moderate
SOUTHERN ISLANDS,2021-04-17T12:35:00+08:00,2.46,8.149999999999999,22.03,35.05,35.870000000000005,42.43599381777777,67,0.0043475299900640665,Moderate
STRAITS VIEW,2021-04-17T12:35:00+08:00,1.79,6.2299999999999995,16.65,36.78,38.42,45.69683392310172,67,0.004816288557686774,Moderate
SUNGEI KADUT,2021-04-17T12:35:00+08:00,5.06,11.54,14.54,18.71,19.240000000000002,23.16242707365661,67,0.0011417657194355945,Low
TAMPINES,2021-04-17T12:35:00+08:00,2.73,5.63,7.210000000000001,9.36,9.75,14.925615833745551,67,2.60449192647444E-4,Low
TANGLIN,2021-04-17T12:35:00+08:00,4.5,15.440000000000001,51.17999999999999,64.43,64.47,72.27842476198025,67,0.01576725944300953,High
TENGAH,2021-04-17T12:35:00+08:00,2.75,4.5600000000000005,5.92,6.91,6.99,11.601726046506899,67,1.3626176743226833E-4,Low
TOA PAYOH,2021-04-17T12:35:00+08:00,4.28,13.420000000000002,24.330000000000002,32.38,32.760000000000005,46.48308810772637,67,0.0036733715874537557,Moderate
TUAS,2021-04-17T12:35:00+08:00,0.87,2.38,4.66,6.640000000000001,6.82,10.323676265266096,67,1.251469130670682E-4,Low
WESTERN ISLANDS,2021-04-17T12:35:00+08:00,1.9,5.25,10.63,15.36,15.72,20.61530583773118,67,7.495587668765799E-4,Low
WESTERN WATER CATCHMENT,2021-04-17T12:35:00+08:00,0.59,1.27,1.96,2.5300000000000002,2.58,4.151325393437025,67,1.5949772607793114E-5,Low
WOODLANDS,2021-04-17T12:35:00+08:00,0.49,2.6100000000000003,3.67,4.370000000000001,4.5200000000000005,11.724116420270793,67,5.123079408609864E-5,Low
YISHUN,2021-04-17T12:35:00+08:00,1.89,9.06,27.86,28.200000000000003,28.270000000000003,35.54537949783201,67,0.0027372020740792247,Low
ANG MO KIO,2021-04-17T12:40:00+08:00,2.48,12.370000000000001,25.400000000000002,28.369999999999997,28.810000000000002,43.125164218379496,67,0.002772455812913837,Low
BEDOK,2021-04-17T12:40:00+08:00,1.98,5.6,10.97,28.43,33.31,40.560600286656474,67,0.002784955146866626,Low
BISHAN,2021-04-17T12:40:00+08:00,4.1,16.23,29.83,35.75,36.36,46.5707010706738,67,0.004534167440271586,Moderate
BOON LAY,2021-04-17T12:40:00+08:00,1.02,2.5300000000000002,4.140000000000001,5.92,6.050000000000001,10.332584510111337,67,9.794999388429322E-5,Low
BUKIT BATOK,2021-04-17T12:40:00+08:00,3.95,11.93,17.15,19.68,19.919999999999998,24.021483059585126,67,0.0012717125976646631,Low
BUKIT MERAH,2021-04-17T12:40:00+08:00,2.33,7.46,23.39,41.650000000000006,42.32,47.85562549754028,67,0.006271622843628983,Moderate
BUKIT PANJANG,2021-04-17T12:40:00+08:00,3.91,11.87,19.54,25.03,25.7,33.05930469217927,67,0.002123246729788812,Low
BUKIT TIMAH,2021-04-17T12:40:00+08:00,4.45,13.579999999999998,28.41,43.06,43.53,52.116391520148674,67,0.006730555811481121,Moderate
CENTRAL WATER CATCHMENT,2021-04-17T12:40:00+08:00,6.41,21.89,36.05,38.57,38.95,55.54109797939212,67,0.0053278676558973495,Moderate
CHANGI,2021-04-17T12:40:00+08:00,0.9,3.4199999999999995,7.619999999999999,12.81,13.959999999999999,23.20700606739022,67,5.088311512450891E-4,Low
CHANGI BAY,2021-04-17T12:40:00+08:00,1.85,6.109999999999999,12.569999999999999,22.56,24.75,31.78069085973792,67,0.0017015471983278575,Low
CHOA CHU KANG,2021-04-17T12:40:00+08:00,3.36,9.3,13.51,16.65,17.33,21.851013903999227,67,8.902717010246235E-4,Low
CLEMENTI,2021-04-17T12:40:00+08:00,4.92,11.719999999999999,14.28,17.53,17.65,26.0466074093721,67,9.936538169559815E-4,Low
DOWNTOWN CORE,2021-04-17T12:40:00+08:00,2.03,6.07,17.27,39.65,42.64,50.28134432137115,67,0.0056496361874132555,Moderate
GEYLANG,2021-04-17T12:40:00+08:00,1.05,3.67,10.15,34.760000000000005,36.66,45.63503612680563,67,0.004271414934981712,Moderate
HOUGANG,2021-04-17T12:40:00+08:00,3.29,5.89,7.85,10.02,10.51,15.754260779948396,67,3.0122238139353706E-4,Low
JURONG EAST,2021-04-17T12:40:00+08:00,4.11,11.21,15.219999999999999,19.93,20.22,27.210458237473738,67,0.0013064085119735998,Low
JURONG WEST,2021-04-17T12:40:00+08:00,0.76,1.6,2.21,2.8600000000000003,2.92,5.362465059664156,67,2.072227840288864E-5,Low
KALLANG,2021-04-17T12:40:00+08:00,2.04,6.15,18.22,39.129999999999995,42.69,48.90374466087263,67,0.00549347756453624,Moderate
LIM CHU KANG,2021-04-17T12:40:00+08:00,1.53,4.61,6.93,9.08,9.86,14.870163294385263,67,2.4410012532225195E-4,Low
MANDAI,2021-04-17T12:40:00+08:00,2.04,5.57,10.04,13.8,14.64,22.17020374306887,67,5.96435757004296E-4,Low
MARINA EAST,2021-04-17T12:40:00+08:00,1.19,4.01,10.639999999999999,36.27000000000001,41.370000000000005,48.65756721003199,67,0.00467548068923769,Moderate
MARINA SOUTH,2021-04-17T12:40:00+08:00,0.92,3.14,7.77,34.56,38.25,45.17560824026174,67,0.004219333135724813,Moderate
MARINE PARADE,2021-04-17T12:40:00+08:00,1.03,3.7200000000000006,9.479999999999999,35.4,40.99,48.991807424417324,67,0.004440333812935191,Moderate
MUSEUM,2021-04-17T12:40:00+08:00,2.06,5.42,18.209999999999997,44.36,45.41,56.10736356824722,67,0.00716868739883434,High
NEWTON,2021-04-17T12:40:00+08:00,4.42,11.0,32.22,45.94,46.410000000000004,53.20068139343464,67,0.007720593310080984,High
NORTH-EASTERN ISLANDS,2021-04-17T12:40:00+08:00,1.82,5.87,11.79,20.22,23.36,30.52656057848617,67,0.0013472760860600526,Low
NOVENA,2021-04-17T12:40:00+08:00,3.8,12.41,29.94,44.36,45.14,52.76140649325499,67,0.00716868739883434,High
ORCHARD,2021-04-17T12:40:00+08:00,4.28,9.879999999999999,30.35,49.1,49.4,56.06427080942182,67,0.008888401924452527,High
OUTRAM,2021-04-17T12:40:00+08:00,2.56,7.530000000000001,22.240000000000002,43.010000000000005,44.6,51.938722278525574,67,0.006713992185961858,Moderate
PASIR RIS,2021-04-17T12:40:00+08:00,1.22,3.3600000000000003,5.92,9.68,11.530000000000001,18.19723068584846,67,2.798247797778643E-4,Low
PAYA LEBAR,2021-04-17T12:40:00+08:00,2.45,6.91,11.899999999999999,20.009999999999998,22.509999999999998,30.492740042858863,67,0.0013176157348449697,Low
PIONEER,2021-04-17T12:40:00+08:00,0.84,2.23,3.91,5.8100000000000005,6.0,7.968674493982606,67,9.41053636538126E-5,Low
PUNGGOL,2021-04-17T12:40:00+08:00,6.96,13.93,16.35,24.33,40.42,54.73433700207957,67,0.0019987237627957064,Low
QUEENSTOWN,2021-04-17T12:40:00+08:00,2.99,8.58,21.08,44.53,44.68,48.5128385814558,67,0.007227046846570382,High
RIVER VALLEY,2021-04-17T12:40:00+08:00,4.38,8.6,28.08,50.34,50.53,57.082205103599556,67,0.009369998601720268,High
ROCHOR,2021-04-17T12:40:00+08:00,2.37,6.71,20.1,41.71,44.13000000000001,52.049471053189755,67,0.0062908073625939556,Moderate
SELETAR,2021-04-17T12:40:00+08:00,2.79,10.379999999999999,19.799999999999997,30.869999999999997,34.06,41.971920576530344,67,0.003318462209720335,Moderate
SEMBAWANG,2021-04-17T12:40:00+08:00,2.31,6.5,11.85,16.659999999999997,17.89,26.054677521731957,67,8.914127111798985E-4,Low
SENGKANG,2021-04-17T12:40:00+08:00,3.86,8.52,10.549999999999999,13.87,15.0,22.918350221515468,67,6.029100143090233E-4,Low
SERANGOON,2021-04-17T12:40:00+08:00,3.08,13.33,22.28,27.42,28.43,37.28984871418124,67,0.0025784978647553896,Low
SIMPANG,2021-04-17T12:40:00+08:00,2.34,7.9,17.770000000000003,24.1,25.64,33.30728037633506,67,0.001958676567982726,Low
SINGAPORE RIVER,2021-04-17T12:40:00+08:00,2.95,7.7299999999999995,24.180000000000003,46.120000000000005,47.080000000000005,54.92353728865521,67,0.007784821161537008,High
SOUTHERN ISLANDS,2021-04-17T12:40:00+08:00,2.46,7.63,19.740000000000002,36.82000000000001,38.33,44.79398332768832,67,0.004827425029674968,Moderate
STRAITS VIEW,2021-04-17T12:40:00+08:00,1.81,5.71,15.01,37.239999999999995,40.230000000000004,47.396984806711316,67,0.004945172754181951,Moderate
SUNGEI KADUT,2021-04-17T12:40:00+08:00,3.62,13.29,17.37,20.79,22.860000000000003,26.726747676878702,67,0.0014295479887361888,Low
TAMPINES,2021-04-17T12:40:00+08:00,2.97,8.02,9.760000000000002,12.180000000000001,12.719999999999999,17.859736636651093,67,4.569128650869578E-4,Low
TANGLIN,2021-04-17T12:40:00+08:00,2.14,13.22,38.71,66.52000000000001,66.60999999999999,74.24467703347119,67,0.01686067231336634,High
TENGAH,2021-04-17T12:40:00+08:00,4.51,8.42,9.989999999999998,11.34,11.5,16.083837038770454,67,3.922834003518891E-4,Low
TOA PAYOH,2021-04-17T12:40:00+08:00,3.53,12.52,24.580000000000002,35.42,36.290000000000006,49.90134894075642,67,0.004445667985092505,Moderate
TUAS,2021-04-17T12:40:00+08:00,0.95,2.6399999999999997,4.81,7.47,7.77,11.248859519371873,67,1.60924036496748E-4,Low
WESTERN ISLANDS,2021-04-17T12:40:00+08:00,2.08,5.8,10.790000000000001,17.2,17.8,22.645749381933747,67,9.541797421240412E-4,Low
WESTERN WATER CATCHMENT,2021-04-17T12:40:00+08:00,1.05,2.05,2.7800000000000002,3.5200000000000005,3.63,5.1913461588343495,67,3.228268165420078E-5,Low
WOODLANDS,2021-04-17T12:40:00+08:00,0.54,1.71,4.01,4.67,5.0600000000000005,12.235933202339496,67,5.9032961810339164E-5,Low
YISHUN,2021-04-17T12:40:00+08:00,1.67,6.21,25.659999999999997,29.84,29.94,37.12993312891793,67,0.003087242568701566,Moderate
ANG MO KIO,2021-04-17T12:45:00+08:00,1.98,8.23,24.09,30.17,30.79,45.001497054226455,67,0.003160364954806538,Moderate
BEDOK,2021-04-17T12:45:00+08:00,1.94,5.779999999999999,10.79,29.009999999999998,35.25,42.40309799340675,67,0.002907312354935772,Low
BISHAN,2021-04-17T12:45:00+08:00,3.17,12.67,29.720000000000006,38.540000000000006,39.53,49.62875129378326,67,0.005319070595976929,Moderate
BOON LAY,2021-04-17T12:45:00+08:00,2.63,4.4,6.289999999999999,8.48,8.68,12.937746349980266,67,2.109555525975036E-4,Low
BUKIT BATOK,2021-04-17T12:45:00+08:00,5.01,12.91,21.310000000000002,24.57,24.93,28.97373860637152,67,0.002040969297445175,Low
BUKIT MERAH,2021-04-17T12:45:00+08:00,2.16,6.91,18.79,42.97,44.480000000000004,49.90058693307296,67,0.006700756615440343,Moderate
BUKIT PANJANG,2021-04-17T12:45:00+08:00,4.27,12.08,21.8,29.0,29.97,37.249834516739355,67,0.0029051792318243153,Low
BUKIT TIMAH,2021-04-17T12:45:00+08:00,3.88,12.739999999999998,26.52,46.589999999999996,47.41,55.871110640349016,67,0.007953832309930759,High
CENTRAL WATER CATCHMENT,2021-04-17T12:45:00+08:00,6.48,19.580000000000002,41.379999999999995,44.89,45.43,61.88758456035184,67,0.007351445455644375,High
CHANGI,2021-04-17T12:45:00+08:00,1.01,3.05,6.66,13.48,14.969999999999999,24.1612195086352,67,5.673110815326779E-4,Low
CHANGI BAY,2021-04-17T12:45:00+08:00,1.96,5.83,12.14,23.68,26.709999999999997,33.66429430204437,67,0.0018866518228470705,Low
CHOA CHU KANG,2021-04-17T12:45:00+08:00,3.77,10.35,16.22,20.189999999999998,21.1,25.568486970215847,67,0.0013430174779190107,Low
CLEMENTI,2021-04-17T12:45:00+08:00,5.03,14.420000000000002,18.37,22.48,22.68,31.01399482632746,67,0.0016887118831661729,Low
DOWNTOWN CORE,2021-04-17T12:45:00+08:00,1.67,5.59,14.49,38.58,44.31,51.83047465118964,67,0.005330801701299005,Moderate
GEYLANG,2021-04-17T12:45:00+08:00,1.05,3.1900000000000004,8.74,32.1,37.71,46.5753355641056,67,0.003606126322173233,Moderate
HOUGANG,2021-04-17T12:45:00+08:00,3.41,8.11,10.77,13.2,13.92,19.126389630516606,67,5.424609448955326E-4,Low
JURONG EAST,2021-04-17T12:45:00+08:00,4.8,12.64,18.62,24.56,25.020000000000003,31.945047911695053,67,0.0020391997388962465,Low
JURONG WEST,2021-04-17T12:45:00+08:00,1.03,2.31,3.04,3.86,3.95,6.379574406244494,67,3.9306675090615496E-5,Low
KALLANG,2021-04-17T12:45:00+08:00,2.27,6.300000000000001,15.86,39.12,44.96,51.05618655721453,67,0.005490496963021649,Moderate
LIM CHU KANG,2021-04-17T12:45:00+08:00,2.08,5.24,8.33,10.95,11.94,16.914417397826693,67,3.640497880847515E-4,Low
MANDAI,2021-04-17T12:45:00+08:00,1.98,5.76,10.68,15.55,16.62,24.09690951932747,67,7.694789921506513E-4,Low
MARINA EAST,2021-04-17T12:45:00+08:00,1.09,3.4699999999999998,9.17,34.02,42.46,49.630600884252765,67,0.004080388170859291,Moderate
MARINA SOUTH,2021-04-17T12:45:00+08:00,0.87,2.71,6.8999999999999995,32.620000000000005,39.120000000000005,45.93701208115051,67,0.003731530977074043,Moderate
MARINE PARADE,2021-04-17T12:45:00+08:00,0.97,3.1100000000000003,8.200000000000001,32.43,41.96,49.844037629577755,67,0.003685448486588091,Moderate
MUSEUM,2021-04-17T12:45:00+08:00,1.14,4.92,13.730000000000002,41.15,46.55,57.11248892197875,67,0.006112941851894709,Moderate
NEWTON,2021-04-17T12:45:00+08:00,2.35,10.629999999999999,26.35,46.83,48.760000000000005,55.42279402486397,67,0.008040863993034211,High
NORTH-EASTERN ISLANDS,2021-04-17T12:45:00+08:00,2.01,5.779999999999999,11.62,21.53,25.369999999999997,32.46317878333537,67,0.0015402171687009857,Low
NOVENA,2021-04-17T12:45:00+08:00,3.14,11.12,26.610000000000003,46.64,48.28,55.77457508317191,67,0.007971923311700838,High
ORCHARD,2021-04-17T12:45:00+08:00,2.73,9.860000000000001,25.400000000000002,49.27,52.129999999999995,58.65949975241924,67,0.008953648580644671,High
OUTRAM,2021-04-17T12:45:00+08:00,2.11,7.02,18.42,42.96,46.71,53.923868491973444,67,0.006697449851876839,Moderate
PASIR RIS,2021-04-17T12:45:00+08:00,2.23,4.57,7.23,11.57,13.760000000000002,20.383486961393572,67,4.094598158981332E-4,Low
PAYA LEBAR,2021-04-17T12:45:00+08:00,2.97,7.68,13.280000000000001,22.119999999999997,25.48,33.38943954778152,67,0.0016315889368087955,Low
PIONEER,2021-04-17T12:45:00+08:00,1.05,2.62,4.4,6.76,7.05,8.999518859405388,67,1.3002481156705131E-4,Low
PUNGGOL,2021-04-17T12:45:00+08:00,7.56,18.9,23.7,29.9,47.980000000000004,62.162762929223426,67,0.0031004704540827078,Moderate
QUEENSTOWN,2021-04-17T12:45:00+08:00,3.16,8.86,18.58,47.55,47.84,51.5562201640676,67,0.008304913587963744,High
RIVER VALLEY,2021-04-17T12:45:00+08:00,2.95,9.21,24.119999999999997,49.419999999999995,53.48,59.89498706782057,67,0.009011424614801486,High
ROCHOR,2021-04-17T12:45:00+08:00,1.9,6.42,16.65,40.82,46.03,53.824351041300034,67,0.006009375984715258,Moderate
SELETAR,2021-04-17T12:45:00+08:00,2.56,9.36,19.45,33.01,36.620000000000005,44.43102565684512,67,0.0038270657510394933,Moderate
SEMBAWANG,2021-04-17T12:45:00+08:00,2.23,6.6,12.440000000000001,18.58,20.12,28.22204553920959,67,0.0011249132812581426,Low
SENGKANG,2021-04-17T12:45:00+08:00,4.49,11.870000000000001,14.49,17.74,19.490000000000002,27.353257553056295,67,0.0010192157942835085,Low
SERANGOON,2021-04-17T12:45:00+08:00,2.85,10.39,23.330000000000005,29.82,31.28,40.05020887308245,67,0.003082839897637277,Moderate
SIMPANG,2021-04-17T12:45:00+08:00,2.15,7.15,16.49,25.89,27.79,35.377214100302346,67,0.002281687405045502,Low
SINGAPORE RIVER,2021-04-17T12:45:00+08:00,2.15,7.380000000000001,19.779999999999998,45.46,49.230000000000004,56.941508403451756,67,0.007550671979850748,High
SOUTHERN ISLANDS,2021-04-17T12:45:00+08:00,2.37,7.29,17.210000000000004,37.910000000000004,40.7,47.05630454415523,67,0.005136090558976617,Moderate
STRAITS VIEW,2021-04-17T12:45:00+08:00,1.65,5.25,13.010000000000002,36.5,41.879999999999995,48.93304875351891,67,0.004738710927381713,Moderate
SUNGEI KADUT,2021-04-17T12:45:00+08:00,3.9,12.58,20.31,24.18,26.760000000000005,30.562500127010473,67,0.0019725574220299125,Low
TAMPINES,2021-04-17T12:45:00+08:00,5.01,10.71,14.23,16.990000000000002,17.729999999999997,22.826804203043046,67,9.295012049070974E-4,Low
TANGLIN,2021-04-17T12:45:00+08:00,3.05,9.690000000000001,29.99,69.41999999999999,69.66,77.1162026957842,67,0.01843935066550471,High
TENGAH,2021-04-17T12:45:00+08:00,4.79,12.05,14.34,16.06,16.29,20.83517363180774,67,8.243218791100937E-4,Low
TOA PAYOH,2021-04-17T12:45:00+08:00,3.15,10.96,24.11,37.69,39.44,52.93139272897474,67,0.005072983075382091,Moderate
TUAS,2021-04-17T12:45:00+08:00,1.11,2.9299999999999997,5.140000000000001,8.43,8.879999999999999,12.33181875587648,67,2.083092486989641E-4,Low
WESTERN ISLANDS,2021-04-17T12:45:00+08:00,2.51,6.49,11.46,19.39,20.310000000000002,25.10131200966874,67,0.001232084618296269,Low
WESTERN WATER CATCHMENT,2021-04-17T12:45:00+08:00,1.4,3.04,3.9499999999999997,4.87,5.029999999999999,6.578866852513384,67,6.456200164433724E-5,Low
WOODLANDS,2021-04-17T12:45:00+08:00,0.53,1.56,4.36,5.120000000000001,5.590000000000001,12.736519644876171,67,7.184445794945089E-5,Low
YISHUN,2021-04-17T12:45:00+08:00,0.91,4.47,18.55,30.72,30.85,37.95067770363595,67,0.003284241878432167,Moderate
ANG MO KIO,2021-04-17T12:50:00+08:00,1.24,5.7,20.849999999999998,31.18,32.03,46.13331943526994,67,0.0033897765835404566,Moderate
BEDOK,2021-04-17T12:50:00+08:00,1.59,5.51,10.87,28.189999999999998,36.84,43.89116658050778,67,0.002735135736257308,Low
BISHAN,2021-04-17T12:50:00+08:00,2.15,9.42,27.870000000000005,40.17,41.68,51.65945037052114,67,0.005808086774881355,Moderate
BOON LAY,2021-04-17T12:50:00+08:00,2.34,5.99,8.07,10.719999999999999,11.02,15.246645726969486,67,3.4792327861500784E-4,Low
BUKIT BATOK,2021-04-17T12:50:00+08:00,6.7,15.66,26.52,31.11,31.629999999999995,35.60408958889708,67,0.0033736035237102277,Moderate
BUKIT MERAH,2021-04-17T12:50:00+08:00,2.24,6.73,15.34,43.82000000000001,46.72,52.020632553056494,67,0.006984945201614404,Moderate
BUKIT PANJANG,2021-04-17T12:50:00+08:00,4.59,12.77,24.15,33.22,34.56,41.75029086445397,67,0.0038790339828369993,Moderate
BUKIT TIMAH,2021-04-17T12:50:00+08:00,4.08,12.41,25.509999999999998,50.17,51.489999999999995,59.816803914725064,67,0.009303194457833158,High
CENTRAL WATER CATCHMENT,2021-04-17T12:50:00+08:00,4.4,17.29,43.190000000000005,49.1,49.83,66.13881503091504,67,0.008888401924452527,High
CHANGI,2021-04-17T12:50:00+08:00,0.81,2.72,6.18,13.629999999999999,15.779999999999998,24.913139147566756,67,5.808669173108878E-4,Low
CHANGI BAY,2021-04-17T12:50:00+08:00,1.72,5.53,11.74,23.979999999999997,28.43,35.30336981197555,67,0.0019379524449101536,Low
CHOA CHU KANG,2021-04-17T12:50:00+08:00,4.21,11.34,19.169999999999998,24.14,25.310000000000002,29.717023725172563,67,0.0019656105162162763,Low
CLEMENTI,2021-04-17T12:50:00+08:00,5.96,15.91,23.560000000000002,28.32,28.639999999999997,36.899441304016875,67,0.0027620623572984257,Low
DOWNTOWN CORE,2021-04-17T12:50:00+08:00,1.4,5.1,11.77,36.14,45.709999999999994,53.10588107754929,67,0.00463993896249333,Moderate
GEYLANG,2021-04-17T12:50:00+08:00,1.69,3.79,8.36,28.259999999999998,39.400000000000006,48.153374646508695,67,0.0027496173922908957,Low
HOUGANG,2021-04-17T12:50:00+08:00,4.06,10.76,14.309999999999999,16.939999999999998,17.98,23.140412331428738,67,9.23675884439762E-4,Low
JURONG EAST,2021-04-17T12:50:00+08:00,5.14,14.05,22.51,29.459999999999997,30.16,37.00825626148895,67,0.003004157904723167,Moderate
JURONG WEST,2021-04-17T12:50:00+08:00,1.4,3.19,4.25,5.22,5.35,7.764238757112825,67,7.487348484418867E-5,Low
KALLANG,2021-04-17T12:50:00+08:00,1.81,6.120000000000001,13.270000000000001,38.339999999999996,46.769999999999996,52.743454269261896,67,0.005260618092794536,Moderate
LIM CHU KANG,2021-04-17T12:50:00+08:00,3.3,6.91,10.91,14.04,15.24,20.173757386051335,67,6.187877621199892E-4,Low
MANDAI,2021-04-17T12:50:00+08:00,1.67,5.6899999999999995,11.01,16.98,18.29,25.70898375092758,67,9.283345871263686E-4,Low
MARINA EAST,2021-04-17T12:50:00+08:00,0.98,3.2600000000000002,7.76,29.85,43.44,50.49129551482094,67,0.003089445146178304,Moderate
MARINA SOUTH,2021-04-17T12:50:00+08:00,0.69,2.48,5.93,27.43,39.81,46.51658560838389,67,0.0025805008951225845,Low
MARINE PARADE,2021-04-17T12:50:00+08:00,1.6,3.6,7.870000000000001,28.4,43.56,51.32421918657242,67,0.002778701772191661,Low
MUSEUM,2021-04-17T12:50:00+08:00,0.67,3.87,9.51,36.21,47.22,57.645198087924605,67,0.004659059130210972,Moderate
NEWTON,2021-04-17T12:50:00+08:00,1.4,8.17,19.73,46.209999999999994,50.160000000000004,56.68956499280971,67,0.007817038885855663,High
NORTH-EASTERN ISLANDS,2021-04-17T12:50:00+08:00,1.69,5.52,11.389999999999999,22.099999999999998,27.049999999999997,34.075141615364956,67,0.001628445929571483,Low
NOVENA,2021-04-17T12:50:00+08:00,2.48,9.42,22.89,47.94,50.760000000000005,58.12050041619942,67,0.008449791469640106,High
ORCHARD,2021-04-17T12:50:00+08:00,1.62,8.629999999999999,19.090000000000003,47.120000000000005,53.75,60.138490109901106,67,0.008146684202194132,High
OUTRAM,2021-04-17T12:50:00+08:00,1.81,6.48,14.83,41.68,48.519999999999996,55.60424267771761,67,0.006281211277177775,Moderate
PASIR RIS,2021-04-17T12:50:00+08:00,1.38,4.83,7.78,12.440000000000001,15.13,21.71448776736992,67,4.7798008598049077E-4,Low
PAYA LEBAR,2021-04-17T12:50:00+08:00,2.49,7.91,14.21,23.400000000000002,27.97,35.79917577201826,67,0.0018394274518135129,Low
PIONEER,2021-04-17T12:50:00+08:00,1.22,3.1100000000000003,5.109999999999999,7.85,8.27,10.197885211956024,67,1.7890510470640528E-4,Low
PUNGGOL,2021-04-17T12:50:00+08:00,5.57,20.09,28.66,34.08,53.55,67.58333190755457,67,0.004095705781699174,Moderate
QUEENSTOWN,2021-04-17T12:50:00+08:00,4.48,10.63,18.89,51.81,52.32,55.91228586177036,67,0.009957982933981991,High
RIVER VALLEY,2021-04-17T12:50:00+08:00,1.47,8.8,17.759999999999998,45.13999999999999,54.949999999999996,61.22100747797225,67,0.007438484065315535,High
ROCHOR,2021-04-17T12:50:00+08:00,1.42,5.6899999999999995,13.080000000000002,38.81999999999999,47.45,55.11496445377137,67,0.005401472647309221,Moderate
SELETAR,2021-04-17T12:50:00+08:00,1.39,6.739999999999999,17.58,33.95,38.010000000000005,45.714219375321605,67,0.004062555749501312,Moderate
SEMBAWANG,2021-04-17T12:50:00+08:00,1.9,6.4399999999999995,12.71,20.150000000000002,22.020000000000003,30.05420349198091,67,0.0013373504409142439,Low
SENGKANG,2021-04-17T12:50:00+08:00,4.62,12.969999999999999,18.53,21.73,24.11,31.907503956698637,67,0.001570878447970394,Low
SERANGOON,2021-04-17T12:50:00+08:00,1.87,7.8,22.990000000000006,31.089999999999996,33.150000000000006,41.8239334929683,67,0.0033689901312092393,Moderate
SIMPANG,2021-04-17T12:50:00+08:00,1.66,6.15,14.84,27.12,29.450000000000003,36.9521719786575,67,0.0025187885730226273,Low
SINGAPORE RIVER,2021-04-17T12:50:00+08:00,1.56,6.66,15.11,43.08,50.790000000000006,58.36462858384364,67,0.006737187223575363,Moderate
SOUTHERN ISLANDS,2021-04-17T12:50:00+08:00,2.35,7.18,15.33,38.35000000000001,43.050000000000004,49.29318744104319,67,0.0052635326827208334,Moderate
STRAITS VIEW,2021-04-17T12:50:00+08:00,1.47,4.93,11.16,33.980000000000004,43.349999999999994,50.28542020671612,67,0.004070193188791691,Moderate
SUNGEI KADUT,2021-04-17T12:50:00+08:00,4.48,12.0,23.54,28.14,31.240000000000002,34.9690319379608,67,0.0027248163962878564,Low
TAMPINES,2021-04-17T12:50:00+08:00,3.85,11.83,17.46,20.45,21.58,26.621931599047315,67,0.0013801627716233773,Low
TANGLIN,2021-04-17T12:50:00+08:00,3.93,9.12,24.560000000000002,73.11999999999999,73.58999999999999,80.86082559198373,67,0.020556908606093847,High
TENGAH,2021-04-17T12:50:00+08:00,4.99,14.290000000000001,18.85,20.95,21.28,25.775088643050175,67,0.0014531064352201963,Low
TOA PAYOH,2021-04-17T12:50:00+08:00,2.12,8.8,22.220000000000002,38.599999999999994,41.56,54.92415269456938,67,0.005336672330335268,Moderate
TUAS,2021-04-17T12:50:00+08:00,1.2,3.26,5.640000000000001,9.42,10.08,13.502174702284073,67,2.6402588702653147E-4,Low
WESTERN ISLANDS,2021-04-17T12:50:00+08:00,2.64,7.23,12.48,21.57,22.950000000000003,27.680971791150707,67,0.0015463238330195546,Low
WESTERN WATER CATCHMENT,2021-04-17T12:50:00+08:00,2.03,4.48,5.75,6.84,7.059999999999999,8.593052130823587,67,1.3333186238255717E-4,Low
WOODLANDS,2021-04-17T12:50:00+08:00,0.87,1.94,4.550000000000001,5.94,6.460000000000001,13.575902744124729,67,9.865781314290058E-5,Low
YISHUN,2021-04-17T12:50:00+08:00,0.49,3.0700000000000003,12.13,31.18,31.340000000000003,38.34944931745985,67,0.0033897765835404566,Moderate
ANG MO KIO,2021-04-17T12:55:00+08:00,1.03,4.25,16.62,31.9,33.06,47.05242106571005,67,0.0035584941761493084,Moderate
BEDOK,2021-04-17T12:55:00+08:00,1.61,5.140000000000001,10.739999999999998,24.4,38.44,45.39565804846535,67,0.0020109971267122883,Low
BISHAN,2021-04-17T12:55:00+08:00,1.55,6.87,23.099999999999998,41.09,43.230000000000004,53.08526791652519,67,0.006094042891458033,Moderate
BOON LAY,2021-04-17T12:55:00+08:00,1.78,6.75,9.28,12.329999999999998,12.8,16.989994816671334,67,4.690054945149917E-4,Low
BUKIT BATOK,2021-04-17T12:55:00+08:00,7.03,18.740000000000002,30.669999999999998,37.9,38.66,42.5485020887257,67,0.00513321316542337,Moderate
BUKIT MERAH,2021-04-17T12:55:00+08:00,2.21,6.61,14.07,44.21000000000001,48.93000000000001,54.10558186508893,67,0.0071173984751564,High
BUKIT PANJANG,2021-04-17T12:55:00+08:00,4.41,13.27,25.14,37.120000000000005,38.97,46.059928713145624,67,0.004911378692233362,Moderate
BUKIT TIMAH,2021-04-17T12:55:00+08:00,3.48,11.44,25.02,52.9,54.97,63.15301226678752,67,0.010405924779341533,High
CENTRAL WATER CATCHMENT,2021-04-17T12:55:00+08:00,2.91,13.790000000000001,35.68000000000001,51.760000000000005,52.74,68.8898261083459,67,0.009937679342764611,High
CHANGI,2021-04-17T12:55:00+08:00,0.72,2.54,5.96,13.54,16.47,25.573251271604125,67,5.727130276980178E-4,Low
CHANGI BAY,2021-04-17T12:55:00+08:00,1.57,5.25,11.360000000000001,23.79,29.949999999999996,36.788505202187146,67,0.0019053775485752143,Low
CHOA CHU KANG,2021-04-17T12:55:00+08:00,4.68,12.66,21.96,28.48,29.99,34.32558794904294,67,0.00279539391879297,Low
CLEMENTI,2021-04-17T12:55:00+08:00,5.93,16.92,28.64,34.0,34.56999999999999,42.74073995045337,67,0.004075289004087309,Moderate
DOWNTOWN CORE,2021-04-17T12:55:00+08:00,1.47,4.54,10.610000000000001,32.989999999999995,47.17999999999999,54.448221596340595,67,0.0038221356208372,Moderate
GEYLANG,2021-04-17T12:55:00+08:00,2.06,4.800000000000001,8.47,25.79,41.46,50.09762033265324,67,0.0022629543879201615,Low
HOUGANG,2021-04-17T12:55:00+08:00,3.7,11.17,17.06,20.279999999999998,21.68,26.784785855165747,67,0.0013558147287825405,Low
JURONG EAST,2021-04-17T12:55:00+08:00,4.78,14.719999999999999,25.930000000000003,33.8,34.94,41.69929333122741,67,0.004024481639958851,Moderate
JURONG WEST,2021-04-17T12:55:00+08:00,1.53,3.96,5.56,6.680000000000001,6.88,9.27557455888088,67,1.2676186719851515E-4,Low
KALLANG,2021-04-17T12:55:00+08:00,1.57,5.65,11.8,36.39999999999999,48.34,54.18666601393974,67,0.004711164758472459,Moderate
LIM CHU KANG,2021-04-17T12:55:00+08:00,4.32,9.7,14.31,18.09,19.560000000000002,24.445262354057185,67,0.001062584811805121,Low
MANDAI,2021-04-17T12:55:00+08:00,1.56,5.21,10.780000000000001,18.22,19.85,27.207182770293183,67,0.0010789374684423924,Low
MARINA EAST,2021-04-17T12:55:00+08:00,1.11,3.1800000000000006,7.19,24.729999999999997,44.55,51.47992114986945,67,0.0020693926131437257,Low
MARINA SOUTH,2021-04-17T12:55:00+08:00,0.71,2.27,5.409999999999999,20.74,40.52000000000001,47.11476591787363,67,0.0014222277798085622,Low
MARINE PARADE,2021-04-17T12:55:00+08:00,2.14,4.710000000000001,8.430000000000001,24.740000000000002,45.7,53.340842583795954,67,0.002071175970900003,Low
MUSEUM,2021-04-17T12:55:00+08:00,0.97,2.7800000000000002,8.2,30.690000000000005,48.19,58.476626691823846,67,0.0032774202324386847,Moderate
NEWTON,2021-04-17T12:55:00+08:00,1.68,5.43,16.43,46.12,51.84,58.23329081168162,67,0.007784821161536994,High
NORTH-EASTERN ISLANDS,2021-04-17T12:55:00+08:00,1.51,5.21,11.08,22.15,28.439999999999998,35.50322950294979,67,0.0016363094619642484,Low
NOVENA,2021-04-17T12:55:00+08:00,2.0,7.62,20.03,48.63,52.760000000000005,59.98078645646138,67,0.008709301464117258,High
ORCHARD,2021-04-17T12:55:00+08:00,1.86,6.21,16.09,46.68000000000001,55.61,61.85392517109719,67,0.007986411497371367,High
OUTRAM,2021-04-17T12:55:00+08:00,1.86,5.78,13.31,40.16,50.379999999999995,57.330577467213445,67,0.0058050180218710635,Moderate
PASIR RIS,2021-04-17T12:55:00+08:00,0.92,4.53,7.89,12.66,15.98,22.58228902427691,67,4.962004813246271E-4,Low
PAYA LEBAR,2021-04-17T12:55:00+08:00,2.12,7.580000000000001,14.490000000000002,23.990000000000002,30.060000000000002,37.833119310586405,67,0.0019396750033922442,Low
PIONEER,2021-04-17T12:55:00+08:00,1.3,3.5700000000000003,5.8,8.94,9.57,11.473370851038387,67,2.361364491900403E-4,Low
PUNGGOL,2021-04-17T12:55:00+08:00,5.17,18.299999999999997,32.23,37.46,58.72,72.59087055836662,67,0.005007444189331348,Moderate
QUEENSTOWN,2021-04-17T12:55:00+08:00,5.63,13.27,21.849999999999998,56.39,57.95,61.40788015638562,67,0.011908646077272541,High
RIVER VALLEY,2021-04-17T12:55:00+08:00,1.8,6.22,14.820000000000002,43.89,56.75,62.87384031126431,67,0.00700862337593788,Moderate
ROCHOR,2021-04-17T12:55:00+08:00,1.43,4.75,11.459999999999999,36.05,48.88000000000001,56.41247540310051,67,0.004615416514974329,Moderate
SELETAR,2021-04-17T12:55:00+08:00,1.08,5.03,15.41,33.49,39.08,46.684328466614296,67,0.003946392167460558,Moderate
SEMBAWANG,2021-04-17T12:55:00+08:00,1.78,5.91,12.41,21.47,23.79,31.761957180497554,67,0.0015310811531075422,Low
SENGKANG,2021-04-17T12:55:00+08:00,4.02,13.129999999999999,21.65,25.35,28.13,35.85080255717138,67,0.002181497714969361,Low
SERANGOON,2021-04-17T12:55:00+08:00,1.51,6.23,19.560000000000002,31.849999999999998,34.650000000000006,43.2333943145669,67,0.0035466382212303734,Moderate
SIMPANG,2021-04-17T12:55:00+08:00,1.44,5.25,13.15,27.83,30.87,38.3033438675592,67,0.00266129567172351,Low
SINGAPORE RIVER,2021-04-17T12:55:00+08:00,1.71,5.42,13.149999999999999,41.089999999999996,52.5,59.934327772431224,67,0.006094042891458028,Moderate
SOUTHERN ISLANDS,2021-04-17T12:55:00+08:00,2.28,7.0,14.629999999999999,38.28000000000001,45.32000000000001,51.454693168692124,67,0.005243148312537639,Moderate
STRAITS VIEW,2021-04-17T12:55:00+08:00,1.49,4.61,10.32,30.650000000000002,44.839999999999996,51.65454073864786,67,0.0032683363271502554,Moderate
SUNGEI KADUT,2021-04-17T12:55:00+08:00,4.28,12.66,25.95,31.86,35.52,39.1649710319935,67,0.0035490077459832286,Moderate
TAMPINES,2021-04-17T12:55:00+08:00,2.57,11.43,19.45,22.5,24.14,29.127936013101856,67,0.0016919158908726877,Low
TANGLIN,2021-04-17T12:55:00+08:00,3.21,10.190000000000001,23.41,75.97999999999999,76.79999999999998,83.87644691233983,67,0.022272752896112965,High
TENGAH,2021-04-17T12:55:00+08:00,5.06,14.84,23.26,25.87,26.34,30.773128755039373,67,0.002277934274328305,Low
TOA PAYOH,2021-04-17T12:55:00+08:00,1.56,6.83,19.349999999999998,38.78,43.120000000000005,56.35212233001189,67,0.005389660304596706,Moderate
TUAS,2021-04-17T12:55:00+08:00,1.19,3.5,6.140000000000001,10.3,11.27,14.659717268517637,67,3.194740056608718E-4,Low
WESTERN ISLANDS,2021-04-17T12:55:00+08:00,2.56,7.710000000000001,13.51,23.39,25.5,30.174430413312525,67,0.0018377525742377515,Low
WESTERN WATER CATCHMENT,2021-04-17T12:55:00+08:00,2.99,6.42,8.469999999999999,9.75,10.049999999999999,11.562395575376962,67,2.841617382709422E-4,Low
WOODLANDS,2021-04-17T12:55:00+08:00,0.69,2.09,3.8000000000000003,6.57,7.15,14.233268077942958,67,1.2234720742506494E-4,Low
YISHUN,2021-04-17T12:55:00+08:00,0.29,1.69,7.9,31.42,31.630000000000003,38.547262337314336,67,0.00344553642100482,Moderate
ANG MO KIO,2021-04-17T13:00:00+08:00,0.75,3.02,11.25,32.21,33.8,47.689313297964134,67,0.003632466129370837,Moderate
BEDOK,2021-04-17T13:00:00+08:00,1.07,4.2700000000000005,10.049999999999999,21.64,39.49,46.356532918856225,67,0.0015570412804385755,Low
BISHAN,2021-04-17T13:00:00+08:00,1.23,4.93,17.6,41.46,44.45,54.18765798661644,67,0.00621107377085101,Moderate
BOON LAY,2021-04-17T13:00:00+08:00,1.45,5.57,9.969999999999999,13.44,14.25,18.399153126824075,67,5.637248773625112E-4,Low
BUKIT BATOK,2021-04-17T13:00:00+08:00,5.13,18.86,31.77,42.589999999999996,43.78,47.5762211437034,67,0.006575698191972246,Moderate
BUKIT MERAH,2021-04-17T13:00:00+08:00,2.46,6.91,13.82,43.900000000000006,51.38000000000001,56.43551923603085,67,0.007012009382251862,Moderate
BUKIT PANJANG,2021-04-17T13:00:00+08:00,3.66,12.66,24.740000000000002,39.91,42.620000000000005,49.6092067651293,67,0.005728574864325448,Moderate
BUKIT TIMAH,2021-04-17T13:00:00+08:00,3.08,10.64,23.380000000000003,54.209999999999994,58.03999999999999,66.08120081729906,67,0.010957747671183028,High
CENTRAL WATER CATCHMENT,2021-04-17T13:00:00+08:00,1.93,9.24,28.820000000000004,53.31,54.66,70.65422412071094,67,0.010577051635843212,High
CHANGI,2021-04-17T13:00:00+08:00,0.55,2.08,5.13,13.259999999999998,16.91,26.0617765738134,67,5.477362489673003E-4,Low
CHANGI BAY,2021-04-17T13:00:00+08:00,1.35,4.640000000000001,10.469999999999999,23.3,31.15,38.05007052427084,67,0.0018227149864028704,Low
CHOA CHU KANG,2021-04-17T13:00:00+08:00,4.21,13.100000000000001,23.45,32.18,34.19,38.453073796921835,67,0.003625272539893009,Moderate
CLEMENTI,2021-04-17T13:00:00+08:00,5.71,17.6,32.02,39.0,40.28,48.34799689115673,67,0.005454795796664281,Moderate
DOWNTOWN CORE,2021-04-17T13:00:00+08:00,1.7,4.57,10.16,30.81,48.86999999999999,56.017335306899795,67,0.003304751654192137,Moderate
GEYLANG,2021-04-17T13:00:00+08:00,2.46,6.21,9.400000000000002,24.67,43.910000000000004,52.437192310526704,67,0.002058709517487783,Low
HOUGANG,2021-04-17T13:00:00+08:00,1.72,9.48,17.589999999999996,21.61,23.39,28.44039878922924,67,0.0015524432903593062,Low
JURONG EAST,2021-04-17T13:00:00+08:00,4.25,14.17,26.810000000000002,37.08,39.18000000000001,45.8490537712122,67,0.004900141006044677,Moderate
JURONG WEST,2021-04-17T13:00:00+08:00,1.54,4.47,6.78,8.100000000000001,8.42,10.79327731021326,67,1.9128797242836998E-4,Low
KALLANG,2021-04-17T13:00:00+08:00,1.47,4.85,11.150000000000002,34.239999999999995,49.8,55.52640846936258,67,0.004136700250308178,Moderate
LIM CHU KANG,2021-04-17T13:00:00+08:00,4.98,12.600000000000001,17.84,22.730000000000004,24.53,29.36649919173299,67,0.0017289930559708326,Low
MANDAI,2021-04-17T13:00:00+08:00,1.44,4.67,10.43,19.15,21.270000000000003,28.581780318302343,67,0.001199791266379303,Low
MARINA EAST,2021-04-17T13:00:00+08:00,1.17,3.26,6.7299999999999995,21.4,45.71,52.526170260263456,67,0.0015204588281172572,Low
MARINA SOUTH,2021-04-17T13:00:00+08:00,0.73,2.13,4.84,16.5,41.25000000000001,47.731508281387725,67,8.732495178513561E-4,Low
MARINE PARADE,2021-04-17T13:00:00+08:00,2.0,5.74,8.850000000000001,22.630000000000003,47.690000000000005,55.21261828634878,67,0.001712820292836284,Low
MUSEUM,2021-04-17T13:00:00+08:00,2.13,3.77,8.69,28.340000000000003,50.32,60.46605665184256,67,0.0027662172682432562,Low
NEWTON,2021-04-17T13:00:00+08:00,2.29,5.37,16.0,46.519999999999996,54.13,60.383305718820836,67,0.0079285408025787,High
NORTH-EASTERN ISLANDS,2021-04-17T13:00:00+08:00,1.27,4.470000000000001,10.249999999999998,21.84,29.32,36.68788445702237,67,0.001587878572102552,Low
NOVENA,2021-04-17T13:00:00+08:00,1.89,6.37,17.49,48.77,54.64,61.726600616284095,67,0.008762452828825281,High
ORCHARD,2021-04-17T13:00:00+08:00,2.14,5.620000000000001,15.48,45.89,57.75,63.845236554359374,67,0.0077028013586613485,High
OUTRAM,2021-04-17T13:00:00+08:00,2.15,5.82,12.84,38.989999999999995,52.519999999999996,59.34276237727695,67,0.005451826203344679,Moderate
PASIR RIS,2021-04-17T13:00:00+08:00,0.72,3.0199999999999996,7.59,12.649999999999999,16.490000000000002,23.248004202278867,67,4.953644279134066E-4,Low
PAYA LEBAR,2021-04-17T13:00:00+08:00,1.62,6.23,13.91,24.080000000000002,31.599999999999998,39.36217351916561,67,0.0019552144522141427,Low
PIONEER,2021-04-17T13:00:00+08:00,2.11,4.63,7.25,10.68,11.669999999999998,13.555790392135545,67,3.451582559818326E-4,Low
PUNGGOL,2021-04-17T13:00:00+08:00,2.39,13.13,32.03,38.25,61.11,74.80637175168198,67,0.005234424838408205,Moderate
QUEENSTOWN,2021-04-17T13:00:00+08:00,5.84,15.95,24.81,56.39,63.79,67.1002637725911,67,0.011908646077272541,High
RIVER VALLEY,2021-04-17T13:00:00+08:00,1.92,5.1899999999999995,14.400000000000002,41.879999999999995,58.67,64.64269995405955,67,0.006345329730292583,Moderate
ROCHOR,2021-04-17T13:00:00+08:00,1.79,4.64,11.059999999999999,34.11,50.66,58.06686730852541,67,0.004103375900317332,Moderate
SELETAR,2021-04-17T13:00:00+08:00,0.8,3.2699999999999996,12.63,30.8,39.84,47.37210554456313,67,0.0033024694685281253,Moderate
SEMBAWANG,2021-04-17T13:00:00+08:00,1.62,5.3,11.899999999999999,22.380000000000003,25.380000000000003,33.30560565607949,67,0.0016727400407709758,Low
SENGKANG,2021-04-17T13:00:00+08:00,2.78,11.42,23.290000000000003,27.769999999999996,30.9,38.54462199180837,67,0.002649092634318123,Low
SERANGOON,2021-04-17T13:00:00+08:00,1.09,4.47,14.860000000000001,32.01,35.720000000000006,44.219466979644636,67,0.0035846506015922747,Moderate
SIMPANG,2021-04-17T13:00:00+08:00,1.3,4.3999999999999995,11.55,27.92,32.120000000000005,39.51126771878859,67,0.002679655731025166,Low
SINGAPORE RIVER,2021-04-17T13:00:00+08:00,2.18,5.45,12.830000000000002,39.73,54.67,61.97025361275675,67,0.0056738639709970696,Moderate
SOUTHERN ISLANDS,2021-04-17T13:00:00+08:00,2.32,6.949999999999999,14.24,37.760000000000005,47.620000000000005,53.6510029238005,67,0.005093018375317898,Moderate
STRAITS VIEW,2021-04-17T13:00:00+08:00,1.56,4.52,9.77,28.36,46.38999999999999,53.09037008675453,67,0.002770375474217439,Low
SUNGEI KADUT,2021-04-17T13:00:00+08:00,4.26,13.020000000000001,25.6,35.73,39.769999999999996,43.33082364601572,67,0.00452877776289972,Moderate
TAMPINES,2021-04-17T13:00:00+08:00,1.29,7.71,18.419999999999998,23.31,25.409999999999997,30.347916325551946,67,0.0018243826023757609,Low
TANGLIN,2021-04-17T13:00:00+08:00,2.46,9.600000000000001,19.290000000000003,76.9,79.25999999999999,86.13481907976848,67,0.022839285454717213,High
TENGAH,2021-04-17T13:00:00+08:00,3.71,13.760000000000002,25.81,29.34,30.05,34.40915424275701,67,0.0029781687950651836,Low
TOA PAYOH,2021-04-17T13:00:00+08:00,1.29,4.970000000000001,15.930000000000003,38.39999999999999,44.400000000000006,57.50665931620456,67,0.005278118318490336,Moderate
TUAS,2021-04-17T13:00:00+08:00,1.32,3.71,6.640000000000001,11.11,12.580000000000002,15.944477256240424,67,3.7549735323921124E-4,Low
WESTERN ISLANDS,2021-04-17T13:00:00+08:00,2.57,7.77,14.260000000000002,24.68,28.050000000000004,32.67189509228647,67,0.002060488003743687,Low
WESTERN WATER CATCHMENT,2021-04-17T13:00:00+08:00,5.25,10.27,13.31,14.87,15.299999999999999,16.78460111286674,67,6.994627143961091E-4,Low
WOODLANDS,2021-04-17T13:00:00+08:00,0.54,2.1,3.66,7.04,7.690000000000001,14.739053192851774,67,1.4179290830298587E-4,Low
YISHUN,2021-04-17T13:00:00+08:00,0.46,1.24,5.71,31.78,32.09,38.914599840955205,67,0.0035300748725214594,Moderate
ANG MO KIO,2021-04-17T13:05:00+08:00,0.68,2.46,8.16,32.33,34.47,48.25467452592443,67,0.003661315546112344,Moderate
BEDOK,2021-04-17T13:05:00+08:00,1.65,4.33,9.84,20.6,41.120000000000005,47.89509797374321,67,0.0014018370324411285,Low
BISHAN,2021-04-17T13:05:00+08:00,1.19,3.97,13.39,41.260000000000005,45.63000000000001,55.24739805746878,67,0.006147669383333859,Moderate
BOON LAY,2021-04-17T13:05:00+08:00,1.54,4.77,10.760000000000002,14.39,15.790000000000003,19.894924007653266,67,6.521678979110583E-4,Low
BUKIT BATOK,2021-04-17T13:05:00+08:00,4.9,17.060000000000002,32.72,46.78999999999999,48.68,52.36185423017444,67,0.008026324522699373,High
BUKIT MERAH,2021-04-17T13:05:00+08:00,2.46,7.13,13.860000000000003,41.400000000000006,53.84,58.75985574714354,67,0.006192016761059901,Moderate
BUKIT PANJANG,2021-04-17T13:05:00+08:00,3.64,11.71,24.48,42.06999999999999,46.25,53.12995282431692,67,0.006406557346358884,Moderate
BUKIT TIMAH,2021-04-17T13:05:00+08:00,3.26,9.82,22.229999999999997,52.79,61.28999999999999,69.18235039164348,67,0.010360257778068933,High
CENTRAL WATER CATCHMENT,2021-04-17T13:05:00+08:00,1.55,6.39,23.68,54.22,56.209999999999994,72.03438075471384,67,0.010962016618491457,High
CHANGI,2021-04-17T13:05:00+08:00,0.55,1.82,4.54,12.719999999999999,17.39,26.549127526113175,67,5.012325240366246E-4,Low
CHANGI BAY,2021-04-17T13:05:00+08:00,1.38,4.3,9.830000000000002,22.75,32.44,39.33860321096162,67,0.001732237260008599,Low
CHOA CHU KANG,2021-04-17T13:05:00+08:00,4.33,13.22,24.560000000000002,35.72,38.51,42.69063771729769,67,0.004526084186140506,Moderate
CLEMENTI,2021-04-17T13:05:00+08:00,5.82,17.46,33.370000000000005,43.83,46.099999999999994,54.05177473128725,67,0.006988325240524949,Moderate
DOWNTOWN CORE,2021-04-17T13:05:00+08:00,1.7,4.87,9.969999999999999,28.85,50.559999999999995,57.58267707660833,67,0.0028732814481371707,Low
GEYLANG,2021-04-17T13:05:00+08:00,1.75,6.27,10.059999999999999,23.0,45.650000000000006,54.061140268256146,67,0.0017730614235580296,Low
HOUGANG,2021-04-17T13:05:00+08:00,0.79,6.21,16.97,22.0,24.17,29.162031849803082,67,0.0016127789952565038,Low
JURONG EAST,2021-04-17T13:05:00+08:00,4.48,13.510000000000002,27.560000000000002,40.21,43.660000000000004,50.21883873853446,67,0.005820370270340603,Moderate
JURONG WEST,2021-04-17T13:05:00+08:00,2.25,5.32,8.51,10.17,10.67,13.01733170580927,67,3.109291119248578E-4,Low
KALLANG,2021-04-17T13:05:00+08:00,1.4,4.4399999999999995,10.560000000000002,31.61,51.18999999999999,56.79293036195241,67,0.003490019492437254,Moderate
LIM CHU KANG,2021-04-17T13:05:00+08:00,5.48,14.780000000000001,21.69,27.71,30.0,34.775906030002794,67,0.00263691919099614,Low
MANDAI,2021-04-17T13:05:00+08:00,1.37,4.37,10.059999999999999,19.37,22.630000000000003,29.883073516467586,67,0.001229376144439258,Low
MARINA EAST,2021-04-17T13:05:00+08:00,1.28,3.5600000000000005,6.82,19.04,46.99,53.679904326825444,67,0.0011851419528825411,Low
MARINA SOUTH,2021-04-17T13:05:00+08:00,0.89,2.33,4.81,13.639999999999999,42.14000000000001,48.50676807821489,67,5.817766825280029E-4,Low
MARINE PARADE,2021-04-17T13:05:00+08:00,2.65,6.790000000000001,10.39,21.85,50.33,57.729894488841,67,0.0015894288413818795,Low
MUSEUM,2021-04-17T13:05:00+08:00,1.86,4.96,8.83,27.020000000000003,52.18,62.18070428660004,67,0.0024990495277813427,Low
NEWTON,2021-04-17T13:05:00+08:00,2.02,5.99,14.16,46.53,56.150000000000006,62.25815227582506,67,0.007932151311192475,High
NORTH-EASTERN ISLANDS,2021-04-17T13:05:00+08:00,1.25,4.03,9.549999999999999,21.45,30.33,37.8496916580066,67,0.0015280422080973838,Low
NOVENA,2021-04-17T13:05:00+08:00,1.91,5.8,15.22,47.16,56.54,63.4882180708567,67,0.008161336518739317,High
ORCHARD,2021-04-17T13:05:00+08:00,2.18,6.18,14.809999999999999,45.11,59.93,65.87176108966887,67,0.007428011266037002,High
OUTRAM,2021-04-17T13:05:00+08:00,2.15,6.16,12.64,37.08,54.66,61.350110262203074,67,0.004900141006044677,Moderate
PASIR RIS,2021-04-17T13:05:00+08:00,0.74,2.38,7.21,12.7,17.1,23.93211908945555,67,4.995521812450637E-4,Low
PAYA LEBAR,2021-04-17T13:05:00+08:00,1.38,5.12,13.030000000000001,24.020000000000003,32.92,40.64755208461366,67,0.0019448475347202776,Low
PIONEER,2021-04-17T13:05:00+08:00,2.47,5.880000000000001,8.99,12.64,14.139999999999999,15.993204073375354,67,4.94529122977223E-4,Low
PUNGGOL,2021-04-17T13:05:00+08:00,1.01,8.57,28.66,38.46000000000001,61.92,75.63654717453244,67,0.005295648992941448,Moderate
QUEENSTOWN,2021-04-17T13:05:00+08:00,5.2,16.669999999999998,27.3,53.629999999999995,68.99000000000001,72.13896365500777,67,0.010711614972465271,High
RIVER VALLEY,2021-04-17T13:05:00+08:00,2.2,5.92,14.720000000000002,41.16,60.87,66.68730749332599,67,0.006116094652081062,Moderate
ROCHOR,2021-04-17T13:05:00+08:00,1.68,4.8999999999999995,10.59,32.239999999999995,52.34,59.60728227565126,67,0.0036396672241028336,Moderate
SELETAR,2021-04-17T13:05:00+08:00,0.6,2.48,9.219999999999999,28.86,40.41,47.85822929781088,67,0.0028754021893678686,Low
SEMBAWANG,2021-04-17T13:05:00+08:00,1.57,4.970000000000001,11.41,22.55,26.93,34.79554340585173,67,0.0016999399713960549,Low
SENGKANG,2021-04-17T13:05:00+08:00,1.73,8.53,21.5,28.909999999999997,32.62,40.18196584248897,67,0.0028860182749903315,Low
SERANGOON,2021-04-17T13:05:00+08:00,0.9,3.5,11.3,31.859999999999996,36.61,45.01316925706843,67,0.003549007745983225,Moderate
SIMPANG,2021-04-17T13:05:00+08:00,1.2,3.9400000000000004,10.09,27.84,33.29,40.61628788159292,67,0.00266333238895275,Low
SINGAPORE RIVER,2021-04-17T13:05:00+08:00,2.17,6.0600000000000005,12.72,38.14,56.84,63.99128535790333,67,0.0052025038721233855,Moderate
SOUTHERN ISLANDS,2021-04-17T13:05:00+08:00,2.31,6.91,14.09,36.120000000000005,49.92,55.832033042111185,67,0.004634483635968415,Moderate
STRAITS VIEW,2021-04-17T13:05:00+08:00,1.63,4.68,9.61,26.259999999999998,48.00999999999999,54.592747891906555,67,0.002351709383092322,Low
SUNGEI KADUT,2021-04-17T13:05:00+08:00,4.48,13.02,25.02,39.56,44.239999999999995,47.706662103927414,67,0.0056224447736520486,Moderate
TAMPINES,2021-04-17T13:05:00+08:00,0.55,4.41,16.240000000000002,23.45,25.95,30.82496396744631,67,0.0018478139460513388,Low
TANGLIN,2021-04-17T13:05:00+08:00,1.92,7.59,16.71,67.89,81.17999999999999,87.84776242060731,67,0.017597565883248904,High
TENGAH,2021-04-17T13:05:00+08:00,4.52,13.29,27.580000000000002,33.5,34.57,38.84643920837041,67,0.003948898627449507,Moderate
TOA PAYOH,2021-04-17T13:05:00+08:00,1.21,4.0600000000000005,12.860000000000003,37.19,45.6,58.57842094890149,67,0.004931077127716631,Moderate
TUAS,2021-04-17T13:05:00+08:00,1.51,4.02,7.279999999999999,11.940000000000001,14.080000000000002,17.416148851676283,67,4.3791312205327277E-4,Low
WESTERN ISLANDS,2021-04-17T13:05:00+08:00,2.71,7.84,15.07,25.700000000000003,30.750000000000004,35.30335619804431,67,0.002246164416541819,Low
WESTERN WATER CATCHMENT,2021-04-17T13:05:00+08:00,6.42,14.66,19.14,21.1,21.72,23.164253162189965,67,0.0014753777426342281,Low
WOODLANDS,2021-04-17T13:05:00+08:00,0.58,1.81,3.75,7.42,8.27,15.283622467554906,67,1.5863333021421877E-4,Low
YISHUN,2021-04-17T13:05:00+08:00,0.27,1.02,4.09,31.95,32.36,39.09105431405046,67,0.003570370960739531,Moderate
ANG MO KIO,2021-04-17T13:10:00+08:00,0.5,1.9300000000000002,6.18,31.580000000000005,34.96,48.63867670061995,67,0.003482975874064929,Moderate
BEDOK,2021-04-17T13:10:00+08:00,1.48,4.199999999999999,9.340000000000002,20.310000000000002,42.58,49.25996452268834,67,0.0013600947658707673,Low
BISHAN,2021-04-17T13:10:00+08:00,1.19,3.61,10.479999999999999,40.31,46.81,56.304590654012884,67,0.0058511383975474495,Moderate
BOON LAY,2021-04-17T13:10:00+08:00,2.41,5.4,12.149999999999999,16.29,18.200000000000003,22.257099254048395,67,8.497110426889051E-4,Low
BUKIT BATOK,2021-04-17T13:10:00+08:00,5.34,15.370000000000001,34.11,51.26,54.019999999999996,57.57598329063785,67,0.009735821467670677,High
BUKIT MERAH,2021-04-17T13:10:00+08:00,2.16,7.08,13.690000000000001,37.08,55.99000000000001,60.77860486214976,67,0.004900141006044677,Moderate
BUKIT PANJANG,2021-04-17T13:10:00+08:00,3.72,11.020000000000001,24.29,43.83,49.96,56.72223547782774,67,0.006988325240524949,Moderate
BUKIT TIMAH,2021-04-17T13:10:00+08:00,3.57,9.91,21.35,49.76,64.85,72.58604521450314,67,0.009143096797805192,High
CENTRAL WATER CATCHMENT,2021-04-17T13:10:00+08:00,1.46,4.9399999999999995,18.73,54.78,57.66,73.3212196755688,67,0.011202445339524513,High
CHANGI,2021-04-17T13:10:00+08:00,0.46,1.56,4.1,11.719999999999999,17.79,26.94530695148458,67,4.208726254065408E-4,Low
CHANGI BAY,2021-04-17T13:10:00+08:00,1.22,3.95,9.2,21.770000000000003,33.56999999999999,40.46403843629848,67,0.0015770491048282336,Low
CHOA CHU KANG,2021-04-17T13:10:00+08:00,4.33,12.87,25.53,39.040000000000006,42.83,46.9180150971118,67,0.005466682637056879,Moderate
CLEMENTI,2021-04-17T13:10:00+08:00,5.86,17.39,34.31,48.59,51.959999999999994,59.78184144742875,67,0.008694146168899538,High
DOWNTOWN CORE,2021-04-17T13:10:00+08:00,1.43,4.83,9.370000000000001,26.64,51.98,58.874255972710756,67,0.0024247884844691794,Low
GEYLANG,2021-04-17T13:10:00+08:00,1.25,5.46,10.260000000000002,20.41,46.89,55.181184470891296,67,0.0013744131694549775,Low
HOUGANG,2021-04-17T13:10:00+08:00,0.56,3.07,14.24,22.09,24.72,29.65193020039252,67,0.0016268756286876396,Low
JURONG EAST,2021-04-17T13:10:00+08:00,4.69,13.420000000000002,28.14,43.36,48.35000000000001,54.788119323468116,67,0.00683038475543884,Moderate
JURONG WEST,2021-04-17T13:10:00+08:00,2.59,6.38,10.34,12.55,13.26,15.576039770178667,67,4.8704504730887646E-4,Low
KALLANG,2021-04-17T13:10:00+08:00,1.21,4.08,9.73,27.950000000000003,52.38999999999999,57.86640770421246,67,0.002685790554898497,Low
LIM CHU KANG,2021-04-17T13:10:00+08:00,5.92,16.380000000000003,26.08,33.01,35.910000000000004,40.61230937305496,67,0.0038270657510394933,Moderate
MANDAI,2021-04-17T13:10:00+08:00,1.09,3.9000000000000004,9.11,19.15,23.71,30.90123857870499,67,0.001199791266379303,Low
MARINA EAST,2021-04-17T13:10:00+08:00,1.09,3.54,6.720000000000001,17.36,48.07000000000001,54.64086497000378,67,9.732127377095222E-4,Low
MARINA SOUTH,2021-04-17T13:10:00+08:00,0.82,2.44,4.71,12.48,42.96000000000001,49.21016425350981,67,4.8126597411062515E-4,Low
MARINE PARADE,2021-04-17T13:10:00+08:00,1.83,6.48,11.190000000000001,20.67,52.14999999999999,59.4211194938472,67,0.0014120129141511405,Low
MUSEUM,2021-04-17T13:10:00+08:00,1.21,5.2,7.98,26.190000000000005,53.39,63.24123013629215,67,0.0023383762184817037,Low
NEWTON,2021-04-17T13:10:00+08:00,1.74,6.050000000000001,11.48,43.7,57.89,63.84849195084264,67,0.006944451223019008,Moderate
NORTH-EASTERN ISLANDS,2021-04-17T13:10:00+08:00,1.1,3.62,8.83,20.619999999999997,31.21,38.8587060288648,67,0.0014047404501682811,Low
NOVENA,2021-04-17T13:10:00+08:00,1.91,5.71,13.33,43.269999999999996,58.44,65.24560083115863,67,0.0068003555696919335,Moderate
ORCHARD,2021-04-17T13:10:00+08:00,1.8,6.12,12.33,42.68,61.730000000000004,67.51341412928738,67,0.006605206186535357,Moderate
OUTRAM,2021-04-17T13:10:00+08:00,1.81,6.109999999999999,11.89,34.129999999999995,56.459999999999994,63.0126327495575,67,0.004108493503182972,Moderate
PASIR RIS,2021-04-17T13:10:00+08:00,0.44,1.9,6.430000000000001,12.350000000000001,17.42,24.314589455351125,67,4.706305213556575E-4,Low
PAYA LEBAR,2021-04-17T13:10:00+08:00,1.01,4.01,11.590000000000002,23.490000000000002,33.86,41.55984077079612,67,0.0018545376713942244,Low
PIONEER,2021-04-17T13:10:00+08:00,3.09,7.67,11.24,15.15,17.229999999999997,19.044758536017817,67,7.278638975205972E-4,Low
PUNGGOL,2021-04-17T13:10:00+08:00,0.8,4.2,22.5,38.85000000000001,62.32000000000001,76.25472696598307,67,0.005410340791825701,Moderate
QUEENSTOWN,2021-04-17T13:10:00+08:00,5.84,16.88,30.15,51.23,74.83,77.80555117246779,67,0.009723778104099396,High
RIVER VALLEY,2021-04-17T13:10:00+08:00,1.65,5.77,11.99,40.06999999999999,62.519999999999996,68.17700006776289,67,0.0057774374173665925,Moderate
ROCHOR,2021-04-17T13:10:00+08:00,1.35,4.82,9.57,29.67,53.69,60.81399428989206,67,0.0030499254093186963,Moderate
SELETAR,2021-04-17T13:10:00+08:00,0.5,1.9,6.93,26.73,40.87,48.24318447415371,67,0.0024422697435619784,Low
SEMBAWANG,2021-04-17T13:10:00+08:00,1.35,4.540000000000001,10.45,22.299999999999997,28.259999999999998,36.061899543261845,67,0.0016600203825449286,Low
SENGKANG,2021-04-17T13:10:00+08:00,0.5,5.01,18.139999999999997,28.689999999999998,32.94,40.585373736128716,67,0.0028394618005203004,Low
SERANGOON,2021-04-17T13:10:00+08:00,0.79,2.7800000000000002,9.010000000000002,31.289999999999996,37.38,45.694963579687325,67,0.003415273707349784,Moderate
SIMPANG,2021-04-17T13:10:00+08:00,1.02,3.52,8.77,26.54,34.269999999999996,41.538651722764946,67,0.002405442621765175,Low
SINGAPORE RIVER,2021-04-17T13:10:00+08:00,1.71,6.06,11.48,35.66,58.550000000000004,65.5474588112966,67,0.0045099403913871055,Moderate
SOUTHERN ISLANDS,2021-04-17T13:10:00+08:00,2.15,6.779999999999999,13.780000000000001,33.519999999999996,52.06,57.847820253840624,67,0.003953914057878202,Moderate
STRAITS VIEW,2021-04-17T13:10:00+08:00,1.44,4.63,9.24,24.25,49.44,55.90151418045639,67,0.0019847456935280314,Low
SUNGEI KADUT,2021-04-17T13:10:00+08:00,4.19,12.93,25.590000000000003,42.96,48.42,51.78198162766354,67,0.006697449851876839,Moderate
TAMPINES,2021-04-17T13:10:00+08:00,0.49,2.33,13.76,23.520000000000003,26.43,31.240864850201373,67,0.0018595889428293674,Low
TANGLIN,2021-04-17T13:10:00+08:00,2.77,7.15,17.340000000000003,56.05,83.94999999999999,90.40658807327686,67,0.011757660724106445,High
TENGAH,2021-04-17T13:10:00+08:00,4.7,12.93,27.77,37.76,39.269999999999996,43.45305753056897,67,0.005093018375317898,Moderate
TOA PAYOH,2021-04-17T13:10:00+08:00,1.17,3.67,10.500000000000002,35.08,46.76,59.607606209052975,67,0.004355444272417703,Moderate
TUAS,2021-04-17T13:10:00+08:00,1.62,4.45,7.95,12.760000000000002,15.690000000000001,18.994282744157765,67,5.046021983217546E-4,Low
WESTERN ISLANDS,2021-04-17T13:10:00+08:00,2.91,8.19,15.900000000000002,26.69,33.650000000000006,38.12849162098199,67,0.0024344921083555007,Low
WESTERN WATER CATCHMENT,2021-04-17T13:10:00+08:00,7.36,19.03,25.45,28.229999999999997,29.08,30.468569375737882,67,0.002743406027733537,Low
WOODLANDS,2021-04-17T13:10:00+08:00,0.54,1.6600000000000001,3.75,7.76,8.81,15.786882670085987,67,1.7455493179049757E-4,Low
YISHUN,2021-04-17T13:10:00+08:00,0.07,0.8,2.4899999999999998,28.15,32.43,39.0670846140403,67,0.002726878617828454,Low
ANG MO KIO,2021-04-17T13:15:00+08:00,0.44,1.62,4.640000000000001,28.73,35.39,48.9617557851151,67,0.002847896913267588,Low
BEDOK,2021-04-17T13:15:00+08:00,0.73,3.86,8.13,18.92,43.29,49.871550113818216,67,0.0011692696036118984,Low
BISHAN,2021-04-17T13:15:00+08:00,0.99,3.37,8.299999999999999,38.02,47.79,57.15924190003848,67,0.005167797663796102,Moderate
BOON LAY,2021-04-17T13:15:00+08:00,3.1,7.050000000000001,12.62,18.909999999999997,21.300000000000004,25.30359614504559,67,0.0011679520261106352,Low
BUKIT BATOK,2021-04-17T13:15:00+08:00,5.56,15.8,34.66,55.97,59.58,62.99757827771226,67,0.011722278686561394,High
BUKIT MERAH,2021-04-17T13:15:00+08:00,2.38,7.0,13.91,32.7,58.360000000000014,63.01250117254221,67,0.0037510242869970827,Moderate
BUKIT PANJANG,2021-04-17T13:15:00+08:00,3.71,11.07,23.73,45.53,53.66,60.29588276119504,67,0.007575329627172616,High
BUKIT TIMAH,2021-04-17T13:15:00+08:00,3.15,9.98,20.619999999999997,47.13999999999999,67.99,75.56155800730396,67,0.008154008650472978,High
CENTRAL WATER CATCHMENT,2021-04-17T13:15:00+08:00,1.52,4.529999999999999,13.77,55.15,59.17,74.66496520665784,67,0.01136277435205614,High
CHANGI,2021-04-17T13:15:00+08:00,0.44,1.45,3.53,10.19,18.18,27.320534014163147,67,3.1223570327550305E-4,Low
CHANGI BAY,2021-04-17T13:15:00+08:00,1.08,3.6799999999999997,8.32,20.46,34.58,41.446768264905536,67,0.001381602158520332,Low
CHOA CHU KANG,2021-04-17T13:15:00+08:00,4.52,13.18,26.279999999999998,42.5,47.34,51.325230423454045,67,0.006546259146214598,Moderate
CLEMENTI,2021-04-17T13:15:00+08:00,4.75,16.43,34.03,52.400000000000006,56.709999999999994,64.38813384461665,67,0.010199182984953465,High
DOWNTOWN CORE,2021-04-17T13:15:00+08:00,1.2,4.33,8.9,23.389999999999997,53.17,59.93273008477664,67,0.00183775257423775,Low
GEYLANG,2021-04-17T13:15:00+08:00,0.7,3.7,9.91,18.65,47.58,55.748536236098836,67,0.0011339711680193613,Low
HOUGANG,2021-04-17T13:15:00+08:00,0.64,1.9900000000000002,11.47,22.24,25.340000000000003,30.22065090044661,67,0.0016505143508713741,Low
JURONG EAST,2021-04-17T13:15:00+08:00,4.72,13.89,28.06,46.68000000000001,53.06,59.37641596505814,67,0.007986411497371367,High
JURONG WEST,2021-04-17T13:15:00+08:00,4.36,9.2,13.669999999999998,16.71,17.62,19.898597040371712,67,8.97129389175903E-4,Low
KALLANG,2021-04-17T13:15:00+08:00,0.91,3.52,8.37,24.230000000000004,53.28999999999999,58.63730454958928,67,0.0019812592795149676,Low
LIM CHU KANG,2021-04-17T13:15:00+08:00,5.02,16.42,29.02,37.349999999999994,40.92,45.53468277803283,67,0.004976257402213335,Moderate
MANDAI,2021-04-17T13:15:00+08:00,1.04,3.5,8.17,18.85,24.740000000000002,31.866956107430237,67,0.0011600630903811564,Low
MARINA EAST,2021-04-17T13:15:00+08:00,0.79,3.16,6.42,15.59,48.85,55.29951559149185,67,7.737080570117122E-4,Low
MARINA SOUTH,2021-04-17T13:15:00+08:00,0.6,2.31,4.4399999999999995,11.34,43.56000000000001,49.691869557869154,67,3.922834003518891E-4,Low
MARINE PARADE,2021-04-17T13:15:00+08:00,1.15,5.630000000000001,11.370000000000001,19.57,53.28999999999999,60.42827901867747,67,0.001256603052372553,Low
MUSEUM,2021-04-17T13:15:00+08:00,0.99,4.0600000000000005,7.83,21.560000000000002,54.379999999999995,64.07920662276811,67,0.0015447959677017222,Low
NEWTON,2021-04-17T13:15:00+08:00,1.23,4.99,10.360000000000001,36.709999999999994,59.120000000000005,64.92500866061158,67,0.004796832192713588,Moderate
NORTH-EASTERN ISLANDS,2021-04-17T13:15:00+08:00,0.98,3.33,7.800000000000001,19.419999999999998,32.03,39.745294863256944,67,0.001236153250979204,Low
NOVENA,2021-04-17T13:15:00+08:00,1.62,5.4399999999999995,11.809999999999999,38.42,60.050000000000004,66.70875907683217,67,0.00528395849328234,Moderate
ORCHARD,2021-04-17T13:15:00+08:00,1.38,5.36,10.98,36.38,63.11,68.73112085314746,67,0.0047056656351987846,Moderate
OUTRAM,2021-04-17T13:15:00+08:00,1.75,5.71,11.530000000000001,29.950000000000003,58.19999999999999,64.61115875377432,67,0.0031115164653135905,Moderate
PASIR RIS,2021-04-17T13:15:00+08:00,0.45,1.63,4.65,11.88,17.77,24.706140413311132,67,4.332300908828661E-4,Low
PAYA LEBAR,2021-04-17T13:15:00+08:00,0.78,3.17,9.4,22.68,34.55,42.23993643620523,67,0.0017208966220270939,Low
PIONEER,2021-04-17T13:15:00+08:00,2.78,8.34,12.969999999999999,17.369999999999997,20.009999999999998,21.77897746723369,67,9.744089192915051E-4,Low
PUNGGOL,2021-04-17T13:15:00+08:00,0.6,2.41,15.540000000000001,39.24000000000001,61.53,76.67142073536102,67,0.00552632007883949,Moderate
QUEENSTOWN,2021-04-17T13:15:00+08:00,4.92,15.959999999999999,31.909999999999997,50.489999999999995,79.75,82.5385169665325,67,0.009429148980348362,High
RIVER VALLEY,2021-04-17T13:15:00+08:00,1.18,5.03,10.219999999999999,34.339999999999996,63.699999999999996,69.19311161920658,67,0.004162430775350652,Moderate
ROCHOR,2021-04-17T13:15:00+08:00,1.09,4.12,8.76,25.41,54.769999999999996,61.75780552880288,67,0.002192512558853903,Low
SELETAR,2021-04-17T13:15:00+08:00,0.41,1.51,4.779999999999999,24.23,41.2,48.537214269406846,67,0.0019812592795149676,Low
SEMBAWANG,2021-04-17T13:15:00+08:00,1.3,4.22,9.520000000000001,21.96,29.53,37.2752115287956,67,0.0016065346628193929,Low
SENGKANG,2021-04-17T13:15:00+08:00,0.28,2.51,13.93,28.419999999999998,33.02,40.767811890798455,67,0.0027828698646599147,Low
SERANGOON,2021-04-17T13:15:00+08:00,0.66,2.35,6.82,30.15,38.010000000000005,46.24511895935394,67,0.0031559076102500583,Moderate
SIMPANG,2021-04-17T13:15:00+08:00,0.98,3.1999999999999997,7.6,24.09,35.2,42.41879832382984,67,0.001956945105267137,Low
SINGAPORE RIVER,2021-04-17T13:15:00+08:00,1.59,5.47,10.92,30.699999999999996,60.14,66.97989143049786,67,0.003279693284200818,Moderate
SOUTHERN ISLANDS,2021-04-17T13:15:00+08:00,2.02,6.48,13.43,30.64,54.07000000000001,59.728761780978175,67,0.0032660674261401467,Moderate
STRAITS VIEW,2021-04-17T13:15:00+08:00,1.23,4.3,8.82,21.830000000000002,50.66,56.99713436876215,67,0.0015863291035394824,Low
SUNGEI KADUT,2021-04-17T13:15:00+08:00,4.53,13.200000000000003,26.220000000000002,46.53,52.940000000000005,56.18750462480782,67,0.007932151311192475,High
TAMPINES,2021-04-17T13:15:00+08:00,0.3,1.34,9.05,23.28,26.720000000000002,31.46576596250071,67,0.0018193821743686183,Low
TANGLIN,2021-04-17T13:15:00+08:00,3.43,8.12,17.720000000000002,47.709999999999994,87.38,93.61926264910343,67,0.008364193285484798,High
TENGAH,2021-04-17T13:15:00+08:00,5.71,14.93,28.69,43.03,44.980000000000004,49.05860215446508,67,0.006720615081126117,Moderate
TOA PAYOH,2021-04-17T13:15:00+08:00,0.9,3.28,8.25,32.36,47.66,60.36431744460092,67,0.0036685466681437243,Moderate
TUAS,2021-04-17T13:15:00+08:00,1.59,4.72,8.43,13.57,17.27,20.538623012469866,67,5.754241929276869E-4,Low
WESTERN ISLANDS,2021-04-17T13:15:00+08:00,2.94,8.56,16.330000000000002,27.79,36.58,40.97683579377715,67,0.002653157024898633,Low
WESTERN WATER CATCHMENT,2021-04-17T13:15:00+08:00,6.81,20.59,30.859999999999996,34.81,35.89,37.20532698373241,67,0.004284487842014236,Moderate
WOODLANDS,2021-04-17T13:15:00+08:00,0.7,1.82,3.92,8.28,9.510000000000002,16.44893310196522,67,2.0047673753075231E-4,Low
YISHUN,2021-04-17T13:15:00+08:00,0.25,0.5900000000000001,1.83,20.380000000000003,32.68,39.22317253400378,67,0.0013701093092324482,Low
ANG MO KIO,2021-04-17T13:20:00+08:00,0.5,1.44,3.9,24.75,35.86,49.344058230423045,67,0.002072960140698995,Low
BEDOK,2021-04-17T13:20:00+08:00,0.65,2.86,7.190000000000001,18.060000000000002,43.9,50.401665534456725,67,0.0010588299172613563,Low
BISHAN,2021-04-17T13:20:00+08:00,0.88,3.0599999999999996,7.03,34.900000000000006,48.64,57.901838678037784,67,0.004308071965715944,Moderate
BOON LAY,2021-04-17T13:20:00+08:00,2.77,8.28,13.049999999999999,21.119999999999997,24.060000000000002,28.01276966234636,67,0.001478360804778333,Low
BUKIT BATOK,2021-04-17T13:20:00+08:00,5.73,16.63,33.69,60.21,65.3,68.57614047087891,67,0.013673049857964144,High
BUKIT MERAH,2021-04-17T13:20:00+08:00,2.3,6.84,13.969999999999999,29.31,60.64000000000001,65.1610274930527,67,0.0029716901181877997,Low
BUKIT PANJANG,2021-04-17T13:20:00+08:00,3.71,11.14,22.85,47.0,57.34,63.86093947137231,67,0.008102809329539683,High
BUKIT TIMAH,2021-04-17T13:20:00+08:00,2.75,9.469999999999999,19.29,44.8,70.72,78.12991806274778,67,0.00732024213162392,High
CENTRAL WATER CATCHMENT,2021-04-17T13:20:00+08:00,0.97,3.95,10.34,53.53,60.12,75.45548055205191,67,0.010669469664967528,High
CHANGI,2021-04-17T13:20:00+08:00,0.38,1.28,3.1,9.28,18.490000000000002,27.634859080844567,67,2.5572056061052705E-4,Low
CHANGI BAY,2021-04-17T13:20:00+08:00,0.99,3.29,7.59,19.33,35.449999999999996,42.33713574159332,67,0.0012239686700018545,Low
CHOA CHU KANG,2021-04-17T13:20:00+08:00,4.62,13.469999999999999,26.69,45.86,51.94,55.82185138979849,67,0.007692136437863813,High
CLEMENTI,2021-04-17T13:20:00+08:00,5.25,15.86,33.32,56.88,61.949999999999996,69.48335332698251,67,0.012127984608858602,High
DOWNTOWN CORE,2021-04-17T13:20:00+08:00,1.24,3.87,8.74,20.509999999999998,54.379999999999995,61.02865976573098,67,0.0013888110134274176,Low
GEYLANG,2021-04-17T13:20:00+08:00,0.56,2.51,8.78,17.14,48.1,56.17452416305458,67,9.470937380284301E-4,Low
HOUGANG,2021-04-17T13:20:00+08:00,0.33,1.5300000000000002,7.739999999999999,22.049999999999997,25.630000000000003,30.478004471511433,67,0.001620602442410117,Low
JURONG EAST,2021-04-17T13:20:00+08:00,5.31,14.719999999999999,28.23,50.74,58.36,64.54368295123125,67,0.009528161193094535,High
JURONG WEST,2021-04-17T13:20:00+08:00,7.19,14.14,19.46,23.71,24.810000000000002,27.04076345728427,67,0.0018917491394301958,Low
KALLANG,2021-04-17T13:20:00+08:00,0.86,2.98,7.42,20.69,54.11,59.35634826138938,67,0.00141492746856298,Low
LIM CHU KANG,2021-04-17T13:20:00+08:00,3.84,14.78,29.560000000000002,40.47,44.74,49.26522345144794,67,0.0059005438972848075,Moderate
MANDAI,2021-04-17T13:20:00+08:00,0.89,3.02,7.39,18.4,25.590000000000003,32.68035217954447,67,0.0011017982714443442,Low
MARINA EAST,2021-04-17T13:20:00+08:00,0.73,2.6100000000000003,6.17,13.93,49.519999999999996,55.896582904409726,67,6.084889143813944E-4,Low
MARINA SOUTH,2021-04-17T13:20:00+08:00,0.59,2.01,4.34,10.27,44.13000000000001,50.16241690668756,67,3.174911837998919E-4,Low
MARINE PARADE,2021-04-17T13:20:00+08:00,0.71,3.69,10.48,18.35,53.919999999999995,60.99301746584506,67,0.0010954225621701511,Low
MUSEUM,2021-04-17T13:20:00+08:00,1.34,3.54,8.5,18.009999999999998,55.709999999999994,65.26516872512394,67,0.0010525874151718377,Low
NEWTON,2021-04-17T13:20:00+08:00,1.47,4.4399999999999995,10.430000000000001,30.16,60.58,66.23893756726167,67,0.003158135868116039,Moderate
NORTH-EASTERN ISLANDS,2021-04-17T13:20:00+08:00,0.89,2.97,7.000000000000001,18.39,32.72,40.53975245590434,67,0.0011005215606174027,Low
NOVENA,2021-04-17T13:20:00+08:00,1.43,4.96,10.76,33.650000000000006,61.46,67.97840008451288,67,0.0039865959564811294,Moderate
ORCHARD,2021-04-17T13:20:00+08:00,1.92,5.1,11.28,30.37,65.02000000000001,70.48590037185666,67,0.0032051207822848932,Moderate
OUTRAM,2021-04-17T13:20:00+08:00,1.82,5.38,11.540000000000001,26.37,59.989999999999995,66.27584211389492,67,0.002372742414031879,Low
PASIR RIS,2021-04-17T13:20:00+08:00,0.51,1.4,3.7800000000000002,11.56,18.119999999999997,25.156750134798916,67,4.0870488399503854E-4,Low
PAYA LEBAR,2021-04-17T13:20:00+08:00,0.68,2.47,7.59,21.8,34.980000000000004,42.81839724200826,67,0.0015816855017240158,Low
PIONEER,2021-04-17T13:20:00+08:00,2.78,8.649999999999999,14.53,19.64,22.779999999999998,24.506623699471834,67,0.0012662071472872133,Low
PUNGGOL,2021-04-17T13:20:00+08:00,0.21,1.6099999999999999,10.180000000000001,38.84,55.60000000000001,76.69711282828916,67,0.005407383897197027,Moderate
QUEENSTOWN,2021-04-17T13:20:00+08:00,3.39,14.15,30.82,49.71,83.13000000000001,85.7301053397619,67,0.009123671166661957,High
RIVER VALLEY,2021-04-17T13:20:00+08:00,2.13,4.96,10.879999999999999,28.64,65.83,71.15678057350517,67,0.0028289364667778804,Low
ROCHOR,2021-04-17T13:20:00+08:00,1.2,3.6400000000000006,8.54,21.619999999999997,55.95,62.80934797091242,67,0.0015539751539261632,Low
SELETAR,2021-04-17T13:20:00+08:00,0.45,1.3599999999999999,3.8400000000000003,21.42,41.379999999999995,48.870537256103944,67,0.0015234897833182788,Low
SEMBAWANG,2021-04-17T13:20:00+08:00,1.11,3.7600000000000007,8.73,21.44,30.57,38.29560687354543,67,0.0015265239341828547,Low
SENGKANG,2021-04-17T13:20:00+08:00,1.1,1.8800000000000001,10.409999999999998,28.939999999999998,33.989999999999995,41.76981148838741,67,0.002892397830962034,Low
SERANGOON,2021-04-17T13:20:00+08:00,0.57,2.02,5.5200000000000005,28.51,38.5,46.70395183859448,67,0.0028016670717117003,Low
SIMPANG,2021-04-17T13:20:00+08:00,0.85,2.85,6.790000000000001,21.63,35.91,43.16682916942284,67,0.0015555078172716284,Low
SINGAPORE RIVER,2021-04-17T13:20:00+08:00,1.9,5.199999999999999,11.260000000000002,26.369999999999997,62.03,68.7188806720294,67,0.002372742414031879,Low
SOUTHERN ISLANDS,2021-04-17T13:20:00+08:00,1.89,6.06,12.97,28.3,55.92,61.475181774630805,67,0.0027579107411481716,Low
STRAITS VIEW,2021-04-17T13:20:00+08:00,1.18,3.8499999999999996,8.53,19.689999999999998,51.8,58.040120831725204,67,0.0012730909375741775,Low
SUNGEI KADUT,2021-04-17T13:20:00+08:00,3.79,12.510000000000002,25.53,49.07,56.71000000000001,59.84243733008881,67,0.008876913489125522,High
TAMPINES,2021-04-17T13:20:00+08:00,0.3,1.09,5.5,22.96,26.990000000000002,31.690126442411756,67,0.001766495743781799,Low
TANGLIN,2021-04-17T13:20:00+08:00,2.87,9.07,16.66,41.22,90.25,96.26421438216154,67,0.006135029294989668,Moderate
TENGAH,2021-04-17T13:20:00+08:00,6.55,16.96,30.25,49.1,51.519999999999996,55.4906717939704,67,0.008888401924452527,High
TOA PAYOH,2021-04-17T13:20:00+08:00,0.79,2.86,6.920000000000001,29.14,48.44,61.00920964689313,67,0.0029351181029879814,Low
TUAS,2021-04-17T13:20:00+08:00,1.64,4.85,8.87,14.51,18.9,22.12925089199447,67,6.638269527071798E-4,Low
WESTERN ISLANDS,2021-04-17T13:20:00+08:00,2.97,8.82,16.66,29.14,39.52,43.848332925679195,67,0.0029351181029879814,Low
WESTERN WATER CATCHMENT,2021-04-17T13:20:00+08:00,8.47,22.64,37.3,43.05,44.36,45.58589032164206,67,0.006727241383001416,Moderate
WOODLANDS,2021-04-17T13:20:00+08:00,0.6,1.8399999999999999,3.65,8.2,10.1,17.009392052581877,67,1.9636456055001906E-4,Low
YISHUN,2021-04-17T13:20:00+08:00,0.06,0.38,1.4000000000000001,13.53,32.730000000000004,39.188885239349204,67,5.718108161407068E-4,Low
ANG MO KIO,2021-04-17T13:25:00+08:00,0.49,1.43,3.3600000000000003,19.98,36.32,49.71544167145421,67,0.0013134070834932708,Low
BEDOK,2021-04-17T13:25:00+08:00,0.43,1.8099999999999998,6.01,16.75,44.269999999999996,50.71050662806768,67,9.017166876939168E-4,Low
BISHAN,2021-04-17T13:25:00+08:00,0.83,2.7,6.31,29.410000000000004,49.43,58.592650352061725,67,0.002993314640336597,Low
BOON LAY,2021-04-17T13:25:00+08:00,4.27,10.14,15.54,24.82,28.32,32.21543068651633,67,0.002085472069504627,Low
BUKIT BATOK,2021-04-17T13:25:00+08:00,6.28,17.57,32.94,63.61,71.57,74.69129254183272,67,0.015348428861089978,High
BUKIT MERAH,2021-04-17T13:25:00+08:00,2.35,7.029999999999999,14.110000000000001,28.18,62.95000000000001,67.35438904179263,67,0.002733070221750874,Low
BUKIT PANJANG,2021-04-17T13:25:00+08:00,3.74,11.16,22.18,47.32,61.05,67.44742625895596,67,0.008220082590172368,High
BUKIT TIMAH,2021-04-17T13:25:00+08:00,2.56,8.46,18.37,43.39,73.25,80.5021041219113,67,0.006840409819806681,Moderate
CENTRAL WATER CATCHMENT,2021-04-17T13:25:00+08:00,1.18,3.67,8.61,44.290000000000006,61.28,76.45409560360221,67,0.007144728687312146,High
CHANGI,2021-04-17T13:25:00+08:00,0.32,1.1400000000000001,2.6999999999999997,8.66,18.730000000000004,27.888428551834338,67,2.2062937093953028E-4,Low
CHANGI BAY,2021-04-17T13:25:00+08:00,0.93,3.0000000000000004,6.95,18.310000000000002,36.23,43.1653628931824,67,0.0010903361130066458,Low
CHOA CHU KANG,2021-04-17T13:25:00+08:00,4.43,13.57,26.44,48.4,56.349999999999994,60.11766307686712,67,0.008622345497515782,High
CLEMENTI,2021-04-17T13:25:00+08:00,4.77,14.77,32.16,60.8,66.71,74.08632457878397,67,0.013956694727814191,High
DOWNTOWN CORE,2021-04-17T13:25:00+08:00,1.22,3.66,8.49,19.1,55.46999999999999,62.10195497736341,67,0.0011931206656418628,Low
GEYLANG,2021-04-17T13:25:00+08:00,0.44,1.7,7.160000000000001,15.629999999999999,48.42,56.47948807164073,67,7.77949420640345E-4,Low
HOUGANG,2021-04-17T13:25:00+08:00,0.88,1.85,4.92,21.98,26.48,31.28473939878949,67,0.0016096552264242953,Low
JURONG EAST,2021-04-17T13:25:00+08:00,5.07,15.1,28.52,54.45,63.410000000000004,69.45852851421475,67,0.01106043892297086,High
JURONG WEST,2021-04-17T13:25:00+08:00,7.76,19.310000000000002,25.689999999999998,31.250000000000004,32.57,34.735761055207504,67,0.0034059903837679985,Moderate
KALLANG,2021-04-17T13:25:00+08:00,0.83,2.6,6.680000000000001,18.48,54.779999999999994,60.04366348765544,67,0.0011120402076393746,Low
LIM CHU KANG,2021-04-17T13:25:00+08:00,3.34,12.2,28.580000000000002,42.89,48.06,52.4867964008119,67,0.006674326351333416,Moderate
MANDAI,2021-04-17T13:25:00+08:00,0.82,2.75,6.65,17.43,26.369999999999997,33.42179295558836,67,9.816023713972977E-4,Low
MARINA EAST,2021-04-17T13:25:00+08:00,0.73,2.25,5.790000000000001,12.98,49.95,56.49221494684782,67,5.233498392120848E-4,Low
MARINA SOUTH,2021-04-17T13:25:00+08:00,0.58,1.77,4.21,9.620000000000001,44.64000000000001,50.62183312220744,67,2.7613557706532223E-4,Low
MARINE PARADE,2021-04-17T13:25:00+08:00,0.65,2.51,8.99,17.42,54.17999999999999,61.496398356830134,67,9.80401514507134E-4,Low
MUSEUM,2021-04-17T13:25:00+08:00,1.32,3.6500000000000004,8.85,17.05,57.01,66.42827993218063,67,9.365172296619616E-4,Low
NEWTON,2021-04-17T13:25:00+08:00,1.41,4.11,10.160000000000002,26.590000000000003,61.96999999999999,67.4897079634198,67,0.002415105323620445,Low
NORTH-EASTERN ISLANDS,2021-04-17T13:25:00+08:00,0.83,2.7,6.319999999999999,17.4,33.28999999999999,41.272300278069416,67,9.780021387391247E-4,Low
NOVENA,2021-04-17T13:25:00+08:00,1.28,4.33,10.04,30.07,62.7,69.09498904392562,67,0.0031381113818341904,Moderate
ORCHARD,2021-04-17T13:25:00+08:00,1.78,5.08,11.2,27.29,66.79,72.09646163378433,67,0.002552533168500534,Low
OUTRAM,2021-04-17T13:25:00+08:00,1.79,5.36,11.469999999999999,24.78,61.69999999999999,67.90652379642697,67,0.0020783175227115937,Low
PASIR RIS,2021-04-17T13:25:00+08:00,0.39,1.35,3.2500000000000004,11.14,18.35,25.486276650394892,67,3.776647361587142E-4,Low
PAYA LEBAR,2021-04-17T13:25:00+08:00,0.65,2.11,6.12,20.61,35.45,43.36546750490211,67,0.0014032883436454115,Low
PIONEER,2021-04-17T13:25:00+08:00,4.2,9.76,17.43,23.23,26.97,28.64771303262718,67,0.001811064258612151,Low
PUNGGOL,2021-04-17T13:25:00+08:00,0.01,0.82,5.02,37.25000000000001,53.230000000000004,76.52274316083998,67,0.004947994411233427,Moderate
QUEENSTOWN,2021-04-17T13:25:00+08:00,3.41,11.72,28.599999999999998,50.45,86.53,88.93402155865188,67,0.009413356703732171,High
RIVER VALLEY,2021-04-17T13:25:00+08:00,1.96,5.27,11.04,25.86,67.78,72.94572912857707,67,0.0022760589329551915,Low
ROCHOR,2021-04-17T13:25:00+08:00,1.17,3.46,8.280000000000001,19.740000000000002,57.040000000000006,63.82836264472389,67,0.0012799945034116442,Low
SELETAR,2021-04-17T13:25:00+08:00,0.32,1.18,3.08,18.490000000000002,41.41,49.07305897863419,67,0.001113323981636621,Low
SEMBAWANG,2021-04-17T13:25:00+08:00,1.03,3.4400000000000004,7.980000000000001,20.39,31.54,39.23354932348031,67,0.001371543134979212,Low
SENGKANG,2021-04-17T13:25:00+08:00,0.25,1.6300000000000001,6.640000000000001,28.29,34.17,41.9194024120931,67,0.0027558361685475637,Low
SERANGOON,2021-04-17T13:25:00+08:00,0.57,1.7999999999999998,4.580000000000001,24.14,39.0,47.161681744564696,67,0.0019656105162162763,Low
SIMPANG,2021-04-17T13:25:00+08:00,0.81,2.64,6.16,19.310000000000002,36.6,43.873061848264086,67,0.0012212696686382948,Low
SINGAPORE RIVER,2021-04-17T13:25:00+08:00,1.84,5.33,11.389999999999999,24.54,63.83,70.3936896145075,67,0.00203566305593892,Low
SOUTHERN ISLANDS,2021-04-17T13:25:00+08:00,1.87,5.78,12.559999999999999,27.189999999999998,57.7,63.1974036066893,67,0.002532654695874333,Low
STRAITS VIEW,2021-04-17T13:25:00+08:00,1.16,3.5700000000000003,8.2,18.519999999999996,52.82999999999999,59.06060009382711,67,0.0011171800141637626,Low
SUNGEI KADUT,2021-04-17T13:25:00+08:00,3.17,11.49,24.42,50.370000000000005,59.860000000000014,62.868584062827,67,0.009381813261148385,High
TAMPINES,2021-04-17T13:25:00+08:00,0.43,1.03,3.36,22.810000000000002,27.39,32.04394758954293,67,0.0017419891807415344,Low
TANGLIN,2021-04-17T13:25:00+08:00,1.84,8.14,15.29,38.7,92.08,97.87280800272414,67,0.005366076244093748,Moderate
TENGAH,2021-04-17T13:25:00+08:00,5.47,17.73,30.66,53.92,56.980000000000004,60.82727959277905,67,0.010834320972567459,High
TOA PAYOH,2021-04-17T13:25:00+08:00,0.74,2.4299999999999997,6.1000000000000005,25.45,49.16,61.60255161402665,67,0.00219987207578319,Low
TUAS,2021-04-17T13:25:00+08:00,1.94,5.17,9.62,15.759999999999998,20.82,24.01605511346509,67,7.918188385553053E-4,Low
WESTERN ISLANDS,2021-04-17T13:25:00+08:00,3.25,9.16,17.35,30.86,42.74,46.992927360051084,67,0.003316175040631217,Moderate
WESTERN WATER CATCHMENT,2021-04-17T13:25:00+08:00,6.5,21.78,40.81,49.28,50.849999999999994,51.976307898926976,67,0.008957494323644047,High
WOODLANDS,2021-04-17T13:25:00+08:00,0.73,2.03,3.6900000000000004,7.49,10.83,17.698503734357065,67,1.6184520695272815E-4,Low
YISHUN,2021-04-17T13:25:00+08:00,0.24,0.55,1.35,9.25,32.959999999999994,39.33468036679476,67,2.5395918636535186E-4,Low
ANG MO KIO,2021-04-17T13:30:00+08:00,0.5,1.49,3.1100000000000003,14.36,36.72,50.0959323560439,67,6.492702597336964E-4,Low
BEDOK,2021-04-17T13:30:00+08:00,0.45,1.53,5.39,15.440000000000001,43.18,51.03860530872951,67,7.579124468701758E-4,Low
BISHAN,2021-04-17T13:30:00+08:00,0.85,2.56,5.93,23.53,50.17,59.30180140661887,67,0.0018612743149282287,Low
BOON LAY,2021-04-17T13:30:00+08:00,4.82,11.86,18.91,28.880000000000003,33.12,36.957989072049,67,0.002879646147637732,Low
BUKIT BATOK,2021-04-17T13:30:00+08:00,5.38,17.39,33.190000000000005,64.96000000000001,76.92,79.8917445998115,67,0.01604101631827136,High
BUKIT MERAH,2021-04-17T13:30:00+08:00,2.46,7.11,14.11,27.93,65.32000000000002,69.65247804083121,67,0.0026816998497657192,Low
BUKIT PANJANG,2021-04-17T13:30:00+08:00,3.6,11.05,22.120000000000005,46.86,64.57,70.8852916088876,67,0.008051777571216919,High
BUKIT TIMAH,2021-04-17T13:30:00+08:00,2.97,8.280000000000001,18.26,41.64,76.14999999999999,83.27858776101326,67,0.006268428399473427,Moderate
CENTRAL WATER CATCHMENT,2021-04-17T13:30:00+08:00,1.33,3.48,8.009999999999998,36.83,62.56,77.60031011726817,67,0.004830211255702199,Moderate
CHANGI,2021-04-17T13:30:00+08:00,0.53,1.23,2.6799999999999997,7.81,19.060000000000002,28.35138847551108,67,1.7696466942252942E-4,Low
CHANGI BAY,2021-04-17T13:30:00+08:00,1.04,2.96,6.64,17.11,36.89,44.10159909675688,67,9.435612370498772E-4,Low
CHOA CHU KANG,2021-04-17T13:30:00+08:00,4.12,13.170000000000002,26.35,49.8,60.41,64.09314820348304,67,0.009158652715229882,High
CLEMENTI,2021-04-17T13:30:00+08:00,5.28,15.3,31.73,63.75,71.97,79.1882308993556,67,0.015419530639015742,High
DOWNTOWN CORE,2021-04-17T13:30:00+08:00,1.36,3.8200000000000003,8.15,18.310000000000002,56.459999999999994,63.31267012993043,67,0.0010903361130066458,Low
GEYLANG,2021-04-17T13:30:00+08:00,0.49,1.49,5.19,14.59,48.67,56.83371888751535,67,6.71660587655044E-4,Low
HOUGANG,2021-04-17T13:30:00+08:00,2.06,3.27,5.26,22.85,28.43,33.26953504250423,67,0.001748506554957577,Low
JURONG EAST,2021-04-17T13:30:00+08:00,5.48,15.86,29.75,56.56,68.85000000000001,74.7715594415673,67,0.011984510121279242,High
JURONG WEST,2021-04-17T13:30:00+08:00,9.72,24.67,33.87,40.650000000000006,42.28,44.37226090144446,67,0.005956384795964413,Moderate
KALLANG,2021-04-17T13:30:00+08:00,0.97,2.66,6.18,17.330000000000002,55.42999999999999,60.86932649945049,67,9.696288668920097E-4,Low
LIM CHU KANG,2021-04-17T13:30:00+08:00,2.99,10.17,26.590000000000003,44.43000000000001,51.0,55.35062511689987,67,0.007192687904357925,High
MANDAI,2021-04-17T13:30:00+08:00,0.85,2.56,6.06,16.49,27.11,34.19145140653197,67,8.721209009513534E-4,Low
MARINA EAST,2021-04-17T13:30:00+08:00,0.9,2.36,5.5200000000000005,12.250000000000002,50.05,57.256415169005635,67,4.6253522095727106E-4,Low
MARINA SOUTH,2021-04-17T13:30:00+08:00,0.77,1.94,4.25,9.09,44.68000000000001,51.27014496219411,67,2.4467433133784324E-4,Low
MARINE PARADE,2021-04-17T13:30:00+08:00,0.7,2.0599999999999996,7.690000000000001,16.540000000000003,54.129999999999995,62.048569187044365,67,8.777717274577383E-4,Low
MUSEUM,2021-04-17T13:30:00+08:00,1.57,4.23,8.290000000000001,16.979999999999997,58.53,67.83859517445399,67,9.283345871263679E-4,Low
NEWTON,2021-04-17T13:30:00+08:00,1.36,4.24,9.23,25.23,63.28,68.68747167375247,67,0.002159555953134309,Low
NORTH-EASTERN ISLANDS,2021-04-17T13:30:00+08:00,0.95,2.67,6.0,16.25,33.75999999999999,42.123087152613614,67,8.452661857476112E-4,Low
NOVENA,2021-04-17T13:30:00+08:00,1.51,4.22,9.659999999999998,27.15,64.1,70.43889387185632,67,0.0025247262761651634,Low
ORCHARD,2021-04-17T13:30:00+08:00,1.39,5.09,10.450000000000001,25.93,68.15,73.31315132045555,67,0.002289203459307541,Low
OUTRAM,2021-04-17T13:30:00+08:00,1.84,5.45,11.16,24.0,63.33999999999999,69.58328553688509,67,0.0019413983711629697,Low
PASIR RIS,2021-04-17T13:30:00+08:00,0.45,1.35,2.98,10.57,18.49,25.87501102803605,67,3.3761483161917123E-4,Low
PAYA LEBAR,2021-04-17T13:30:00+08:00,0.84,2.17,5.34,19.25,35.75,44.101222683580644,67,0.0012131916032593853,Low
PIONEER,2021-04-17T13:30:00+08:00,7.89,14.870000000000001,23.21,30.46,34.83,36.468847737308565,67,0.0032253691256075327,Moderate
PUNGGOL,2021-04-17T13:30:00+08:00,0.2,0.42000000000000004,2.83,34.86000000000001,52.03,76.53879265490046,67,0.004297581736897835,Moderate
QUEENSTOWN,2021-04-17T13:30:00+08:00,2.93,9.73,25.689999999999998,50.5,89.44,91.65023598869963,67,0.009433099190713752,High
RIVER VALLEY,2021-04-17T13:30:00+08:00,1.21,5.3,10.330000000000002,24.73,68.97,73.98037728904454,67,0.0020693926131437257,Low
ROCHOR,2021-04-17T13:30:00+08:00,1.32,3.6900000000000004,7.8100000000000005,18.869999999999997,58.17,64.99492774266987,67,0.00116268958752585,Low
SELETAR,2021-04-17T13:30:00+08:00,0.43,1.2,2.71,15.34,40.58,49.38509386585528,67,7.474780205133419E-4,Low
SEMBAWANG,2021-04-17T13:30:00+08:00,1.05,3.1900000000000004,7.41,19.310000000000002,32.42,40.189237084402734,67,0.0012212696686382948,Low
SENGKANG,2021-04-17T13:30:00+08:00,0.28,1.6300000000000001,4.14,27.43,34.22,42.09863373909638,67,0.0025805008951225845,Low
SERANGOON,2021-04-17T13:30:00+08:00,0.69,1.8299999999999998,4.18,19.04,39.45,47.738311328665766,67,0.0011851419528825411,Low
SIMPANG,2021-04-17T13:30:00+08:00,0.84,2.5,5.699999999999999,17.25,37.08,44.607596837592155,67,9.60106143776973E-4,Low
SINGAPORE RIVER,2021-04-17T13:30:00+08:00,1.75,5.49,10.959999999999999,23.79,65.48,71.97447253884253,67,0.0019053775485752143,Low
SOUTHERN ISLANDS,2021-04-17T13:30:00+08:00,2.0,5.76,12.240000000000002,26.48,59.47,65.0454854463186,67,0.002393874379699217,Low
STRAITS VIEW,2021-04-17T13:30:00+08:00,1.3,3.6399999999999997,7.9399999999999995,17.71,53.63999999999999,60.218626259387904,67,0.0010155430052379755,Low
SUNGEI KADUT,2021-04-17T13:30:00+08:00,3.47,10.43,23.630000000000003,49.230000000000004,63.28000000000001,66.18745634094502,67,0.008938274169267553,High
TAMPINES,2021-04-17T13:30:00+08:00,0.29,1.02,2.3600000000000003,20.78,27.560000000000002,32.256918197653434,67,0.0014280823548655508,Low
TANGLIN,2021-04-17T13:30:00+08:00,1.32,6.03,14.149999999999999,33.44,93.39,98.95753477797864,67,0.003933872418908016,Moderate
TENGAH,2021-04-17T13:30:00+08:00,6.24,18.259999999999998,33.19,59.0,63.2,66.92105889558712,67,0.013100651878865627,High
TOA PAYOH,2021-04-17T13:30:00+08:00,0.77,2.3,5.58,21.509999999999998,49.879999999999995,62.22446726591661,67,0.0015371686330636664,Low
TUAS,2021-04-17T13:30:00+08:00,2.82,6.4,11.12,17.759999999999998,23.6,26.778323708312666,67,0.001021668225722448,Low
WESTERN ISLANDS,2021-04-17T13:30:00+08:00,4.03,10.25,18.810000000000002,33.07,46.68,50.909962607267836,67,0.0038418762000779426,Moderate
WESTERN WATER CATCHMENT,2021-04-17T13:30:00+08:00,4.14,19.11,39.7,53.010000000000005,54.980000000000004,55.99136376153792,67,0.010451695468436464,High
WOODLANDS,2021-04-17T13:30:00+08:00,0.56,1.8900000000000001,3.71,7.370000000000001,11.38,18.215958883220917,67,1.5636006837496457E-4,Low
YISHUN,2021-04-17T13:30:00+08:00,0.06,0.36,0.9500000000000002,6.66,32.989999999999995,39.300125022127716,67,1.2595301454487655E-4,Low
ANG MO KIO,2021-04-17T13:35:00+08:00,0.69,1.68,3.1199999999999997,11.280000000000001,37.3,50.66550839158882,67,3.8786683862626224E-4,Low
BEDOK,2021-04-17T13:35:00+08:00,0.61,1.49,4.3500000000000005,14.190000000000001,42.16,51.52591528376197,67,6.32979580803298E-4,Low
BISHAN,2021-04-17T13:35:00+08:00,0.95,2.63,5.6899999999999995,19.08,50.97,60.10924775627542,67,0.0011904579426859241,Low
BOON LAY,2021-04-17T13:35:00+08:00,7.14,16.23,24.509999999999998,35.27,40.230000000000004,44.009146977431186,67,0.0044057436512590226,Moderate
BUKIT BATOK,2021-04-17T13:35:00+08:00,3.87,15.530000000000001,32.16,64.88,80.72999999999999,83.56969546209781,67,0.015999541167145775,High
BUKIT MERAH,2021-04-17T13:35:00+08:00,1.72,6.53,13.37,27.230000000000004,66.87,71.2050427392945,67,0.002540596239920656,Low
BUKIT PANJANG,2021-04-17T13:35:00+08:00,3.02,10.36,21.5,45.980000000000004,67.42,73.734892787354,67,0.007734842246818667,High
BUKIT TIMAH,2021-04-17T13:35:00+08:00,3.1,8.63,18.1,40.33,79.13999999999999,86.178397102396,67,0.005857302204728526,Moderate
CENTRAL WATER CATCHMENT,2021-04-17T13:35:00+08:00,1.31,3.82,7.77,31.450000000000003,63.78,78.7237692835564,67,0.0034525400908796797,Moderate
CHANGI,2021-04-17T13:35:00+08:00,0.71,1.56,2.84,7.38,19.54,28.993235505051093,67,1.5681332593960468E-4,Low
CHANGI BAY,2021-04-17T13:35:00+08:00,1.05,3.0200000000000005,6.31,16.14,37.459999999999994,45.04558471290842,67,8.331065631567919E-4,Low
CHOA CHU KANG,2021-04-17T13:35:00+08:00,2.96,11.510000000000002,24.98,49.54,63.2,66.89907679213142,67,0.009057784133768947,High
CLEMENTI,2021-04-17T13:35:00+08:00,6.47,16.52,32.38,65.75,78.41,85.46787291509236,67,0.01645350994817346,High
DOWNTOWN CORE,2021-04-17T13:35:00+08:00,1.1,3.68,7.550000000000001,17.52,56.749999999999986,64.26047488415489,67,9.924451634871884E-4,Low
GEYLANG,2021-04-17T13:35:00+08:00,0.47,1.4,3.9099999999999993,13.97,48.629999999999995,57.16709817958008,67,6.122233359949184E-4,Low
HOUGANG,2021-04-17T13:35:00+08:00,1.96,4.9,6.430000000000001,23.400000000000006,30.27,35.149559501238315,67,0.0018394274518135129,Low
JURONG EAST,2021-04-17T13:35:00+08:00,5.51,16.060000000000002,30.78,58.34,74.28999999999999,80.1018185485853,67,0.012793715392034284,High
JURONG WEST,2021-04-17T13:35:00+08:00,7.93,25.41,39.55,48.06,50.19,52.19559588258406,67,0.008494631031962428,High
KALLANG,2021-04-17T13:35:00+08:00,0.86,2.6599999999999997,5.640000000000001,16.200000000000003,55.39999999999999,61.583004727082276,67,8.397274992437183E-4,Low
LIM CHU KANG,2021-04-17T13:35:00+08:00,2.24,8.57,23.35,45.04,53.04,57.457569569310294,67,0.007403604608960301,High
MANDAI,2021-04-17T13:35:00+08:00,0.72,2.3899999999999997,5.409999999999999,15.469999999999999,27.61,34.829259700834506,67,7.61057742848649E-4,Low
MARINA EAST,2021-04-17T13:35:00+08:00,0.76,2.3899999999999997,5.0,11.82,49.36000000000001,57.878778355379076,67,4.285737867217373E-4,Low
MARINA SOUTH,2021-04-17T13:35:00+08:00,0.57,1.92,3.9299999999999997,8.74,43.80000000000001,51.71689834666747,67,2.2500288133352897E-4,Low
MARINE PARADE,2021-04-17T13:35:00+08:00,0.68,2.0300000000000002,5.72,16.11,53.16,62.579412671957215,67,8.298065181533179E-4,Low
MUSEUM,2021-04-17T13:35:00+08:00,1.18,4.07,7.61,16.439999999999998,59.58,68.85552020629272,67,8.664894265423596E-4,Low
NEWTON,2021-04-17T13:35:00+08:00,0.82,3.59,8.03,22.19,64.0,69.34235611928867,67,0.0016426147239458747,Low
NORTH-EASTERN ISLANDS,2021-04-17T13:35:00+08:00,1.0,2.78,5.75,15.299999999999999,34.25,43.02182884856705,67,7.433257326279869E-4,Low
NOVENA,2021-04-17T13:35:00+08:00,1.37,4.16,9.120000000000001,24.34,65.28,71.63956813116361,67,0.0020004746685493946,Low
ORCHARD,2021-04-17T13:35:00+08:00,0.93,4.1,9.2,24.009999999999998,69.01,74.06691624679814,67,0.001943122548259825,Low
OUTRAM,2021-04-17T13:35:00+08:00,1.39,5.02,10.4,23.04,64.32999999999998,70.8060165649333,67,0.001779639990863581,Low
PASIR RIS,2021-04-17T13:35:00+08:00,0.71,1.55,2.95,10.16,18.909999999999997,26.52281093988979,67,3.102769075513781E-4,Low
PAYA LEBAR,2021-04-17T13:35:00+08:00,0.88,2.37,4.84,17.87,36.05,44.87520920457945,67,0.0010352124665176337,Low
PIONEER,2021-04-17T13:35:00+08:00,7.61,19.7,28.349999999999998,37.34,42.39,43.991181473460585,67,0.0049734273048276855,Moderate
PUNGGOL,2021-04-17T13:35:00+08:00,0.0,0.21000000000000002,1.8199999999999998,30.480000000000004,50.63000000000001,76.35480356810994,67,0.0032298778824929385,Moderate
QUEENSTOWN,2021-04-17T13:35:00+08:00,2.26,8.6,22.75,50.05,91.66,93.68992100019796,67,0.00925618760433793,High
RIVER VALLEY,2021-04-17T13:35:00+08:00,0.78,3.95,8.909999999999998,23.630000000000003,69.71000000000001,74.58253829282204,67,0.001878172457017459,Low
ROCHOR,2021-04-17T13:35:00+08:00,1.06,3.5500000000000003,7.190000000000001,17.78,58.64999999999999,65.89868857313779,67,0.0010241237819916377,Low
SELETAR,2021-04-17T13:35:00+08:00,0.44,1.19,2.55,11.77,40.220000000000006,49.706378662671824,67,4.247139370530661E-4,Low
SEMBAWANG,2021-04-17T13:35:00+08:00,0.89,2.97,6.73,18.14,32.989999999999995,40.98262749894315,67,0.0010688586294425387,Low
SENGKANG,2021-04-17T13:35:00+08:00,0.09,0.62,2.5,24.0,34.13,42.087434217806454,67,0.0019413983711629697,Low
SERANGOON,2021-04-17T13:35:00+08:00,0.73,1.9899999999999998,4.01,15.31,39.93000000000001,48.35355477187129,67,7.443626541517192E-4,Low
SIMPANG,2021-04-17T13:35:00+08:00,0.76,2.41,5.26,15.35,37.49,45.26036610241354,67,7.485180101074377E-4,Low
SINGAPORE RIVER,2021-04-17T13:35:00+08:00,1.25,4.84,10.04,22.759999999999998,66.52000000000001,73.05145547108764,67,0.0017338605687157362,Low
SOUTHERN ISLANDS,2021-04-17T13:35:00+08:00,1.69,5.5600000000000005,11.62,25.71,60.760000000000005,66.57912474278523,67,0.0022480267068526066,Low
STRAITS VIEW,2021-04-17T13:35:00+08:00,1.06,3.52,7.369999999999999,16.98,53.75999999999999,61.1338686839294,67,9.283345871263686E-4,Low
SUNGEI KADUT,2021-04-17T13:35:00+08:00,1.87,8.510000000000002,21.020000000000003,46.04,64.75,67.8983504911302,67,0.007756241279006375,High
TAMPINES,2021-04-17T13:35:00+08:00,0.93,1.65,2.74,18.98,28.34,33.10937685272234,67,0.0011771916024689811,Low
TANGLIN,2021-04-17T13:35:00+08:00,1.94,5.1,14.17,30.880000000000003,95.31,100.65965401420785,67,0.0033207502094689863,Moderate
TENGAH,2021-04-17T13:35:00+08:00,4.55,16.26,33.22,60.8,67.71000000000001,71.31018956271471,67,0.013956694727814191,High
TOA PAYOH,2021-04-17T13:35:00+08:00,0.77,2.2800000000000002,5.139999999999999,18.0,50.379999999999995,62.844887915221825,67,0.001051341262599703,Low
TUAS,2021-04-17T13:35:00+08:00,3.05,7.81,12.66,19.939999999999998,26.580000000000002,29.763952176518483,67,0.0013078066417578308,Low
WESTERN ISLANDS,2021-04-17T13:35:00+08:00,4.17,11.45,20.270000000000003,35.34,50.7,54.9575818222601,67,0.004424351471646758,Moderate
WESTERN WATER CATCHMENT,2021-04-17T13:35:00+08:00,3.38,14.02,36.660000000000004,55.800000000000004,58.33,59.23676796339031,67,0.011647273916594595,High
WOODLANDS,2021-04-17T13:35:00+08:00,0.49,1.78,3.62,7.37,11.74,18.662170138668216,67,1.5636006837496457E-4,Low
YISHUN,2021-04-17T13:35:00+08:00,0.06,0.36,0.74,4.83,33.029999999999994,39.265652743917414,67,6.34351352499032E-5,Low
ANG MO KIO,2021-04-17T13:40:00+08:00,0.59,1.7799999999999998,3.21,9.39,37.76,51.13371524203163,67,2.622343002693435E-4,Low
BEDOK,2021-04-17T13:40:00+08:00,0.69,1.75,3.5599999999999996,12.900000000000002,41.33,52.09205383036996,67,5.164905032248975E-4,Low
BISHAN,2021-04-17T13:40:00+08:00,0.8,2.5999999999999996,5.3,15.78,51.53,60.764753112203785,67,7.939641375785285E-4,Low
BOON LAY,2021-04-17T13:40:00+08:00,5.95,17.91,28.05,40.2,46.120000000000005,49.85335483619222,67,0.005817298123936552,Moderate
BUKIT BATOK,2021-04-17T13:40:00+08:00,2.56,11.81,29.38,63.489999999999995,83.17,85.9288050192506,67,0.015287617539906932,High
BUKIT MERAH,2021-04-17T13:40:00+08:00,1.35,5.529999999999999,12.559999999999999,26.25,67.9,72.38387527853308,67,0.0023498021937133056,Low
BUKIT PANJANG,2021-04-17T13:40:00+08:00,2.3,8.92,20.080000000000002,44.370000000000005,69.4,75.8576439032527,67,0.007172113483593812,High
BUKIT TIMAH,2021-04-17T13:40:00+08:00,2.61,8.68,17.14,38.489999999999995,81.55,88.58123568745924,67,0.005304425749482447,Moderate
CENTRAL WATER CATCHMENT,2021-04-17T13:40:00+08:00,1.17,3.81,7.48,26.21,64.78,79.70452780329819,67,0.0023421816083426914,Low
CHANGI,2021-04-17T13:40:00+08:00,0.71,1.95,3.09,7.19,20.0,29.633539619623047,67,1.4832052210935045E-4,Low
CHANGI BAY,2021-04-17T13:40:00+08:00,0.94,3.03,6.030000000000001,15.23,37.78999999999999,45.877301113078964,67,7.360887505002964E-4,Low
CHOA CHU KANG,2021-04-17T13:40:00+08:00,2.1,9.18,22.750000000000004,48.28,64.93,68.83826030131465,67,0.008577156863827026,High
CLEMENTI,2021-04-17T13:40:00+08:00,5.29,17.04,31.81,66.12,83.65,90.55241950588486,67,0.016648529868870447,High
DOWNTOWN CORE,2021-04-17T13:40:00+08:00,0.89,3.35,7.010000000000001,16.38,56.02999999999999,64.99600124169793,67,8.597571917269986E-4,Low
GEYLANG,2021-04-17T13:40:00+08:00,0.53,1.49,3.1900000000000004,13.450000000000003,48.21,57.55967607212734,67,5.646202967323693E-4,Low
HOUGANG,2021-04-17T13:40:00+08:00,0.52,4.539999999999999,6.390000000000001,20.630000000000003,30.65,35.585064630998055,67,0.0014061933520551858,Low
JURONG EAST,2021-04-17T13:40:00+08:00,4.63,15.620000000000001,30.719999999999995,58.86,78.78999999999999,84.53926442101414,67,0.013035232587661191,High
JURONG WEST,2021-04-17T13:40:00+08:00,7.02,24.669999999999998,43.980000000000004,54.31999999999999,57.17999999999999,59.09012460602207,67,0.01100475322357576,High
KALLANG,2021-04-17T13:40:00+08:00,0.65,2.48,5.080000000000001,14.810000000000002,53.93999999999998,62.08496736709098,67,6.934547337135895E-4,Low
LIM CHU KANG,2021-04-17T13:40:00+08:00,1.99,7.220000000000001,19.419999999999998,45.5,54.58,59.30944920723553,67,0.007564756940795473,High
MANDAI,2021-04-17T13:40:00+08:00,0.58,2.15,4.9,14.01,27.810000000000002,35.32553478875182,67,6.159698867054038E-4,Low
MARINA EAST,2021-04-17T13:40:00+08:00,0.67,2.33,4.58,11.3,47.57000000000001,58.40964546335435,67,3.89336075241633E-4,Low
MARINA SOUTH,2021-04-17T13:40:00+08:00,0.67,2.01,3.78,8.49,43.05000000000001,52.26257779537077,67,2.1148694373371478E-4,Low
MARINE PARADE,2021-04-17T13:40:00+08:00,0.55,1.93,4.44,15.629999999999999,51.029999999999994,62.97898007967274,67,7.77949420640345E-4,Low
MUSEUM,2021-04-17T13:40:00+08:00,0.84,3.59,7.24,15.219999999999999,59.58,69.5300006854876,67,7.350579620853386E-4,Low
NEWTON,2021-04-17T13:40:00+08:00,0.81,2.99,7.100000000000001,18.580000000000002,64.52,69.98566630964122,67,0.0011249132812581426,Low
NORTH-EASTERN ISLANDS,2021-04-17T13:40:00+08:00,0.92,2.87,5.57,14.4,34.620000000000005,43.83841008891146,67,6.531352990801789E-4,Low
NOVENA,2021-04-17T13:40:00+08:00,1.14,4.02,8.35,21.68,66.04,72.60735612910146,67,0.0015631831321778783,Low
ORCHARD,2021-04-17T13:40:00+08:00,0.87,3.19,8.27,20.599999999999998,69.7,74.75886922242081,67,0.0014018370324411285,Low
OUTRAM,2021-04-17T13:40:00+08:00,1.11,4.34,9.7,21.59,64.6,71.74580831007101,67,0.0015493819623897836,Low
PASIR RIS,2021-04-17T13:40:00+08:00,0.5,1.66,3.01,9.44,19.119999999999997,26.959053626837434,67,2.6522387906409705E-4,Low
PAYA LEBAR,2021-04-17T13:40:00+08:00,0.73,2.45,4.56,16.15,36.16,45.497335164831895,67,8.342081221130945E-4,Low
PIONEER,2021-04-17T13:40:00+08:00,6.86,22.36,32.12,43.36,49.17,50.74543251890584,67,0.00683038475543884,Moderate
PUNGGOL,2021-04-17T13:40:00+08:00,0.2,0.4,1.22,23.72,48.05000000000001,76.37125676663493,67,0.0018934498613676957,Low
QUEENSTOWN,2021-04-17T13:40:00+08:00,2.16,7.35,19.07,49.22,93.75,95.62470287996936,67,0.00893443270655818,High
RIVER VALLEY,2021-04-17T13:40:00+08:00,0.72,2.71,7.9799999999999995,19.97,70.31,75.12325178156378,67,0.0013120057845751722,Low
ROCHOR,2021-04-17T13:40:00+08:00,0.81,3.19,6.65,16.22,57.92999999999999,66.55027688266428,67,8.419406563042255E-4,Low
SELETAR,2021-04-17T13:40:00+08:00,0.53,1.4,2.58,9.510000000000002,40.38000000000001,50.11689113353031,67,2.6943954932996146E-4,Low
SEMBAWANG,2021-04-17T13:40:00+08:00,0.73,2.67,6.109999999999999,16.560000000000002,33.22,41.6141107083556,67,8.800374782803718E-4,Low
SENGKANG,2021-04-17T13:40:00+08:00,0.25,0.62,2.25,20.39,34.260000000000005,42.236261618677474,67,0.001371543134979212,Low
SERANGOON,2021-04-17T13:40:00+08:00,0.6,2.02,3.82,12.83,40.25,48.83731925159512,67,5.105279797084076E-4,Low
SIMPANG,2021-04-17T13:40:00+08:00,0.71,2.31,4.95,13.719999999999999,37.82000000000001,45.86156619666464,67,5.890820174588775E-4,Low
SINGAPORE RIVER,2021-04-17T13:40:00+08:00,1.0,4.0,9.33,20.81,66.93,73.87584947947701,67,0.0014324816449202298,Low
SOUTHERN ISLANDS,2021-04-17T13:40:00+08:00,1.45,5.14,10.92,24.700000000000003,61.52000000000001,67.8690773741787,67,0.002064047411771467,Low
STRAITS VIEW,2021-04-17T13:40:00+08:00,0.95,3.3100000000000005,6.88,16.12,53.35999999999999,61.93691098730303,67,8.309057612366598E-4,Low
SUNGEI KADUT,2021-04-17T13:40:00+08:00,1.31,6.65,18.14,43.73,64.52,69.04513187912815,67,0.006954563210495178,Moderate
TAMPINES,2021-04-17T13:40:00+08:00,1.07,2.29,3.3200000000000003,17.080000000000002,29.26,34.09978631046226,67,9.400357347666303E-4,Low
TANGLIN,2021-04-17T13:40:00+08:00,2.64,5.9,14.040000000000001,31.380000000000003,97.9,103.05768158197694,67,0.0034362098427909607,Moderate
TENGAH,2021-04-17T13:40:00+08:00,3.08,13.87,31.6,59.36999999999999,70.71,74.21876934296209,67,0.013274353133395804,High
TOA PAYOH,2021-04-17T13:40:00+08:00,0.7,2.24,4.67,15.170000000000002,50.589999999999996,63.393817155729856,67,7.29915514042853E-4,Low
TUAS,2021-04-17T13:40:00+08:00,4.48,10.35,15.52,23.47,30.94,34.17240359062785,67,0.0018511741941032208,Low
WESTERN ISLANDS,2021-04-17T13:40:00+08:00,3.98,12.18,21.34,37.24,54.440000000000005,58.80547109852182,67,0.004945172754181955,Moderate
WESTERN WATER CATCHMENT,2021-04-17T13:40:00+08:00,2.79,10.309999999999999,32.09,57.54,61.06,61.884370644802495,67,0.012426670688958913,High
WOODLANDS,2021-04-17T13:40:00+08:00,0.63,1.6800000000000002,3.71,7.46,12.129999999999999,19.247308761551587,67,1.6046449893434759E-4,Low
YISHUN,2021-04-17T13:40:00+08:00,0.24,0.36,0.9100000000000001,3.4000000000000004,33.239999999999995,39.411263332483124,67,2.9978357388525363E-5,Low
ANG MO KIO,2021-04-17T13:45:00+08:00,0.42,1.6999999999999997,3.1899999999999995,7.83,38.0,51.43079658542298,67,1.7793348148677934E-4,Low
BEDOK,2021-04-17T13:45:00+08:00,0.77,2.07,3.6,11.730000000000002,40.739999999999995,52.73683145514246,67,4.216394051854358E-4,Low
BISHAN,2021-04-17T13:45:00+08:00,0.66,2.41,4.97,13.27,51.81,61.27868272036242,67,5.486181014750195E-4,Low
BOON LAY,2021-04-17T13:45:00+08:00,5.43,18.52,30.38,43.0,51.480000000000004,55.163513995860285,67,0.006710682015870905,Moderate
BUKIT BATOK,2021-04-17T13:45:00+08:00,2.11,8.54,25.93,60.59,85.16,87.83224359051502,67,0.013855395225139283,High
BUKIT MERAH,2021-04-17T13:45:00+08:00,1.19,4.26,11.37,25.28,68.25,73.39987406099488,67,0.0021686841092804585,Low
BUKIT PANJANG,2021-04-17T13:45:00+08:00,1.94,7.26,18.310000000000002,42.040000000000006,71.03999999999999,77.61529220754761,67,0.006396869414357722,Moderate
BUKIT TIMAH,2021-04-17T13:45:00+08:00,2.18,7.890000000000001,16.17,36.79,83.38,90.54829816786189,67,0.004819071410900193,Moderate
CENTRAL WATER CATCHMENT,2021-04-17T13:45:00+08:00,1.21,3.69,7.17,20.939999999999998,65.83000000000001,80.72292870988527,67,0.0014516280578456427,Low
CHANGI,2021-04-17T13:45:00+08:00,0.97,2.3899999999999997,3.62,7.15,20.630000000000003,30.5323045281895,67,1.4656455627586298E-4,Low
CHANGI BAY,2021-04-17T13:45:00+08:00,0.98,2.9699999999999998,5.93,14.25,37.93,46.74701817754498,67,6.387041488743477E-4,Low
CHOA CHU KANG,2021-04-17T13:45:00+08:00,1.77,6.83,20.000000000000004,46.28,66.47,70.44278227102753,67,0.007842144961658222,High
CLEMENTI,2021-04-17T13:45:00+08:00,4.25,16.009999999999998,31.31,65.34,87.82,94.58474352232604,67,0.016238767691155523,High
DOWNTOWN CORE,2021-04-17T13:45:00+08:00,0.99,2.9800000000000004,6.8,15.7,54.279999999999994,65.82975949161683,67,7.854014127973022E-4,Low
GEYLANG,2021-04-17T13:45:00+08:00,0.6,1.6,3.0900000000000003,13.0,45.1,58.021310259588084,67,5.250721813434306E-4,Low
HOUGANG,2021-04-17T13:45:00+08:00,0.34,2.82,6.09,17.560000000000002,30.76,35.83952286429735,67,9.97284457336015E-4,Low
JURONG EAST,2021-04-17T13:45:00+08:00,3.76,13.9,29.759999999999998,57.82,82.38,88.09604326322953,67,0.012554513000958114,High
JURONG WEST,2021-04-17T13:45:00+08:00,4.9,19.85,44.52,58.19,62.05,63.84807979857887,67,0.012724477120227796,High
KALLANG,2021-04-17T13:45:00+08:00,0.58,2.09,4.75,13.120000000000001,52.23999999999999,62.51572335561572,67,5.354693482482931E-4,Low
LIM CHU KANG,2021-04-17T13:45:00+08:00,2.63,6.86,17.03,46.05,56.99999999999999,61.796877172595664,67,0.00775981077428884,High
MANDAI,2021-04-17T13:45:00+08:00,0.62,1.92,4.48,12.649999999999999,28.2,35.8606168973046,67,4.953644279134066E-4,Low
MARINA EAST,2021-04-17T13:45:00+08:00,1.18,2.6100000000000003,4.97,11.39,45.410000000000004,59.4492364373456,67,3.959841610154491E-4,Low
MARINA SOUTH,2021-04-17T13:45:00+08:00,1.73,2.9699999999999998,4.91,9.35,41.970000000000006,53.86694550319123,67,2.598555961090043E-4,Low
MARINE PARADE,2021-04-17T13:45:00+08:00,0.64,1.87,3.93,15.299999999999999,47.73,63.46758698043608,67,7.433257326279869E-4,Low
MUSEUM,2021-04-17T13:45:00+08:00,0.66,2.68,6.91,14.74,55.89,70.02285980323788,67,6.864801709359489E-4,Low
NEWTON,2021-04-17T13:45:00+08:00,0.6,2.23,6.470000000000001,16.83,63.66,70.41743006778154,67,9.109285166829804E-4,Low
NORTH-EASTERN ISLANDS,2021-04-17T13:45:00+08:00,0.94,2.86,5.529999999999999,13.33,34.86,44.67302837646435,67,5.539250341271556E-4,Low
NOVENA,2021-04-17T13:45:00+08:00,0.9,3.4099999999999997,7.63,19.44,66.08000000000001,73.33281769329545,67,0.0012388696212686388,Low
ORCHARD,2021-04-17T13:45:00+08:00,0.63,2.43,7.52,18.5,67.77000000000001,75.2091588350393,67,0.001114608540688757,Low
OUTRAM,2021-04-17T13:45:00+08:00,1.03,3.5300000000000002,8.98,20.509999999999998,63.47,72.60334092073634,67,0.0013888110134274176,Low
PASIR RIS,2021-04-17T13:45:00+08:00,1.04,2.25,3.6,8.25,19.82,27.934247644335162,67,1.9892936411679683E-4,Low
PAYA LEBAR,2021-04-17T13:45:00+08:00,0.66,2.27,4.4399999999999995,13.84,35.959999999999994,46.04796561694624,67,6.001307897600982E-4,Low
PIONEER,2021-04-17T13:45:00+08:00,6.18,20.65,35.519999999999996,48.489999999999995,55.25,56.80344724236717,67,0.00865631783419265,High
PUNGGOL,2021-04-17T13:45:00+08:00,0.0,0.2,0.6200000000000001,16.16,46.06,76.18767041385702,67,8.353104531464981E-4,Low
QUEENSTOWN,2021-04-17T13:45:00+08:00,2.67,7.09,16.82,48.730000000000004,96.28,98.06483380120262,67,0.008747249608094077,High
RIVER VALLEY,2021-04-17T13:45:00+08:00,0.51,2.01,7.31,17.53,66.95,75.45266546693057,67,9.936538169559815E-4,Low
ROCHOR,2021-04-17T13:45:00+08:00,0.68,2.5500000000000003,6.24,15.0,55.81999999999999,67.07029886048008,67,7.125743915696493E-4,Low
SELETAR,2021-04-17T13:45:00+08:00,0.35,1.3199999999999998,2.52,7.300000000000001,40.31,50.34641678695923,67,1.5320677855268903E-4,Low
SEMBAWANG,2021-04-17T13:45:00+08:00,0.79,2.41,5.6000000000000005,15.120000000000001,33.7,42.30407591604639,67,7.247922168888787E-4,Low
SENGKANG,2021-04-17T13:45:00+08:00,0.23,0.57,2.2,16.13,33.870000000000005,42.36473125825352,67,8.320057762178928E-4,Low
SERANGOON,2021-04-17T13:45:00+08:00,0.5,1.83,3.6599999999999997,10.48,40.3,49.21992082579407,67,3.315087516638769E-4,Low
SIMPANG,2021-04-17T13:45:00+08:00,0.66,2.13,4.63,12.23,38.120000000000005,46.4113210857788,67,4.609251078791373E-4,Low
SINGAPORE RIVER,2021-04-17T13:45:00+08:00,0.83,3.08,8.57,19.49,64.95,74.52826175421868,67,0.0012456743695859961,Low
SOUTHERN ISLANDS,2021-04-17T13:45:00+08:00,1.43,4.569999999999999,10.329999999999998,23.759999999999998,61.67,69.13592913085989,67,0.0019002608321821337,Low
STRAITS VIEW,2021-04-17T13:45:00+08:00,1.3,3.3099999999999996,6.949999999999999,15.77,52.269999999999996,63.08802288369051,67,7.928911031764613E-4,Low
SUNGEI KADUT,2021-04-17T13:45:00+08:00,1.25,4.43,14.860000000000001,41.08,65.25999999999999,70.12915655705781,67,0.0060908960380513825,Moderate
TAMPINES,2021-04-17T13:45:00+08:00,0.51,2.51,3.5300000000000002,12.580000000000002,29.57,34.52781495547496,67,4.895330070554289E-4,Low
TANGLIN,2021-04-17T13:45:00+08:00,1.65,6.23,12.260000000000002,29.980000000000004,99.4,104.4599446101317,67,0.0031181540110406507,Moderate
TENGAH,2021-04-17T13:45:00+08:00,2.08,9.71,27.97,56.66,72.72,76.12035728392037,67,0.012029251674091605,High
TOA PAYOH,2021-04-17T13:45:00+08:00,0.61,2.08,4.38,12.63,50.31999999999999,63.851426843287406,67,4.936945664397116E-4,Low
TUAS,2021-04-17T13:45:00+08:00,8.69,16.22,22.619999999999997,31.049999999999997,39.48,42.78025767334868,67,0.003359773320558299,Moderate
WESTERN ISLANDS,2021-04-17T13:45:00+08:00,4.51,12.66,22.909999999999997,39.24,58.63,63.174110560284866,67,0.0055263200788394804,Moderate
WESTERN WATER CATCHMENT,2021-04-17T13:45:00+08:00,4.16,10.33,29.439999999999998,60.3,65.16999999999999,65.8956088411916,67,0.013716125324446604,High
WOODLANDS,2021-04-17T13:45:00+08:00,0.98,2.1,3.9899999999999998,7.91,13.030000000000001,20.181040788940887,67,1.8183685082001074E-4,Low
YISHUN,2021-04-17T13:45:00+08:00,0.23,0.53,0.8899999999999999,2.72,33.44,39.546523892543185,67,1.8616546842174383E-5,Low
ANG MO KIO,2021-04-17T13:50:00+08:00,0.46,1.47,3.15,7.049999999999999,38.230000000000004,51.76716378474207,67,1.4222322733316526E-4,Low
BEDOK,2021-04-17T13:50:00+08:00,0.95,2.41,3.8999999999999995,11.09,39.28,53.560059120185386,67,3.7405611129051294E-4,Low
BISHAN,2021-04-17T13:50:00+08:00,0.71,2.17,4.8,11.83,52.0,61.84137691003587,67,4.2934798211713193E-4,Low
BOON LAY,2021-04-17T13:50:00+08:00,4.66,16.04,32.269999999999996,45.32,56.04,59.69090823854168,67,0.007501482197782435,High
BUKIT BATOK,2021-04-17T13:50:00+08:00,1.33,6.0,21.53,55.22,86.33,88.95110654838993,67,0.011393238828035586,High
BUKIT MERAH,2021-04-17T13:50:00+08:00,1.1,3.64,10.17,24.14,67.96000000000001,74.32343051739323,67,0.0019656105162162763,Low
BUKIT PANJANG,2021-04-17T13:50:00+08:00,1.51,5.75,16.11,38.96000000000001,72.18,78.9387153588817,67,0.005442922503420485,Moderate
BUKIT TIMAH,2021-04-17T13:50:00+08:00,1.7,6.49,15.12,34.41,84.58,92.03063209145202,67,0.004180492036588348,Moderate
CENTRAL WATER CATCHMENT,2021-04-17T13:50:00+08:00,1.05,3.4299999999999997,7.25,17.59,66.69000000000001,81.57888151602171,67,0.0010009221188230877,Low
CHANGI,2021-04-17T13:50:00+08:00,1.54,3.2199999999999998,4.78,7.88,21.509999999999998,31.998908925346893,67,1.8036781253700845E-4,Low
CHANGI BAY,2021-04-17T13:50:00+08:00,1.12,3.04,6.0600000000000005,13.650000000000002,37.63,47.75464455775917,67,5.826872035019987E-4,Low
CHOA CHU KANG,2021-04-17T13:50:00+08:00,1.44,5.3100000000000005,16.82,43.510000000000005,67.65,71.7134471831399,67,0.006880586763265365,Moderate
CLEMENTI,2021-04-17T13:50:00+08:00,4.26,13.799999999999999,30.32,63.64,91.96,98.61737436766151,67,0.015363650883373232,High
DOWNTOWN CORE,2021-04-17T13:50:00+08:00,1.09,2.9699999999999998,6.65,15.39,51.529999999999994,66.76151349749574,67,7.5268564086304E-4,Low
GEYLANG,2021-04-17T13:50:00+08:00,0.74,1.8699999999999999,3.2699999999999996,12.05,40.309999999999995,58.6218347398058,67,4.465681531196739E-4,Low
HOUGANG,2021-04-17T13:50:00+08:00,0.46,1.32,6.22,13.96,30.900000000000002,36.21336941381713,67,6.112885936617911E-4,Low
JURONG EAST,2021-04-17T13:50:00+08:00,2.94,11.33,27.390000000000004,55.620000000000005,85.07999999999998,90.82427208174589,67,0.011568126986318266,High
JURONG WEST,2021-04-17T13:50:00+08:00,2.63,14.55,39.96,59.419999999999995,64.63999999999999,66.32459749910707,67,0.013297916122335496,High
KALLANG,2021-04-17T13:50:00+08:00,0.61,1.8399999999999999,4.5,11.920000000000002,50.25999999999999,62.97544386398446,67,4.36349140914953E-4,Low
LIM CHU KANG,2021-04-17T13:50:00+08:00,3.23,7.85,16.42,45.98,60.019999999999996,64.87832569166551,67,0.007734842246818667,High
MANDAI,2021-04-17T13:50:00+08:00,0.68,1.88,4.27,11.66,28.64,36.45441273957208,67,4.1628750718610984E-4,Low
MARINA EAST,2021-04-17T13:50:00+08:00,1.58,3.43,5.819999999999999,11.989999999999998,41.84,60.88632837277998,67,4.418360771044615E-4,Low
MARINA SOUTH,2021-04-17T13:50:00+08:00,2.5,4.9,6.82,11.16,38.59,56.23745652423629,67,3.791133391098767E-4,Low
MARINE PARADE,2021-04-17T13:50:00+08:00,0.68,1.87,3.9000000000000004,14.379999999999999,42.78,63.99501933513784,67,6.512012576750935E-4,Low
MUSEUM,2021-04-17T13:50:00+08:00,0.51,2.01,6.08,14.58,50.79,70.36453415316201,67,6.706787160461169E-4,Low
NEWTON,2021-04-17T13:50:00+08:00,0.44,1.85,5.44,15.87,62.08,70.68815592322163,67,8.0365609741686E-4,Low
NORTH-EASTERN ISLANDS,2021-04-17T13:50:00+08:00,1.21,3.07,5.85,12.85,34.95,45.77564035256107,67,5.122278075301223E-4,Low
NOVENA,2021-04-17T13:50:00+08:00,0.75,2.79,6.95,17.71,65.65,73.90653534429107,67,0.0010155430052379755,Low
ORCHARD,2021-04-17T13:50:00+08:00,0.52,2.02,6.119999999999999,17.4,64.52000000000001,75.54836601126517,67,9.780021387391247E-4,Low
OUTRAM,2021-04-17T13:50:00+08:00,0.99,3.13,8.15,19.689999999999998,61.36999999999999,73.41881213695767,67,0.0012730909375741775,Low
PASIR RIS,2021-04-17T13:50:00+08:00,1.15,2.69,4.24,8.02,20.46,29.017097425002135,67,1.872775366138416E-4,Low
PAYA LEBAR,2021-04-17T13:50:00+08:00,0.71,2.1,4.470000000000001,12.060000000000002,35.459999999999994,46.64727242662348,67,4.473594352409429E-4,Low
PIONEER,2021-04-17T13:50:00+08:00,5.79,18.83,38.529999999999994,53.059999999999995,60.91,62.45689930344423,67,0.010472534604337282,High
PUNGGOL,2021-04-17T13:50:00+08:00,0.2,0.4,0.6100000000000001,10.79,44.870000000000005,76.20452537827558,67,3.5279027454047945E-4,Low
QUEENSTOWN,2021-04-17T13:50:00+08:00,3.05,7.88,16.48,47.300000000000004,99.11000000000001,100.87909897195466,67,0.008212727360283577,High
RIVER VALLEY,2021-04-17T13:50:00+08:00,0.48,1.71,5.66,16.54,61.67999999999999,75.75128728557142,67,8.777717274577383E-4,Low
ROCHOR,2021-04-17T13:50:00+08:00,0.63,2.12,5.67,14.21,53.02999999999999,67.53907077456361,67,6.348847311153748E-4,Low
SELETAR,2021-04-17T13:50:00+08:00,0.51,1.3900000000000001,2.58,6.42,40.370000000000005,50.73539069121751,67,1.1646105625998488E-4,Low
SEMBAWANG,2021-04-17T13:50:00+08:00,0.85,2.37,5.34,14.07,34.22,43.052382539062975,67,6.216124645021802E-4,Low
SENGKANG,2021-04-17T13:50:00+08:00,0.24,0.72,1.34,11.75,33.48,42.502892073887544,67,4.2317518840482047E-4,Low
SERANGOON,2021-04-17T13:50:00+08:00,0.55,1.6500000000000001,3.6399999999999997,9.16,40.25,49.65160267665013,67,2.487138503754968E-4,Low
SIMPANG,2021-04-17T13:50:00+08:00,0.7,2.0700000000000003,4.48,11.27,38.39,46.99975443719296,67,3.871333265057293E-4,Low
SINGAPORE RIVER,2021-04-17T13:50:00+08:00,0.74,2.5700000000000003,7.41,18.669999999999998,61.75,75.08910571654677,67,0.0011365662077787058,Low
SOUTHERN ISLANDS,2021-04-17T13:50:00+08:00,1.36,4.24,9.8,22.769999999999996,61.120000000000005,70.32973554426185,67,0.0017354846819353244,Low
STRAITS VIEW,2021-04-17T13:50:00+08:00,1.56,3.81,7.33,15.86,49.839999999999996,64.49636766004299,67,8.025761322390625E-4,Low
SUNGEI KADUT,2021-04-17T13:50:00+08:00,1.44,4.0,12.510000000000002,38.040000000000006,66.17999999999999,71.40057538371084,67,0.005173573579034895,Moderate
TAMPINES,2021-04-17T13:50:00+08:00,0.73,2.31,3.9599999999999995,9.46,29.91,35.17481467650305,67,2.6642475273479715E-4,Low
TANGLIN,2021-04-17T13:50:00+08:00,0.86,5.15,10.25,26.910000000000004,100.03,105.06883678430455,67,0.002477431256302089,Low
TENGAH,2021-04-17T13:50:00+08:00,1.22,6.38,22.64,52.89,73.84,77.15737406015847,67,0.010401768949165476,High
TOA PAYOH,2021-04-17T13:50:00+08:00,0.61,1.92,4.2,11.120000000000001,49.71999999999999,64.3079364979649,67,3.762190781264477E-4,Low
TUAS,2021-04-17T13:50:00+08:00,8.32,21.490000000000002,29.299999999999997,38.17,47.589999999999996,50.997419618697464,67,0.005211199444569657,Moderate
WESTERN ISLANDS,2021-04-17T13:50:00+08:00,4.13,12.620000000000001,24.069999999999997,40.730000000000004,62.300000000000004,67.15224839330246,67,0.005981291259843291,Moderate
WESTERN WATER CATCHMENT,2021-04-17T13:50:00+08:00,3.14,10.09,24.11,61.41,68.25,68.87720455398444,67,0.014253083532877948,High
WOODLANDS,2021-04-17T13:50:00+08:00,0.99,2.5999999999999996,4.38,8.030000000000001,13.969999999999999,21.12252824861403,67,1.8777637225830425E-4,Low
YISHUN,2021-04-17T13:50:00+08:00,0.23,0.7,1.06,2.46,33.64,39.681459304190774,67,1.5022343431390454E-5,Low
ANG MO KIO,2021-04-17T13:55:00+08:00,0.54,1.42,3.1999999999999997,6.56,38.46,52.18272240201168,67,1.2194999677079774E-4,Low
BEDOK,2021-04-17T13:55:00+08:00,0.88,2.6,4.35,10.36,34.76,54.31130785531502,67,3.23459327240814E-4,Low
BISHAN,2021-04-17T13:55:00+08:00,0.64,2.0100000000000002,4.609999999999999,10.919999999999998,52.010000000000005,62.33271845765019,67,3.6192431588124923E-4,Low
BOON LAY,2021-04-17T13:55:00+08:00,5.39,15.48,33.39,48.93000000000001,61.25999999999999,64.93741922708021,67,0.00882340265116306,High
BUKIT BATOK,2021-04-17T13:55:00+08:00,1.16,4.6,16.41,49.35,87.25,89.89727990839266,67,0.008984438494825163,High
BUKIT MERAH,2021-04-17T13:55:00+08:00,1.29,3.58,9.11,23.22,67.43,75.43476686679594,67,0.0018094030947474976,Low
BUKIT PANJANG,2021-04-17T13:55:00+08:00,1.41,4.86,13.78,35.96,73.08,80.15895717682122,67,0.004590962258636236,Moderate
BUKIT TIMAH,2021-04-17T13:55:00+08:00,1.73,5.609999999999999,14.29,32.66,85.56,93.53940268126775,67,0.003741270952413926,Moderate
CENTRAL WATER CATCHMENT,2021-04-17T13:55:00+08:00,0.68,2.94,6.749999999999999,15.36,67.12,82.06277672535431,67,7.495587668765799E-4,Low
CHANGI,2021-04-17T13:55:00+08:00,1.56,4.07,6.02,8.72,22.26,33.48198780042122,67,2.2390522721951538E-4,Low
CHANGI BAY,2021-04-17T13:55:00+08:00,1.14,3.24,6.27,13.22,37.010000000000005,48.77984873805237,67,5.442163684587221E-4,Low
CHOA CHU KANG,2021-04-17T13:55:00+08:00,1.32,4.53,13.709999999999999,40.150000000000006,68.63,72.86105758565411,67,0.005801950117176035,Moderate
CLEMENTI,2021-04-17T13:55:00+08:00,4.13,12.64,29.679999999999996,61.839999999999996,95.84,102.51031130431538,67,0.01446392412630785,High
DOWNTOWN CORE,2021-04-17T13:55:00+08:00,1.05,3.13,6.4799999999999995,14.97,47.959999999999994,67.65102769055936,67,7.09537150879706E-4,Low
GEYLANG,2021-04-17T13:55:00+08:00,0.42,1.7599999999999998,3.25,10.41,36.199999999999996,58.90091563897293,67,3.2680048269293367E-4,Low
HOUGANG,2021-04-17T13:55:00+08:00,0.46,1.26,5.799999999999999,10.719999999999999,31.0,36.58631728590994,67,3.4792327861500784E-4,Low
JURONG EAST,2021-04-17T13:55:00+08:00,2.81,9.51,25.130000000000003,53.65,87.45,93.41594260071946,67,0.010720054317424486,High
JURONG WEST,2021-04-17T13:55:00+08:00,2.77,10.3,34.970000000000006,60.66,67.34,68.93516198017184,67,0.013889119833408159,High
KALLANG,2021-04-17T13:55:00+08:00,0.57,1.7599999999999998,4.24,10.920000000000002,47.319999999999986,63.39405926534041,67,3.619243158812495E-4,Low
LIM CHU KANG,2021-04-17T13:55:00+08:00,2.35,8.209999999999999,15.430000000000001,44.01,62.099999999999994,67.07236681796954,67,0.0070493117202814854,Moderate
MANDAI,2021-04-17T13:55:00+08:00,1.51,2.81,4.96,11.61,29.83,37.876781175540486,67,4.1248694305212553E-4,Low
MARINA EAST,2021-04-17T13:55:00+08:00,1.04,3.8,6.13,11.92,36.650000000000006,61.779965730167554,67,4.36349140914953E-4,Low
MARINA SOUTH,2021-04-17T13:55:00+08:00,1.44,5.67,7.68,11.889999999999999,32.63,57.542269151788844,67,4.340087395626241E-4,Low
MARINE PARADE,2021-04-17T13:55:00+08:00,0.64,1.96,3.89,12.879999999999999,37.620000000000005,64.481183812546,67,5.147831743760218E-4,Low
MUSEUM,2021-04-17T13:55:00+08:00,1.24,2.41,6.0,14.85,45.540000000000006,71.43538716335185,67,6.974569984409529E-4,Low
NEWTON,2021-04-17T13:55:00+08:00,0.6,1.6400000000000001,4.63,14.79,60.91,71.11823098968027,67,6.914581838985181E-4,Low
NORTH-EASTERN ISLANDS,2021-04-17T13:55:00+08:00,1.27,3.42,6.289999999999999,12.61,34.760000000000005,46.93560179598632,67,4.92027698254961E-4,Low
NOVENA,2021-04-17T13:55:00+08:00,0.85,2.5,6.52,16.56,65.19,74.57887385429137,67,8.800374782803701E-4,Low
ORCHARD,2021-04-17T13:55:00+08:00,0.72,1.8699999999999999,5.06,16.259999999999998,62.94,76.08675777851447,67,8.463762408268773E-4,Low
OUTRAM,2021-04-17T13:55:00+08:00,1.15,3.17,7.51,18.98,59.139999999999986,74.39232306873798,67,0.0011771916024689811,Low
PASIR RIS,2021-04-17T13:55:00+08:00,1.01,3.2,4.86,8.11,20.77,29.957344178689386,67,1.91792452512132E-4,Low
PAYA LEBAR,2021-04-17T13:55:00+08:00,0.72,2.09,4.54,10.66,34.64999999999999,47.25513858236831,67,3.437801381290284E-4,Low
PIONEER,2021-04-17T13:55:00+08:00,4.5,16.47,38.83,56.25999999999999,65.19999999999999,66.80676121701764,67,0.011850799444691236,High
PUNGGOL,2021-04-17T13:55:00+08:00,0.2,0.4,0.8,5.82,43.28,76.22133982559942,67,9.445149566224438E-5,Low
QUEENSTOWN,2021-04-17T13:55:00+08:00,3.08,8.8,16.15,44.75,101.14000000000001,103.71659902320596,67,0.007302936818061057,High
RIVER VALLEY,2021-04-17T13:55:00+08:00,0.71,1.7,4.41,15.45,59.34,76.2791912570422,67,7.589601110400488E-4,Low
ROCHOR,2021-04-17T13:55:00+08:00,0.86,2.17,5.36,13.64,49.68999999999999,68.2367158232578,67,5.817766825280034E-4,Low
SELETAR,2021-04-17T13:55:00+08:00,0.4,1.26,2.6599999999999997,5.74,39.230000000000004,51.01342955389821,67,9.170134053742475E-5,Low
SEMBAWANG,2021-04-17T13:55:00+08:00,1.8,3.4400000000000004,6.109999999999999,14.09,35.56,44.74889033239552,67,6.234993931010068E-4,Low
SENGKANG,2021-04-17T13:55:00+08:00,0.42,0.8899999999999999,1.5099999999999998,8.15,33.5,42.82072076928009,67,1.9381743476822947E-4,Low
SERANGOON,2021-04-17T13:55:00+08:00,0.52,1.57,3.5900000000000003,8.17,40.019999999999996,50.05224682170018,67,1.9483416466292163E-4,Low
SIMPANG,2021-04-17T13:55:00+08:00,0.9,2.26,4.57,10.73,38.56,47.78677327302347,67,3.4861636540574315E-4,Low
SINGAPORE RIVER,2021-04-17T13:55:00+08:00,1.07,2.6399999999999997,6.640000000000001,18.03,59.11999999999999,75.97860148451639,67,0.0010550820680028158,Low
SOUTHERN ISLANDS,2021-04-17T13:55:00+08:00,1.38,4.17,9.309999999999999,21.869999999999997,60.150000000000006,71.54067220568331,67,0.001592531782258627,Low
STRAITS VIEW,2021-04-17T13:55:00+08:00,1.21,4.07,7.38,15.58,46.230000000000004,65.55132696269906,67,7.72649637941807E-4,Low
SUNGEI KADUT,2021-04-17T13:55:00+08:00,1.96,4.65,11.3,35.72,67.57999999999998,73.18893788845534,67,0.004526084186140506,Moderate
TAMPINES,2021-04-17T13:55:00+08:00,0.61,1.85,4.14,7.5,30.0,35.70025909617745,67,1.6230684009494882E-4,Low
TANGLIN,2021-04-17T13:55:00+08:00,1.1,3.61,9.51,24.8,100.78,105.91626526260248,67,0.002081893171591982,Low
TENGAH,2021-04-17T13:55:00+08:00,1.08,4.38,18.25,48.91,74.78,78.05189798586905,67,0.008815771940800684,High
TOA PAYOH,2021-04-17T13:55:00+08:00,0.52,1.74,3.98,10.08,48.85999999999999,64.67334876409521,67,3.0508545138850337E-4,Low
TUAS,2021-04-17T13:55:00+08:00,6.63,23.639999999999997,33.99,43.61,53.91,57.50482859865586,67,0.006914161285705527,Moderate
WESTERN ISLANDS,2021-04-17T13:55:00+08:00,3.61,12.25,24.429999999999996,41.78,65.17,70.60082331159883,67,0.006313227987584551,Moderate
WESTERN WATER CATCHMENT,2021-04-17T13:55:00+08:00,2.5,9.8,20.11,60.92,70.67,71.21163290688895,67,0.014014749428456633,High
WOODLANDS,2021-04-17T13:55:00+08:00,2.21,4.18,5.86,9.55,16.119999999999997,23.28175249754239,67,2.7186436598788596E-4,Low
YISHUN,2021-04-17T13:55:00+08:00,0.43,0.89,1.25,2.6,34.019999999999996,40.01607034903947,67,1.690679090918503E-5,Low
ANG MO KIO,2021-04-17T14:00:00+08:00,0.53,1.53,3.2299999999999995,6.34,38.550000000000004,52.58728207158631,67,1.1338477347293099E-4,Low
BEDOK,2021-04-17T14:00:00+08:00,0.73,2.56,4.629999999999999,10.02,31.659999999999997,54.91075068831405,67,3.0122238139353706E-4,Low
BISHAN,2021-04-17T14:00:00+08:00,0.66,2.0100000000000002,4.42,10.35,51.81,62.84287888547528,67,3.227932843360021E-4,Low
BOON LAY,2021-04-17T14:00:00+08:00,5.49,15.540000000000001,34.06,52.97,66.41,70.27131830037766,67,0.010435039584493525,High
BUKIT BATOK,2021-04-17T14:00:00+08:00,0.96,3.45,11.989999999999998,45.18,87.76999999999998,90.64117879336888,67,0.007452459748040729,High
BUKIT MERAH,2021-04-17T14:00:00+08:00,1.22,3.6100000000000003,7.869999999999999,21.98,65.88,76.47343171129307,67,0.0016096552264242953,Low
BUKIT PANJANG,2021-04-17T14:00:00+08:00,1.24,4.16,11.42,33.54,73.45,81.20626569558056,67,0.003958932835718019,Moderate
BUKIT TIMAH,2021-04-17T14:00:00+08:00,1.39,4.819999999999999,12.71,30.97,85.17999999999999,94.70454638707645,67,0.003341379591054693,Moderate
CENTRAL WATER CATCHMENT,2021-04-17T14:00:00+08:00,0.89,2.62,6.31,14.32,67.63000000000001,82.75550871490542,67,6.454173920878555E-4,Low
CHANGI,2021-04-17T14:00:00+08:00,1.61,4.71,7.1000000000000005,9.780000000000001,23.04,35.01150155095676,67,2.8603128502853735E-4,Low
CHANGI BAY,2021-04-17T14:00:00+08:00,1.1,3.36,6.33,12.969999999999999,36.269999999999996,49.76258846372899,67,5.22489794627481E-4,Low
CHOA CHU KANG,2021-04-17T14:00:00+08:00,1.21,3.9699999999999998,10.8,37.15,69.33000000000001,73.8959092852593,67,0.004919815816090024,Moderate
CLEMENTI,2021-04-17T14:00:00+08:00,2.41,10.8,26.809999999999995,58.53999999999999,97.53999999999999,104.67389013788109,67,0.012886332709473583,High
DOWNTOWN CORE,2021-04-17T14:00:00+08:00,1.17,3.31,6.29,14.440000000000001,45.25,68.65840360970473,67,6.570125144310057E-4,Low
GEYLANG,2021-04-17T14:00:00+08:00,0.45,1.6099999999999999,3.21,8.400000000000002,33.07,59.20932566474375,67,2.0672998377724717E-4,Low
HOUGANG,2021-04-17T14:00:00+08:00,0.61,1.53,4.35,9.61,31.22,37.108368640876904,67,2.7552323823551477E-4,Low
JURONG EAST,2021-04-17T14:00:00+08:00,2.1,7.85,21.75,51.5,88.58000000000001,95.29138308815597,67,0.009832445946549057,High
JURONG WEST,2021-04-17T14:00:00+08:00,2.94,8.34,28.19,62.06,70.16,71.7094510111254,67,0.014572406872308628,High
KALLANG,2021-04-17T14:00:00+08:00,0.89,2.07,4.159999999999999,10.34,44.57999999999999,64.13166837089862,67,3.2212797061111027E-4,Low
LIM CHU KANG,2021-04-17T14:00:00+08:00,2.46,8.04,14.899999999999999,41.489999999999995,64.22,69.37113376095806,67,0.0062206137499022365,Moderate
MANDAI,2021-04-17T14:00:00+08:00,1.6,3.79,5.710000000000001,11.77,30.919999999999998,39.3857304267983,67,4.247139370530661E-4,Low
MARINA EAST,2021-04-17T14:00:00+08:00,1.44,4.0600000000000005,6.67,12.190000000000001,33.59,63.071454902097734,67,4.5771382368666293E-4,Low
MARINA SOUTH,2021-04-17T14:00:00+08:00,1.93,5.87,8.84,13.089999999999998,29.589999999999996,59.333945183172986,67,5.328599095157263E-4,Low
MARINE PARADE,2021-04-17T14:00:00+08:00,0.7,2.02,3.8900000000000006,11.579999999999998,34.21000000000001,65.0261796151538,67,4.1021548767228105E-4,Low
MUSEUM,2021-04-17T14:00:00+08:00,0.7,2.45,5.130000000000001,13.42,41.760000000000005,71.96366598520402,67,5.619363015367866E-4,Low
NEWTON,2021-04-17T14:00:00+08:00,0.63,1.67,3.9,13.13,59.65,71.57727221282907,67,5.363406650594305E-4,Low
NORTH-EASTERN ISLANDS,2021-04-17T14:00:00+08:00,1.3,3.7800000000000002,6.64,12.64,34.480000000000004,48.122774846241455,67,4.94529122977223E-4,Low
NOVENA,2021-04-17T14:00:00+08:00,0.84,2.44,5.85,15.51,64.28,75.23959615185642,67,7.652622220891584E-4,Low
ORCHARD,2021-04-17T14:00:00+08:00,0.72,1.96,4.39,14.84,60.730000000000004,76.62385532349874,67,6.964552864589272E-4,Low
OUTRAM,2021-04-17T14:00:00+08:00,1.1,3.2399999999999998,6.77,17.93,56.919999999999995,75.31349380960194,67,0.001042640101378897,Low
PASIR RIS,2021-04-17T14:00:00+08:00,0.78,2.9400000000000004,5.19,8.17,20.82,30.665330704124166,67,1.9483416466292163E-4,Low
PAYA LEBAR,2021-04-17T14:00:00+08:00,0.76,2.19,4.46,9.799999999999999,33.879999999999995,47.901543508650185,67,2.872812682398923E-4,Low
PIONEER,2021-04-17T14:00:00+08:00,3.9,14.19,34.839999999999996,58.05,68.72999999999999,70.54616664057622,67,0.012660028526328877,High
PUNGGOL,2021-04-17T14:00:00+08:00,0.6,1.0,1.2000000000000002,4.029999999999999,42.28,76.63811385322624,67,4.30952217883794E-5,Low
QUEENSTOWN,2021-04-17T14:00:00+08:00,1.91,8.04,15.13,40.82,97.21000000000001,105.37727810139133,67,0.006009375984715258,Moderate
RIVER VALLEY,2021-04-17T14:00:00+08:00,0.68,1.87,3.88,14.209999999999999,56.09,76.77582621751536,67,6.348847311153742E-4,Low
ROCHOR,2021-04-17T14:00:00+08:00,0.89,2.38,4.93,12.739999999999998,46.849999999999994,68.96268382596053,67,5.029158628598764E-4,Low
SELETAR,2021-04-17T14:00:00+08:00,0.74,1.65,2.9699999999999998,5.68,36.480000000000004,51.63080004809984,67,8.966704706249497E-5,Low
SEMBAWANG,2021-04-17T14:00:00+08:00,1.96,4.609999999999999,7.0200000000000005,14.43,36.81,46.60131994643099,67,6.560420688579856E-4,Low
SENGKANG,2021-04-17T14:00:00+08:00,0.62,1.2799999999999998,1.85,5.99,33.760000000000005,43.33778544672314,67,1.0043921758601135E-4,Low
SERANGOON,2021-04-17T14:00:00+08:00,0.61,1.6800000000000002,3.51,7.6899999999999995,39.7,50.54192787146457,67,1.7121077763438016E-4,Low
SIMPANG,2021-04-17T14:00:00+08:00,0.99,2.59,4.72,10.420000000000002,38.339999999999996,48.66190022015456,67,3.274709026136599E-4,Low
SINGAPORE RIVER,2021-04-17T14:00:00+08:00,0.91,2.72,5.800000000000001,16.759999999999998,56.489999999999995,76.70595902285923,67,9.028654511529772E-4,Low
SOUTHERN ISLANDS,2021-04-17T14:00:00+08:00,1.29,4.03,8.6,20.84,58.60000000000001,72.65869793628437,67,0.0014368881009774225,Low
STRAITS VIEW,2021-04-17T14:00:00+08:00,1.4,4.17,7.479999999999999,15.42,43.78,66.79375028337839,67,7.558194216866823E-4,Low
SUNGEI KADUT,2021-04-17T14:00:00+08:00,2.1,5.5,9.93,33.56,69.28999999999999,75.11300140738251,67,0.003963954961140857,Moderate
TAMPINES,2021-04-17T14:00:00+08:00,0.69,2.03,4.539999999999999,6.9,30.21,36.30444041728991,67,1.358411370804974E-4,Low
TANGLIN,2021-04-17T14:00:00+08:00,1.35,3.31,9.540000000000001,23.689999999999998,100.59,107.01165663544795,67,0.0018883501202080011,Low
TENGAH,2021-04-17T14:00:00+08:00,0.9,3.1999999999999997,12.910000000000002,46.099999999999994,75.44,78.7642715949298,67,0.007777671065061296,High
TOA PAYOH,2021-04-17T14:00:00+08:00,0.63,1.7599999999999998,3.84,9.42,47.81999999999999,65.14788262769504,67,2.6402588702653147E-4,Low
TUAS,2021-04-17T14:00:00+08:00,5.27,20.22,36.44,47.56,58.67,62.6365946321545,67,0.008308612154549018,High
WESTERN ISLANDS,2021-04-17T14:00:00+08:00,3.03,10.77,23.43,42.239999999999995,66.92,73.46110831405075,67,0.006461600247426376,Moderate
WESTERN WATER CATCHMENT,2021-04-17T14:00:00+08:00,2.13,7.7700000000000005,18.1,57.8,72.67,73.17044960424037,67,0.01254535914369694,High
WOODLANDS,2021-04-17T14:00:00+08:00,3.72,6.92,9.02,12.73,19.77,26.945786258301855,67,5.020738189063339E-4,Low
YISHUN,2021-04-17T14:00:00+08:00,0.43,1.09,1.6199999999999999,2.5700000000000003,34.349999999999994,40.349877033400674,67,1.649300998979229E-5,Low
ANG MO KIO,2021-04-17T14:05:00+08:00,0.56,1.6300000000000001,3.1,6.220000000000001,38.550000000000004,53.02086923347464,67,1.0885231994762466E-4,Low
BEDOK,2021-04-17T14:05:00+08:00,0.56,2.17,4.58,8.93,29.53,55.338752540398694,67,2.355729829859355E-4,Low
BISHAN,2021-04-17T14:05:00+08:00,0.7,2.0,4.17,9.86,51.120000000000005,63.39181295542385,67,2.910485962198106E-4,Low
BOON LAY,2021-04-17T14:05:00+08:00,3.99,14.87,30.910000000000004,55.42,69.81,74.09239538909073,67,0.011480511539757508,High
BUKIT BATOK,2021-04-17T14:05:00+08:00,0.75,2.87,8.870000000000001,41.03,87.82,91.1732894442776,67,0.006075174513137238,Moderate
BUKIT MERAH,2021-04-17T14:05:00+08:00,1.3,3.8099999999999996,7.449999999999999,20.82,62.22000000000001,77.58959974352558,67,0.001433949667323555,Low
BUKIT PANJANG,2021-04-17T14:05:00+08:00,1.04,3.69,9.440000000000001,30.939999999999998,73.00999999999999,82.05105662383096,67,0.0033344956532265894,Moderate
BUKIT TIMAH,2021-04-17T14:05:00+08:00,1.2,4.32,10.81,28.91,81.69999999999999,95.6768892422449,67,0.0028860182749903367,Low
CENTRAL WATER CATCHMENT,2021-04-17T14:05:00+08:00,0.5,2.0700000000000003,5.499999999999999,13.27,67.49,83.05657546880637,67,5.486181014750195E-4,Low
CHANGI,2021-04-17T14:05:00+08:00,1.99,5.16,8.379999999999999,11.22,23.939999999999998,36.91733855368334,67,3.8347682436271134E-4,Low
CHANGI BAY,2021-04-17T14:05:00+08:00,1.04,3.2800000000000002,6.319999999999999,12.63,35.379999999999995,50.68296581369509,67,4.936945664397116E-4,Low
CHOA CHU KANG,2021-04-17T14:05:00+08:00,1.1,3.6300000000000003,8.940000000000001,33.92,69.64000000000001,74.81827333889348,67,0.004054925850093023,Moderate
CLEMENTI,2021-04-17T14:05:00+08:00,1.3,7.84,21.64,54.019999999999996,97.85,105.72226801543509,67,0.010876800492673566,High
DOWNTOWN CORE,2021-04-17T14:05:00+08:00,1.07,3.29,6.26,13.809999999999999,42.66,69.56335793100423,67,5.973583796912935E-4,Low
GEYLANG,2021-04-17T14:05:00+08:00,0.58,1.45,3.3200000000000003,7.23,30.229999999999997,59.646994313795254,67,1.5008760565235512E-4,Low
HOUGANG,2021-04-17T14:05:00+08:00,0.64,1.71,3.0300000000000002,9.46,31.46,37.659165053758606,67,2.6642475273479715E-4,Low
JURONG EAST,2021-04-17T14:05:00+08:00,1.57,6.48,17.810000000000002,48.59,88.80000000000001,96.632315265876,67,0.008694146168899538,High
JURONG WEST,2021-04-17T14:05:00+08:00,3.15,8.86,23.41,62.959999999999994,73.13,74.68707101990611,67,0.015020503762717907,High
KALLANG,2021-04-17T14:05:00+08:00,0.97,2.4299999999999997,4.27,9.91,41.519999999999996,64.94750436218325,67,2.942079604332036E-4,Low
LIM CHU KANG,2021-04-17T14:05:00+08:00,2.65,7.460000000000001,15.31,38.66,66.37,71.85437477368411,67,0.005354304524393565,Moderate
MANDAI,2021-04-17T14:05:00+08:00,1.69,4.800000000000001,6.68,12.09,31.46,40.981052364570715,67,4.4973774512297165E-4,Low
MARINA EAST,2021-04-17T14:05:00+08:00,1.12,3.6,7.03,12.030000000000001,31.070000000000004,64.03983950567635,67,4.4498782015651116E-4,Low
MARINA SOUTH,2021-04-17T14:05:00+08:00,1.17,4.54,9.44,13.37,27.009999999999998,60.36131426346208,67,5.574780589421569E-4,Low
MARINE PARADE,2021-04-17T14:05:00+08:00,0.69,2.03,3.9,9.620000000000001,31.470000000000002,65.55986532027312,67,2.7613557706532223E-4,Low
MUSEUM,2021-04-17T14:05:00+08:00,0.85,2.79,4.8,12.41,39.43000000000001,72.64067489496804,67,4.755235121730311E-4,Low
NEWTON,2021-04-17T14:05:00+08:00,0.76,1.99,3.84,11.870000000000001,58.400000000000006,72.1652099618765,67,4.32452184620223E-4,Low
NORTH-EASTERN ISLANDS,2021-04-17T14:05:00+08:00,1.21,3.7800000000000002,6.85,12.6,34.05,49.21709409023963,67,4.911953864547026E-4,Low
NOVENA,2021-04-17T14:05:00+08:00,0.89,2.58,5.37,14.489999999999998,61.650000000000006,75.94873016081728,67,6.618761626625942E-4,Low
ORCHARD,2021-04-17T14:05:00+08:00,0.79,2.23,4.25,13.45,58.559999999999995,77.22966175735635,67,5.646202967323688E-4,Low
OUTRAM,2021-04-17T14:05:00+08:00,1.12,3.37,6.499999999999999,16.9,53.98,76.25245017841337,67,9.190296085304725E-4,Low
PASIR RIS,2021-04-17T14:05:00+08:00,0.6,2.39,5.08,8.03,20.729999999999997,31.191615324031613,67,1.877763722583039E-4,Low
PAYA LEBAR,2021-04-17T14:05:00+08:00,0.77,2.25,4.35,9.190000000000001,33.21000000000001,48.55639456338591,67,2.504558340240901E-4,Low
PIONEER,2021-04-17T14:05:00+08:00,1.9,10.3,29.129999999999995,57.47999999999999,70.12,72.27658303040229,67,0.012399363252988764,High
PUNGGOL,2021-04-17T14:05:00+08:00,0.8,1.6,2.0,3.8200000000000003,42.28000000000001,77.2538860114731,67,3.844214091073157E-5,Low
QUEENSTOWN,2021-04-17T14:05:00+08:00,1.53,6.5200000000000005,14.4,37.150000000000006,90.78,106.65396512774979,67,0.004919815816090024,Moderate
RIVER VALLEY,2021-04-17T14:05:00+08:00,0.7,2.09,3.8,12.709999999999999,53.870000000000005,77.29126733353819,67,5.003919781748523E-4,Low
ROCHOR,2021-04-17T14:05:00+08:00,0.96,2.71,4.83,12.02,44.26,69.756906698054,67,4.441987691544834E-4,Low
SELETAR,2021-04-17T14:05:00+08:00,0.96,2.1,3.49,6.04,34.9,52.46668646567184,67,1.0223757479079161E-4,Low
SEMBAWANG,2021-04-17T14:05:00+08:00,2.03,5.789999999999999,8.16,14.89,37.440000000000005,48.51929656583187,67,7.014714867729679E-4,Low
SENGKANG,2021-04-17T14:05:00+08:00,0.65,1.69,2.4099999999999997,4.91,33.81999999999999,43.88360716939104,67,6.569942074980871E-5,Low
SERANGOON,2021-04-17T14:05:00+08:00,0.74,1.8699999999999999,3.5199999999999996,7.529999999999999,39.39,51.16043179305593,67,1.6369593266724373E-4,Low
SIMPANG,2021-04-17T14:05:00+08:00,1.3,3.1900000000000004,5.26,10.52,38.36,49.844923478394776,67,3.342152572892632E-4,Low
SINGAPORE RIVER,2021-04-17T14:05:00+08:00,1.0,2.98,5.550000000000001,15.59,53.73,77.52156809033382,67,7.737080570117122E-4,Low
SOUTHERN ISLANDS,2021-04-17T14:05:00+08:00,1.2,3.87,8.11,19.73,55.85,73.68403608159637,67,0.0012786122079124446,Low
STRAITS VIEW,2021-04-17T14:05:00+08:00,1.11,3.7199999999999998,7.53,14.9,41.16,67.74318698349249,67,7.024770192819532E-4,Low
SUNGEI KADUT,2021-04-17T14:05:00+08:00,2.18,6.24,10.24,31.26,70.82,77.11243973328672,67,0.0034083099671862686,Moderate
TAMPINES,2021-04-17T14:05:00+08:00,0.5,1.7999999999999998,4.109999999999999,6.85,30.299999999999997,36.71716936679222,67,1.3374834842966226E-4,Low
TANGLIN,2021-04-17T14:05:00+08:00,1.22,3.67,8.82,22.990000000000002,90.88,107.97441483299268,67,0.001771418795507244,Low
TENGAH,2021-04-17T14:05:00+08:00,0.88,2.86,9.24,42.459999999999994,75.96,79.45493275249713,67,0.006533197255558125,Moderate
TOA PAYOH,2021-04-17T14:05:00+08:00,0.73,1.88,3.8,8.94,46.129999999999995,65.72127577494456,67,2.361364491900403E-4,Low
TUAS,2021-04-17T14:05:00+08:00,2.86,14.759999999999998,36.25,48.91,60.85,65.34602458203625,67,0.008815771940800684,High
WESTERN ISLANDS,2021-04-17T14:05:00+08:00,2.08,8.719999999999999,21.340000000000003,41.61,67.31,75.3645175714418,67,0.006258850167925793,Moderate
WESTERN WATER CATCHMENT,2021-04-17T14:05:00+08:00,2.37,7.0,17.09,53.75,74.85,75.36455756654603,67,0.010762302459562865,High
WOODLANDS,2021-04-17T14:05:00+08:00,4.02,9.95,12.549999999999999,16.17,23.59,30.901012168790526,67,8.364135563166616E-4,Low
YISHUN,2021-04-17T14:05:00+08:00,1.57,2.43,3.13,3.87,35.81999999999999,41.82288129085011,67,3.952440619627003E-5,Low
ANG MO KIO,2021-04-17T14:10:00+08:00,0.82,1.9100000000000001,3.3299999999999996,6.54,38.120000000000005,53.713414109442425,67,1.2115763453847875E-4,Low
BEDOK,2021-04-17T14:10:00+08:00,0.51,1.8,4.4,7.960000000000001,28.27,55.71572553290535,67,1.8429932430939668E-4,Low
BISHAN,2021-04-17T14:10:00+08:00,0.75,2.11,4.12,9.42,49.730000000000004,63.989427460812614,67,2.6402588702653147E-4,Low
BOON LAY,2021-04-17T14:10:00+08:00,2.11,11.59,27.07,55.12,71.41,76.02428711624108,67,0.011349731001130244,High
BUKIT BATOK,2021-04-17T14:10:00+08:00,0.73,2.44,7.039999999999999,36.42,87.67999999999999,91.68412097189034,67,0.004716667251726623,Moderate
BUKIT MERAH,2021-04-17T14:10:00+08:00,1.13,3.65,7.2299999999999995,19.79,56.870000000000005,78.53308465612905,67,0.0012869178507873696,Low
BUKIT PANJANG,2021-04-17T14:10:00+08:00,1.04,3.3200000000000003,8.18,28.259999999999998,72.09,82.89381678694873,67,0.0027496173922908957,Low
BUKIT TIMAH,2021-04-17T14:10:00+08:00,1.02,3.61,9.219999999999999,26.36,76.12,96.46689471439795,67,0.002370826232754369,Low
CENTRAL WATER CATCHMENT,2021-04-17T14:10:00+08:00,0.66,2.0500000000000003,4.99,12.469999999999999,67.25,83.51691849823779,67,4.8044338151835976E-4,Low
CHANGI,2021-04-17T14:10:00+08:00,2.8,6.4,10.47,13.56,25.28,39.628594177509875,67,5.745197160201495E-4,Low
CHANGI BAY,2021-04-17T14:10:00+08:00,1.23,3.37,6.609999999999999,12.64,34.41,51.791130698814946,67,4.94529122977223E-4,Low
CHOA CHU KANG,2021-04-17T14:10:00+08:00,1.1,3.41,7.9399999999999995,30.689999999999998,69.73000000000002,75.73842015190979,67,0.0032774202324386847,Moderate
CLEMENTI,2021-04-17T14:10:00+08:00,0.87,4.58,17.220000000000002,49.03,97.61999999999999,106.33812573188371,67,0.008861607559110467,High
DOWNTOWN CORE,2021-04-17T14:10:00+08:00,1.27,3.5100000000000002,6.640000000000001,13.649999999999999,40.29,70.66613686236893,67,5.826872035019987E-4,Low
GEYLANG,2021-04-17T14:10:00+08:00,0.61,1.6400000000000001,3.4,6.59,27.0,60.113610865573435,67,1.2314368850835795E-4,Low
HOUGANG,2021-04-17T14:10:00+08:00,0.53,1.78,3.04,9.43,31.520000000000003,38.09863742525556,67,2.646245228914937E-4,Low
JURONG EAST,2021-04-17T14:10:00+08:00,1.32,4.99,14.5,45.22,88.58000000000001,97.72002402082872,67,0.0074664490887814995,High
JURONG WEST,2021-04-17T14:10:00+08:00,5.52,11.61,21.91,65.89,78.44,80.02753322586264,67,0.016527164271696437,High
KALLANG,2021-04-17T14:10:00+08:00,1.18,3.04,4.8,9.879999999999999,37.83,65.97137919215608,67,2.923101675797528E-4,Low
LIM CHU KANG,2021-04-17T14:10:00+08:00,2.36,7.469999999999999,15.679999999999998,35.1,68.11,74.04164640499762,67,0.004360724660836948,Moderate
MANDAI,2021-04-17T14:10:00+08:00,1.86,5.15,7.96,12.86,32.01,42.74253936039689,67,5.130788463884973E-4,Low
MARINA EAST,2021-04-17T14:10:00+08:00,1.23,3.79,7.59,12.170000000000002,29.53,65.11589624135043,67,4.561126513084112E-4,Low
MARINA SOUTH,2021-04-17T14:10:00+08:00,1.2,4.3,9.969999999999999,13.75,26.229999999999997,61.41621368500268,67,5.918339954354495E-4,Low
MARINE PARADE,2021-04-17T14:10:00+08:00,0.77,2.16,4.12,8.559999999999999,29.23,66.17226811587543,67,2.1522657846718087E-4,Low
MUSEUM,2021-04-17T14:10:00+08:00,1.36,2.91,5.32,12.56,38.75,73.8260563652764,67,4.8787361941313314E-4,Low
NEWTON,2021-04-17T14:10:00+08:00,0.95,2.34,3.9800000000000004,11.079999999999998,54.78,72.9417343867025,67,3.733365940560218E-4,Low
NORTH-EASTERN ISLANDS,2021-04-17T14:10:00+08:00,1.45,3.96,7.38,12.95,33.56999999999999,50.54878273619234,67,5.207719580480653E-4,Low
NOVENA,2021-04-17T14:10:00+08:00,0.91,2.64,5.14,13.49,56.760000000000005,76.67615950585288,67,5.682095189357047E-4,Low
ORCHARD,2021-04-17T14:10:00+08:00,1.24,2.75,4.62,12.889999999999999,55.56999999999999,78.28401191304872,67,5.15636463655295E-4,Low
OUTRAM,2021-04-17T14:10:00+08:00,1.24,3.46,6.63,16.330000000000002,50.459999999999994,77.30914942088609,67,8.541682661703886E-4,Low
PASIR RIS,2021-04-17T14:10:00+08:00,0.81,2.19,5.390000000000001,8.399999999999999,20.75,31.926634825647405,67,2.0672998377724717E-4,Low
PAYA LEBAR,2021-04-17T14:10:00+08:00,0.92,2.45,4.54,9.100000000000001,32.59,49.35967144320502,67,2.4524925417861875E-4,Low
PIONEER,2021-04-17T14:10:00+08:00,1.41,7.21,23.679999999999996,55.8,70.94999999999999,73.51283972917122,67,0.011647273916594595,High
PUNGGOL,2021-04-17T14:10:00+08:00,2.39,3.79,4.19,5.41,44.260000000000005,79.45817793527758,67,8.081218121487312E-5,Low
QUEENSTOWN,2021-04-17T14:10:00+08:00,1.36,4.8,13.6,32.67,83.9,107.75758316814768,67,0.0037437080335739345,Moderate
RIVER VALLEY,2021-04-17T14:10:00+08:00,1.51,2.8899999999999997,4.59,12.569999999999999,52.64,78.61546939761179,67,4.887029393030386E-4,Low
ROCHOR,2021-04-17T14:10:00+08:00,1.28,3.13,5.3,11.95,41.62,70.86922036390217,67,4.3869622693588743E-4,Low
SELETAR,2021-04-17T14:10:00+08:00,1.57,3.27,4.53,7.11,33.839999999999996,53.91056352337161,67,1.4481969988738166E-4,Low
SEMBAWANG,2021-04-17T14:10:00+08:00,2.26,6.25,9.69,15.8,38.1,50.662662624307394,67,7.96112515970016E-4,Low
SENGKANG,2021-04-17T14:10:00+08:00,0.72,1.99,2.88,5.13,33.81999999999999,44.498116809168415,67,7.214436981006525E-5,Low
SERANGOON,2021-04-17T14:10:00+08:00,0.81,2.16,3.73,7.55,38.839999999999996,51.84744891340881,67,1.64625489907762E-4,Low
SIMPANG,2021-04-17T14:10:00+08:00,1.53,3.8200000000000003,6.08,11.030000000000001,37.57,51.2551029059266,67,3.697500418149314E-4,Low
SINGAPORE RIVER,2021-04-17T14:10:00+08:00,1.31,3.22,5.859999999999999,15.190000000000001,50.849999999999994,78.64521654199127,67,7.319701947075727E-4,Low
SOUTHERN ISLANDS,2021-04-17T14:10:00+08:00,1.15,3.64,7.8100000000000005,18.73,52.25,74.65690945025769,67,0.001144370192147852,Low
STRAITS VIEW,2021-04-17T14:10:00+08:00,1.18,3.6899999999999995,7.760000000000001,14.64,38.89,68.76034136394412,67,6.765813810405551E-4,Low
SUNGEI KADUT,2021-04-17T14:10:00+08:00,1.7,5.98,10.629999999999999,28.77,71.72999999999999,78.62707167514806,67,0.002856345224231213,Low
TAMPINES,2021-04-17T14:10:00+08:00,0.41,1.5999999999999999,3.45,6.77,30.29,37.03890617074484,67,1.3043577941896004E-4,Low
TANGLIN,2021-04-17T14:10:00+08:00,0.87,3.4400000000000004,7.05,21.090000000000003,77.14,108.5848586877653,67,0.0014738874078564395,Low
TENGAH,2021-04-17T14:10:00+08:00,0.88,2.66,7.04,38.64,76.4,80.14393365241924,67,0.00534842374176207,Moderate
TOA PAYOH,2021-04-17T14:10:00+08:00,0.76,2.12,3.8600000000000003,8.53,43.61,66.32329056126265,67,2.1361961316564374E-4,Low
TUAS,2021-04-17T14:10:00+08:00,4.63,12.759999999999998,36.4,51.92,64.68,69.81894142235734,67,0.010002726232548553,High
WESTERN ISLANDS,2021-04-17T14:10:00+08:00,2.11,7.219999999999999,19.47,40.81,67.5,77.29335128590998,67,0.006006252063224277,Moderate
WESTERN WATER CATCHMENT,2021-04-17T14:10:00+08:00,2.09,6.59,16.39,48.48,76.71000000000001,77.2733911848713,67,0.008652539707283717,High
WOODLANDS,2021-04-17T14:10:00+08:00,4.42,12.16,16.34,20.049999999999997,27.81,35.24673024177512,67,0.0013232383657995404,Low
YISHUN,2021-04-17T14:10:00+08:00,1.77,3.77,4.66,5.57,33.72,43.49234464180279,67,8.600043778041164E-5,Low
ANG MO KIO,2021-04-17T14:15:00+08:00,0.88,2.26,3.7899999999999996,6.9799999999999995,35.71,54.46429419955625,67,1.3922554055746767E-4,Low
BEDOK,2021-04-17T14:15:00+08:00,0.62,1.69,4.25,7.8500000000000005,26.77,56.20179233243156,67,1.789051047064056E-4,Low
BISHAN,2021-04-17T14:15:00+08:00,0.81,2.26,4.27,9.24,47.260000000000005,64.6456053803436,67,2.5337349871080945E-4,Low
BOON LAY,2021-04-17T14:15:00+08:00,1.57,7.67,23.21,53.589999999999996,72.5,77.41153483239613,67,0.010694746566009744,High
BUKIT BATOK,2021-04-17T14:15:00+08:00,1.08,2.56,6.01,31.94,87.91,92.54372452839182,67,0.003567993937305188,Moderate
BUKIT MERAH,2021-04-17T14:15:00+08:00,0.91,3.34,6.95,18.32,51.02,79.2543015563763,67,0.0010916065489841784,Low
BUKIT PANJANG,2021-04-17T14:15:00+08:00,1.17,3.25,7.41,25.72,71.25,83.86455106662338,67,0.002249889812600189,Low
BUKIT TIMAH,2021-04-17T14:15:00+08:00,0.98,3.1999999999999997,8.02,24.189999999999998,71.33,97.21500111837474,67,0.0019742961733839053,Low
CENTRAL WATER CATCHMENT,2021-04-17T14:15:00+08:00,0.7,1.86,4.48,11.649999999999999,66.80000000000001,84.0161549241985,67,4.155259134561491E-4,Low
CHANGI,2021-04-17T14:15:00+08:00,2.18,6.970000000000001,11.68,15.3,25.490000000000002,41.7133323030982,67,7.433257326279874E-4,Low
CHANGI BAY,2021-04-17T14:15:00+08:00,1.13,3.4,6.760000000000001,12.69,33.15,52.79663170280794,67,4.987131331712461E-4,Low
CHOA CHU KANG,2021-04-17T14:15:00+08:00,1.36,3.5600000000000005,7.53,27.529999999999998,70.03,76.91635505426007,67,0.0026005763598538883,Low
CLEMENTI,2021-04-17T14:15:00+08:00,0.95,3.12,13.92,45.23,97.63,107.03250300821938,67,0.007469948558091277,High
DOWNTOWN CORE,2021-04-17T14:15:00+08:00,1.2,3.54,6.8500000000000005,13.65,37.04,71.6962648597239,67,5.826872035019987E-4,Low
GEYLANG,2021-04-17T14:15:00+08:00,1.23,2.42,4.029999999999999,7.12,25.77,61.19910573316683,67,1.4525487292755494E-4,Low
HOUGANG,2021-04-17T14:15:00+08:00,0.75,1.92,3.45,9.54,31.78,38.757053363570115,67,2.712570798087067E-4,Low
JURONG EAST,2021-04-17T14:15:00+08:00,1.12,4.01,11.86,41.620000000000005,88.30000000000001,98.60511806847322,67,0.0062620420616335045,Moderate
JURONG WEST,2021-04-17T14:15:00+08:00,3.22,11.89,20.229999999999997,64.75,81.46,83.055157670336,67,0.015932260330710914,High
KALLANG,2021-04-17T14:15:00+08:00,1.29,3.44,5.51,10.26,34.49,67.10279276309384,67,3.16831700179815E-4,Low
LIM CHU KANG,2021-04-17T14:15:00+08:00,1.78,6.79,14.829999999999998,31.86,69.21000000000001,75.64366012596203,67,0.0035490077459832286,Moderate
MANDAI,2021-04-17T14:15:00+08:00,1.31,4.859999999999999,8.65,13.129999999999999,31.979999999999997,43.949791975557865,67,5.363406650594305E-4,Low
MARINA EAST,2021-04-17T14:15:00+08:00,1.16,3.51,7.57,12.540000000000001,28.130000000000003,66.11936627962224,67,4.8621722291337406E-4,Low
MARINA SOUTH,2021-04-17T14:15:00+08:00,0.9,3.27,9.14,14.05,25.39,62.16857726851275,67,6.197285709369398E-4,Low
MARINE PARADE,2021-04-17T14:15:00+08:00,0.78,2.24,4.26,8.19,27.759999999999998,66.7931987765354,67,1.9585372162869632E-4,Low
MUSEUM,2021-04-17T14:15:00+08:00,1.19,3.4,5.85,12.76,34.32,74.83858833604792,67,5.046021983217546E-4,Low
NEWTON,2021-04-17T14:15:00+08:00,0.96,2.67,4.34,10.81,47.519999999999996,73.7263921499986,67,3.541874419669758E-4,Low
NORTH-EASTERN ISLANDS,2021-04-17T14:15:00+08:00,1.32,3.9800000000000004,7.760000000000001,13.29,32.709999999999994,51.74727017959978,67,5.503840658574339E-4,Low
NOVENA,2021-04-17T14:15:00+08:00,0.92,2.72,5.16,12.79,51.21000000000001,77.41184020740647,67,5.071373215373846E-4,Low
ORCHARD,2021-04-17T14:15:00+08:00,1.06,3.0900000000000003,5.050000000000001,12.57,48.95,79.15582755107266,67,4.88702939303039E-4,Low
OUTRAM,2021-04-17T14:15:00+08:00,1.09,3.45,6.6899999999999995,15.670000000000002,45.620000000000005,78.21330849879793,67,7.822030869940095E-4,Low
PASIR RIS,2021-04-17T14:15:00+08:00,0.69,2.1,5.040000000000001,8.64,20.52,32.53988743805336,67,2.1954311797229637E-4,Low
PAYA LEBAR,2021-04-17T14:15:00+08:00,1.09,2.7800000000000002,4.97,9.41,32.09,50.3310173521474,67,2.6342797136844493E-4,Low
PIONEER,2021-04-17T14:15:00+08:00,2.49,5.8,19.990000000000002,55.510000000000005,72.88,75.82612463111457,67,0.011519896077961927,High
PUNGGOL,2021-04-17T14:15:00+08:00,2.39,5.58,6.58,7.200000000000001,46.44000000000001,81.65717103421152,67,1.487612503879079E-4,Low
QUEENSTOWN,2021-04-17T14:15:00+08:00,0.74,3.63,11.669999999999998,28.490000000000002,78.98,108.2385482574292,67,0.002797484145560768,Low
RIVER VALLEY,2021-04-17T14:15:00+08:00,1.17,3.38,5.25,12.559999999999999,46.900000000000006,79.59648825588812,67,4.878736194131327E-4,Low
ROCHOR,2021-04-17T14:15:00+08:00,1.26,3.5,5.88,12.120000000000001,37.53,71.95886017550592,67,4.521227519583965E-4,Low
SELETAR,2021-04-17T14:15:00+08:00,2.65,5.18,6.83,9.35,33.58,56.43096969249227,67,2.598555961090043E-4,Low
SEMBAWANG,2021-04-17T14:15:00+08:00,1.62,5.909999999999999,10.52,16.12,38.08,52.160876315596575,67,8.309057612366598E-4,Low
SENGKANG,2021-04-17T14:15:00+08:00,1.95,3.3200000000000003,4.6,6.8,35.22,46.34114924943003,67,1.3167281931906642E-4,Low
SERANGOON,2021-04-17T14:15:00+08:00,1.0,2.55,4.23,7.89,38.04,52.72281453589769,67,1.8085678842295913E-4,Low
SIMPANG,2021-04-17T14:15:00+08:00,1.66,4.49,7.08,11.71,35.8,52.79189244950438,67,4.201065867386975E-4,Low
SINGAPORE RIVER,2021-04-17T14:15:00+08:00,1.12,3.43,6.15,14.720000000000002,45.41999999999999,79.57616389208542,67,6.844943090060763E-4,Low
SOUTHERN ISLANDS,2021-04-17T14:15:00+08:00,1.01,3.3599999999999994,7.390000000000001,17.72,48.36,75.48744416061967,67,0.0010167664872434141,Low
STRAITS VIEW,2021-04-17T14:15:00+08:00,1.04,3.33,7.5,14.45,36.28,69.63505064042829,67,6.579837212725839E-4,Low
SUNGEI KADUT,2021-04-17T14:15:00+08:00,2.73,6.609999999999999,12.11,26.97,73.5,81.16806264309095,67,0.0024892107472375535,Low
TAMPINES,2021-04-17T14:15:00+08:00,0.38,1.29,3.32,6.85,30.130000000000003,37.32986956217431,67,1.3374834842966226E-4,Low
TANGLIN,2021-04-17T14:15:00+08:00,0.83,2.92,6.23,18.49,66.19999999999999,109.15383511662904,67,0.001113323981636621,Low
TENGAH,2021-04-17T14:15:00+08:00,0.92,2.68,5.88,33.849999999999994,76.88,80.87127828573486,67,0.0040371520700599895,Moderate
TOA PAYOH,2021-04-17T14:15:00+08:00,0.87,2.36,4.12,8.5,40.86,67.03385818403234,67,2.120190452478806E-4,Low
TUAS,2021-04-17T14:15:00+08:00,3.82,11.31,31.529999999999998,54.15,67.72,73.47110596497168,67,0.010932151983235038,High
WESTERN ISLANDS,2021-04-17T14:15:00+08:00,1.84,6.029999999999999,16.8,39.709999999999994,67.5,78.947548340439,67,0.00566780193897793,Moderate
WESTERN WATER CATCHMENT,2021-04-17T14:15:00+08:00,0.69,5.15,12.92,42.36,77.16999999999999,77.77763622083084,67,0.006500602103051654,Moderate
WOODLANDS,2021-04-17T14:15:00+08:00,3.03,11.469999999999999,18.39,22.38,30.659999999999997,38.19200178598701,67,0.0016727400407709758,Low
YISHUN,2021-04-17T14:15:00+08:00,1.79,5.13,6.22,7.11,27.490000000000002,45.1777948247041,67,1.4481969988738166E-4,Low
ANG MO KIO,2021-04-17T14:20:00+08:00,0.76,2.46,4.09,7.24,31.99,55.0933692737131,67,1.5053111464479724E-4,Low
BEDOK,2021-04-17T14:20:00+08:00,0.47,1.5999999999999999,3.7699999999999996,7.67,25.73,56.53669069196202,67,1.702616167781477E-4,Low
BISHAN,2021-04-17T14:20:00+08:00,0.78,2.34,4.34,9.14,44.040000000000006,65.27020593535133,67,2.475561158743771E-4,Low
BOON LAY,2021-04-17T14:20:00+08:00,1.61,5.29,20.16,52.43,73.55,78.83544778938405,67,0.010211527081517676,High
BUKIT BATOK,2021-04-17T14:20:00+08:00,0.86,2.67,5.54,27.07,87.27999999999999,93.18126171217071,67,0.002508908801727375,Low
BUKIT MERAH,2021-04-17T14:20:00+08:00,0.76,2.8,6.609999999999999,16.78,46.09,79.82378474703329,67,9.051653050684822E-4,Low
BUKIT PANJANG,2021-04-17T14:20:00+08:00,1.12,3.33,7.0200000000000005,23.130000000000003,70.13,84.78295183008437,67,0.00179448890045102,Low
BUKIT TIMAH,2021-04-17T14:20:00+08:00,0.83,2.83,7.15,22.27,67.07,97.81130917396746,67,0.0016552637553894313,Low
CENTRAL WATER CATCHMENT,2021-04-17T14:20:00+08:00,0.86,2.2199999999999998,4.290000000000001,11.54,65.07000000000001,84.67419125213155,67,4.0719723946909883E-4,Low
CHANGI,2021-04-17T14:20:00+08:00,1.8,6.78,11.940000000000001,16.72,26.0,43.41305899526016,67,8.982750506226155E-4,Low
CHANGI BAY,2021-04-17T14:20:00+08:00,1.0,3.36,6.64,12.7,32.03,53.66971561600195,67,4.995521812450637E-4,Low
CHOA CHU KANG,2021-04-17T14:20:00+08:00,1.23,3.69,7.32,24.14,70.0,77.96145835763335,67,0.0019656105162162763,Low
CLEMENTI,2021-04-17T14:20:00+08:00,0.98,2.8,10.639999999999999,40.96,97.84,107.75521109385411,67,0.006053200053949792,Moderate
DOWNTOWN CORE,2021-04-17T14:20:00+08:00,1.03,3.5,6.790000000000001,13.440000000000001,33.95,72.55391656626036,67,5.637248773625112E-4,Low
GEYLANG,2021-04-17T14:20:00+08:00,0.93,2.77,4.22,7.49,24.629999999999995,61.98199121534302,67,1.6184520695272815E-4,Low
HOUGANG,2021-04-17T14:20:00+08:00,0.73,2.01,3.72,9.94,31.99,39.39388655746165,67,2.961122785744085E-4,Low
JURONG EAST,2021-04-17T14:20:00+08:00,1.07,3.5100000000000007,9.990000000000002,37.379999999999995,88.12,99.43808446764166,67,0.00498475275918537,Moderate
JURONG WEST,2021-04-17T14:20:00+08:00,2.07,10.81,19.669999999999998,59.629999999999995,83.34,84.92550410796655,67,0.013397114249988403,High
KALLANG,2021-04-17T14:20:00+08:00,1.05,3.5199999999999996,5.949999999999999,10.45,31.14,67.9914865661534,67,3.294865416904997E-4,Low
LIM CHU KANG,2021-04-17T14:20:00+08:00,1.46,5.6,13.059999999999999,29.480000000000004,69.95,76.92182281882262,67,0.0030085009988562073,Moderate
MANDAI,2021-04-17T14:20:00+08:00,1.08,4.25,9.05,13.32,31.72,44.92414251585609,67,5.530386619399419E-4,Low
MARINA EAST,2021-04-17T14:20:00+08:00,1.07,3.46,7.0600000000000005,12.88,26.810000000000002,67.03042410926679,67,5.147831743760213E-4,Low
MARINA SOUTH,2021-04-17T14:20:00+08:00,1.01,3.1100000000000003,7.65,14.47,24.74,63.02913226994485,67,6.599284190291336E-4,Low
MARINE PARADE,2021-04-17T14:20:00+08:00,0.83,2.38,4.41,8.309999999999999,26.66,67.46263680239868,67,2.020304831513424E-4,Low
MUSEUM,2021-04-17T14:20:00+08:00,0.99,3.54,6.33,12.41,30.419999999999998,75.64868631451061,67,4.755235121730311E-4,Low
NEWTON,2021-04-17T14:20:00+08:00,0.76,2.67,4.66,10.1,40.260000000000005,74.3091637002999,67,3.063789536116449E-4,Low
NORTH-EASTERN ISLANDS,2021-04-17T14:20:00+08:00,1.19,3.96,7.74,13.59,31.979999999999997,52.81287661845262,67,5.772354125921054E-4,Low
NOVENA,2021-04-17T14:20:00+08:00,0.76,2.59,5.17,12.120000000000001,45.77000000000001,77.98575243031345,67,4.521227519583965E-4,Low
ORCHARD,2021-04-17T14:20:00+08:00,0.86,3.1599999999999997,5.39,11.510000000000002,41.879999999999995,79.8255474601528,67,4.0494131963059394E-4,Low
OUTRAM,2021-04-17T14:20:00+08:00,0.92,3.25,6.62,14.77,41.14,78.9452940984344,67,6.894646884194163E-4,Low
PASIR RIS,2021-04-17T14:20:00+08:00,0.76,2.26,4.65,8.89,20.45,33.22166587267033,67,2.3332626855806222E-4,Low
PAYA LEBAR,2021-04-17T14:20:00+08:00,1.09,3.1000000000000005,5.35,9.82,31.62,51.300028274600635,67,2.88534147324555E-4,Low
PIONEER,2021-04-17T14:20:00+08:00,2.85,6.75,17.05,55.58,75.22,78.49384870355131,67,0.011550576478777096,High
PUNGGOL,2021-04-17T14:20:00+08:00,0.81,5.59,7.190000000000001,7.800000000000001,46.64000000000001,82.27087804594578,67,1.764813172751501E-4,Low
QUEENSTOWN,2021-04-17T14:20:00+08:00,0.73,2.83,9.350000000000001,25.83,75.53999999999999,108.7083571705485,67,0.002270437804372711,Low
RIVER VALLEY,2021-04-17T14:20:00+08:00,0.97,3.6499999999999995,5.739999999999999,11.4,40.040000000000006,80.37514887519048,67,3.9672652789815035E-4,Low
ROCHOR,2021-04-17T14:20:00+08:00,1.03,3.5700000000000003,6.28,11.95,33.57,72.81588063779785,67,4.3869622693588743E-4,Low
SELETAR,2021-04-17T14:20:00+08:00,1.69,5.91,8.01,10.59,32.01,57.985317140103064,67,3.389797790641304E-4,Low
SEMBAWANG,2021-04-17T14:20:00+08:00,1.17,5.05,10.839999999999998,16.18,37.620000000000005,53.20548850025996,67,8.37517431683204E-4,Low
SENGKANG,2021-04-17T14:20:00+08:00,1.93,4.6,6.29,7.63,36.56999999999999,48.15975128461408,67,1.6837170443795115E-4,Low
SERANGOON,2021-04-17T14:20:00+08:00,0.96,2.77,4.64,8.280000000000001,36.79,53.55607589575186,67,2.0047673753075231E-4,Low
SIMPANG,2021-04-17T14:20:00+08:00,1.24,4.43,7.620000000000001,12.100000000000001,33.73,53.90498775523356,67,4.50532003189203E-4,Low
SINGAPORE RIVER,2021-04-17T14:20:00+08:00,0.92,3.35,6.33,13.740000000000002,40.11,80.30487336845759,67,5.909159130034965E-4,Low
SOUTHERN ISLANDS,2021-04-17T14:20:00+08:00,0.89,3.0500000000000003,6.919999999999999,16.72,45.019999999999996,76.1959823759024,67,8.982750506226155E-4,Low
STRAITS VIEW,2021-04-17T14:20:00+08:00,0.98,3.1999999999999997,6.92,14.25,33.94,70.44765723204632,67,6.387041488743477E-4,Low
SUNGEI KADUT,2021-04-17T14:20:00+08:00,1.47,5.8999999999999995,12.14,24.65,73.72,82.44294540640297,67,0.0020551549803115264,Low
TAMPINES,2021-04-17T14:20:00+08:00,0.36,1.15,2.9499999999999997,6.91,29.87,37.60013351627505,67,1.3626176743226833E-4,Low
TANGLIN,2021-04-17T14:20:00+08:00,0.51,2.21,5.88,16.13,57.35,109.40144380176544,67,8.320057762178928E-4,Low
TENGAH,2021-04-17T14:20:00+08:00,1.06,2.8600000000000003,5.720000000000001,28.360000000000003,77.46000000000001,81.73687447920419,67,0.002770375474217444,Low
TOA PAYOH,2021-04-17T14:20:00+08:00,0.77,2.4,4.279999999999999,8.48,37.620000000000005,67.64271769665967,67,2.109555525975036E-4,Low
TUAS,2021-04-17T14:20:00+08:00,2.47,10.92,25.679999999999996,54.98,69.49,75.76449118933844,67,0.011288963998902429,High
WESTERN ISLANDS,2021-04-17T14:20:00+08:00,1.72,5.67,14.389999999999999,38.459999999999994,67.6,80.47776892506462,67,0.0052956489929414435,Moderate
WESTERN WATER CATCHMENT,2021-04-17T14:20:00+08:00,2.19,4.97,11.969999999999999,36.08,79.13,79.78066911872983,67,0.004623583086695313,Moderate
WOODLANDS,2021-04-17T14:20:00+08:00,1.39,8.84,18.79,23.17,31.369999999999997,39.49019328878496,67,0.0018011093697040729,Low
YISHUN,2021-04-17T14:20:00+08:00,1.2,4.76,7.19,8.25,21.78,46.26919340933445,67,1.9892936411679683E-4,Low
ANG MO KIO,2021-04-17T14:25:00+08:00,0.96,2.6,4.51,7.71,27.69,55.920932134985456,67,1.7216274291043432E-4,Low
BEDOK,2021-04-17T14:25:00+08:00,0.56,1.65,3.4499999999999997,7.8,24.55,56.960784000338684,67,1.764813172751501E-4,Low
BISHAN,2021-04-17T14:25:00+08:00,0.83,2.42,4.53,9.14,38.550000000000004,65.943305033624,67,2.475561158743771E-4,Low
BOON LAY,2021-04-17T14:25:00+08:00,1.34,4.5200000000000005,16.11,49.5,74.32000000000001,79.98593784883808,67,0.009042317262365596,High
BUKIT BATOK,2021-04-17T14:25:00+08:00,0.94,2.88,5.32,21.73,85.33999999999997,93.89726634127804,67,0.001570878447970394,Low
BUKIT MERAH,2021-04-17T14:25:00+08:00,0.67,2.34,5.989999999999999,15.1,43.28,80.30189897577492,67,7.227482584907422E-4,Low
BUKIT PANJANG,2021-04-17T14:25:00+08:00,1.05,3.34,6.66,20.440000000000005,67.75999999999999,85.62914488015042,67,0.001378724179314277,Low
BUKIT TIMAH,2021-04-17T14:25:00+08:00,0.86,2.67,6.28,20.57,63.959999999999994,98.4361837842341,67,0.0013974878702849595,Low
CENTRAL WATER CATCHMENT,2021-04-17T14:25:00+08:00,0.92,2.48,4.53,11.280000000000001,55.57000000000001,85.3906457481745,67,3.8786683862626224E-4,Low
CHANGI,2021-04-17T14:25:00+08:00,1.98,5.960000000000001,12.360000000000001,18.380000000000003,27.04,45.288699770319994,67,0.0010992456343283973,Low
CHANGI BAY,2021-04-17T14:25:00+08:00,0.98,3.11,6.48,12.75,31.060000000000002,54.52070075148719,67,5.037586559730905E-4,Low
CHOA CHU KANG,2021-04-17T14:25:00+08:00,1.23,3.82,7.23,20.94,69.34,79.00404937154242,67,0.0014516280578456438,Low
CLEMENTI,2021-04-17T14:25:00+08:00,0.55,2.48,7.06,36.74,97.53999999999999,108.04618188528704,67,0.004805165576263525,Moderate
DOWNTOWN CORE,2021-04-17T14:25:00+08:00,0.91,3.14,6.65,13.129999999999999,32.230000000000004,73.28950659206215,67,5.363406650594305E-4,Low
GEYLANG,2021-04-17T14:25:00+08:00,0.98,3.14,4.78,8.03,23.659999999999997,62.812994744852716,67,1.877763722583039E-4,Low
HOUGANG,2021-04-17T14:25:00+08:00,0.73,2.21,3.99,9.790000000000001,31.77,40.02918888897977,67,2.866559146986629E-4,Low
JURONG EAST,2021-04-17T14:25:00+08:00,0.94,3.1300000000000003,8.120000000000001,33.25,87.69999999999999,100.1390485262741,67,0.0038864881144601558,Moderate
JURONG WEST,2021-04-17T14:25:00+08:00,3.52,8.81,20.419999999999998,55.39,86.64,88.24135448129942,67,0.011467398783376943,High
KALLANG,2021-04-17T14:25:00+08:00,0.94,3.28,6.32,10.559999999999999,29.040000000000003,68.76804406740324,67,3.369334547308169E-4,Low
LIM CHU KANG,2021-04-17T14:25:00+08:00,1.62,4.86,12.329999999999998,27.76,70.64999999999999,78.35691297841646,67,0.002647061672129897,Low
MANDAI,2021-04-17T14:25:00+08:00,0.91,3.3000000000000003,8.450000000000001,13.41,30.839999999999996,45.726150846930665,67,5.610431449369432E-4,Low
MARINA EAST,2021-04-17T14:25:00+08:00,0.97,3.2,6.99,13.120000000000001,26.1,67.83929187695354,67,5.354693482482931E-4,Low
MARINA SOUTH,2021-04-17T14:25:00+08:00,0.98,2.89,7.1899999999999995,14.870000000000001,24.490000000000002,63.85761861150718,67,6.994627143961091E-4,Low
MARINE PARADE,2021-04-17T14:25:00+08:00,0.94,2.55,4.710000000000001,8.599999999999998,26.02,68.24046558820513,67,2.1737915549750189E-4,Low
MUSEUM,2021-04-17T14:25:00+08:00,0.82,2.9999999999999996,5.91,11.91,28.96,76.28683692508183,67,4.355682644976968E-4,Low
NEWTON,2021-04-17T14:25:00+08:00,0.82,2.54,4.88,9.51,36.1,74.95053434523507,67,2.6943954932996146E-4,Low
NORTH-EASTERN ISLANDS,2021-04-17T14:25:00+08:00,1.2,3.71,7.670000000000001,13.96,31.36,53.885921481028106,67,6.112885936617911E-4,Low
NOVENA,2021-04-17T14:25:00+08:00,0.85,2.5300000000000002,5.17,11.69,41.760000000000005,78.64828504450008,67,4.1857673240732135E-4,Low
ORCHARD,2021-04-17T14:25:00+08:00,0.81,2.73,5.48,10.540000000000003,37.83,80.44365745156634,67,3.355728941692092E-4,Low
OUTRAM,2021-04-17T14:25:00+08:00,0.83,2.8400000000000003,6.3,13.81,38.59,79.58552010195825,67,5.973583796912935E-4,Low
PASIR RIS,2021-04-17T14:25:00+08:00,0.86,2.31,4.5,9.36,20.5,34.00180540252766,67,2.60449192647444E-4,Low
PAYA LEBAR,2021-04-17T14:25:00+08:00,1.05,3.2300000000000004,5.68,10.219999999999999,30.830000000000002,52.22670982356197,67,3.142010482174474E-4,Low
PIONEER,2021-04-17T14:25:00+08:00,2.61,7.949999999999999,15.159999999999998,53.989999999999995,77.22,80.91515992181475,67,0.010864047638625987,High
PUNGGOL,2021-04-17T14:25:00+08:00,0.61,3.81,7.6000000000000005,8.4,45.650000000000006,82.68310978757545,67,2.0672998377724717E-4,Low
QUEENSTOWN,2021-04-17T14:25:00+08:00,0.88,2.35,7.1499999999999995,23.3,73.75,109.32703672547055,67,0.0018227149864028704,Low
RIVER VALLEY,2021-04-17T14:25:00+08:00,0.8,2.9399999999999995,5.829999999999999,10.24,36.099999999999994,80.98193769783528,67,3.1551491788154505E-4,Low
ROCHOR,2021-04-17T14:25:00+08:00,0.89,3.18,6.31,11.67,31.410000000000004,73.53084093678241,67,4.1704984153294956E-4,Low
SELETAR,2021-04-17T14:25:00+08:00,1.11,5.45,8.719999999999999,11.38,29.869999999999997,58.95592814299712,67,3.9524253249543037E-4,Low
SEMBAWANG,2021-04-17T14:25:00+08:00,1.0,3.79,10.04,16.15,36.540000000000006,54.077589576043266,67,8.342081221130945E-4,Low
SENGKANG,2021-04-17T14:25:00+08:00,1.91,5.79,7.78,9.29,37.58,49.95398164216797,67,2.563091227939852E-4,Low
SERANGOON,2021-04-17T14:25:00+08:00,1.03,2.99,5.15,8.740000000000002,32.88,54.457334206023724,67,2.2500288133352897E-4,Low
SIMPANG,2021-04-17T14:25:00+08:00,1.06,3.96,7.780000000000001,12.350000000000001,31.66,54.83540732775991,67,4.706305213556575E-4,Low
SINGAPORE RIVER,2021-04-17T14:25:00+08:00,0.81,2.85,6.07,12.71,37.25,80.92183112408212,67,5.003919781748527E-4,Low
SOUTHERN ISLANDS,2021-04-17T14:25:00+08:00,0.83,2.73,6.37,15.68,42.87,76.84281735946873,67,7.832684263459775E-4,Low
STRAITS VIEW,2021-04-17T14:25:00+08:00,0.92,2.94,6.629999999999999,14.01,32.529999999999994,71.19831042540022,67,6.159698867054038E-4,Low
SUNGEI KADUT,2021-04-17T14:25:00+08:00,1.26,5.46,11.440000000000001,22.740000000000002,73.11,83.50476352096304,67,0.0017306147557737076,Low
TAMPINES,2021-04-17T14:25:00+08:00,0.36,1.1,2.6999999999999997,6.84,29.65,37.86974779174379,67,1.3333186238255717E-4,Low
TANGLIN,2021-04-17T14:25:00+08:00,1.08,2.42,5.86,15.37,54.07,110.21845726852591,67,7.506002908836646E-4,Low
TENGAH,2021-04-17T14:25:00+08:00,1.27,3.25,5.91,24.160000000000004,78.08,82.81038989444797,67,0.0019690823492768835,Low
TOA PAYOH,2021-04-17T14:25:00+08:00,0.83,2.47,4.59,8.57,34.019999999999996,68.31011359192611,67,2.1576365572318213E-4,Low
TUAS,2021-04-17T14:25:00+08:00,2.18,8.47,21.229999999999997,55.22,70.97999999999999,77.76236342037916,67,0.011393238828035586,High
WESTERN ISLANDS,2021-04-17T14:25:00+08:00,1.55,5.11,12.33,36.760000000000005,67.62,81.83431106274605,67,0.004810725380723636,Moderate
WESTERN WATER CATCHMENT,2021-04-17T14:25:00+08:00,3.52,6.4,12.989999999999998,33.1,82.38,83.10888699171254,67,0.003849292708561761,Moderate
WOODLANDS,2021-04-17T14:25:00+08:00,0.85,5.27,17.43,23.29,30.779999999999998,40.24526411171857,67,0.0018210481770801544,Low
YISHUN,2021-04-17T14:25:00+08:00,1.19,4.18,7.950000000000001,9.2,18.45,47.347968416796334,67,2.510379308260478E-4,Low
ANG MO KIO,2021-04-17T14:30:00+08:00,1.88,3.5999999999999996,5.859999999999999,9.09,23.45,57.66650564510886,67,2.4467433133784324E-4,Low
BEDOK,2021-04-17T14:30:00+08:00,0.65,1.6800000000000002,3.37,8.0,23.440000000000005,57.473857844757056,67,1.8628198030174104E-4,Low
BISHAN,2021-04-17T14:30:00+08:00,1.04,2.65,4.91,9.33,32.86,66.82478609110828,67,2.586705614268074E-4,Low
BOON LAY,2021-04-17T14:30:00+08:00,1.64,4.59,12.26,46.32000000000001,75.20000000000002,81.43366228307046,67,0.007856510088258405,High
BUKIT BATOK,2021-04-17T14:30:00+08:00,0.83,2.63,5.1899999999999995,17.18,82.13999999999999,94.5015497904023,67,9.518146288086698E-4,Low
BUKIT MERAH,2021-04-17T14:30:00+08:00,0.99,2.42,5.76,13.629999999999999,41.56,81.0988638814442,67,5.808669173108878E-4,Low
BUKIT PANJANG,2021-04-17T14:30:00+08:00,0.94,3.11,6.359999999999999,17.78,64.64,86.3633037945693,67,0.0010241237819916377,Low
BUKIT TIMAH,2021-04-17T14:30:00+08:00,0.87,2.56,5.76,18.47,60.11,99.06955627897328,67,0.0011107572186454648,Low
CENTRAL WATER CATCHMENT,2021-04-17T14:30:00+08:00,0.63,2.41,4.2700000000000005,10.58,47.410000000000004,85.81537798281403,67,3.382969397000925E-4,Low
CHANGI,2021-04-17T14:30:00+08:00,1.7,5.48,12.450000000000001,19.55,27.36,46.87983175419853,67,0.001253866139977217,Low
CHANGI BAY,2021-04-17T14:30:00+08:00,1.06,3.04,6.440000000000001,12.770000000000001,29.880000000000003,55.44964023178871,67,5.054464899815921E-4,Low
CHOA CHU KANG,2021-04-17T14:30:00+08:00,1.08,3.54,7.100000000000001,17.9,67.7,79.89413413519733,67,0.0010389227651337026,Low
CLEMENTI,2021-04-17T14:30:00+08:00,0.45,1.98,5.1,31.909999999999997,95.66,108.23645322160262,67,0.0035608678665985396,Moderate
DOWNTOWN CORE,2021-04-17T14:30:00+08:00,1.03,2.9699999999999998,6.510000000000001,12.8,31.11,74.1433283571898,67,5.079838615844951E-4,Low
GEYLANG,2021-04-17T14:30:00+08:00,1.03,2.9400000000000004,5.36,8.57,23.159999999999997,63.69200065230423,67,2.1576365572318213E-4,Low
HOUGANG,2021-04-17T14:30:00+08:00,0.84,2.3,4.22,8.57,31.42,40.772964038114196,67,2.1576365572318213E-4,Low
JURONG EAST,2021-04-17T14:30:00+08:00,0.93,2.94,6.949999999999999,28.7,85.25999999999999,100.82832756045623,67,0.0028415693414747673,Low
JURONG WEST,2021-04-17T14:30:00+08:00,4.39,9.98,21.87,50.06,90.71000000000001,92.41923399095703,67,0.009260100132119484,High
KALLANG,2021-04-17T14:30:00+08:00,0.93,2.92,6.359999999999999,10.52,27.85,69.53273482761186,67,3.342152572892632E-4,Low
LIM CHU KANG,2021-04-17T14:30:00+08:00,1.19,4.27,11.06,25.96,70.38999999999999,79.35855337196661,67,0.0022948490697885415,Low
MANDAI,2021-04-17T14:30:00+08:00,0.83,2.8200000000000003,7.68,13.39,29.879999999999995,46.44623125655111,67,5.592590940029542E-4,Low
MARINA EAST,2021-04-17T14:30:00+08:00,1.01,3.05,6.56,13.23,25.480000000000004,68.68621523401205,67,5.450952093034799E-4,Low
MARINA SOUTH,2021-04-17T14:30:00+08:00,1.01,3.0,6.27,15.110000000000001,24.2,64.71411338199665,67,7.237698548634451E-4,Low
MARINE PARADE,2021-04-17T14:30:00+08:00,1.08,2.85,5.09,8.98,25.52,69.15642457697119,67,2.383974675697761E-4,Low
MUSEUM,2021-04-17T14:30:00+08:00,1.02,2.83,6.23,11.36,28.339999999999996,77.12345350638499,67,3.937614902055224E-4,Low
NEWTON,2021-04-17T14:30:00+08:00,1.11,2.6900000000000004,5.36,9.260000000000002,34.489999999999995,75.88036322036747,67,2.545455924985248E-4,Low
NORTH-EASTERN ISLANDS,2021-04-17T14:30:00+08:00,1.29,3.6799999999999997,7.66,14.3,30.549999999999997,55.04638688634404,67,6.434955213044637E-4,Low
NOVENA,2021-04-17T14:30:00+08:00,1.02,2.63,5.35,11.2,38.35000000000001,79.47922501832194,67,3.820193825244437E-4,Low
ORCHARD,2021-04-17T14:30:00+08:00,1.09,2.76,5.85,10.240000000000002,36.17,81.34028158869721,67,3.155149178815456E-4,Low
OUTRAM,2021-04-17T14:30:00+08:00,1.07,2.8200000000000003,6.2700000000000005,13.04,37.040000000000006,80.46420708724517,67,5.285258795362567E-4,Low
PASIR RIS,2021-04-17T14:30:00+08:00,1.61,3.2300000000000004,5.33,10.52,21.089999999999996,35.53006958062298,67,3.342152572892632E-4,Low
PAYA LEBAR,2021-04-17T14:30:00+08:00,1.3,3.4400000000000004,6.22,10.68,29.930000000000003,53.401163753220395,67,3.451582559818326E-4,Low
PIONEER,2021-04-17T14:30:00+08:00,3.0,8.46,14.26,49.1,79.56,83.72065062966209,67,0.008888401924452527,High
PUNGGOL,2021-04-17T14:30:00+08:00,1.8,3.2199999999999998,8.8,10.0,44.86000000000001,84.28435057887708,67,2.9994050108788424E-4,Low
QUEENSTOWN,2021-04-17T14:30:00+08:00,0.67,2.28,5.909999999999999,21.04,71.53999999999999,109.73422905695494,67,0.0014664476951412903,Low
RIVER VALLEY,2021-04-17T14:30:00+08:00,1.03,2.8,6.18,10.059999999999999,34.79,81.81726788078274,67,3.0379485578349975E-4,Low
ROCHOR,2021-04-17T14:30:00+08:00,1.0,2.92,6.42,11.350000000000001,30.22,74.35408256621473,67,3.9302207626649906E-4,Low
SELETAR,2021-04-17T14:30:00+08:00,1.03,3.83,9.01,11.98,27.319999999999997,59.84420592601852,67,4.410499998055023E-4,Low
SEMBAWANG,2021-04-17T14:30:00+08:00,0.96,3.13,9.04,16.06,35.370000000000005,54.907594236728336,67,8.243218791100937E-4,Low
SENGKANG,2021-04-17T14:30:00+08:00,2.29,6.13,9.45,11.3,38.73,52.12389890836612,67,3.89336075241633E-4,Low
SERANGOON,2021-04-17T14:30:00+08:00,1.48,3.4699999999999998,6.02,9.530000000000001,28.57,55.806426011080156,67,2.706505150391379E-4,Low
SIMPANG,2021-04-17T14:30:00+08:00,1.17,3.4699999999999998,7.960000000000001,12.68,29.93,55.87359029527142,67,4.978748338773295E-4,Low
SINGAPORE RIVER,2021-04-17T14:30:00+08:00,1.08,2.81,6.24,12.04,35.83,81.8073057952457,67,4.457776147848745E-4,Low
SOUTHERN ISLANDS,2021-04-17T14:30:00+08:00,0.99,2.71,6.069999999999999,14.67,41.14999999999999,77.64809743768832,67,6.795430077252402E-4,Low
STRAITS VIEW,2021-04-17T14:30:00+08:00,1.03,2.9299999999999997,6.260000000000001,13.740000000000002,31.449999999999996,72.0571591482268,67,5.909159130034965E-4,Low
SUNGEI KADUT,2021-04-17T14:30:00+08:00,0.97,3.7,10.31,20.240000000000002,69.47,84.27402916587393,67,0.0013501191257036212,Low
TAMPINES,2021-04-17T14:30:00+08:00,0.57,1.29,2.5799999999999996,7.119999999999999,27.9,38.348713950321624,67,1.4525487292755494E-4,Low
TANGLIN,2021-04-17T14:30:00+08:00,1.86,3.45,6.37,15.91,49.35,111.81350674347999,67,8.079836626428147E-4,Low
TENGAH,2021-04-17T14:30:00+08:00,1.32,3.6500000000000004,6.33,19.240000000000002,78.24000000000001,83.9313247212861,67,0.0012118480204090136,Low
TOA PAYOH,2021-04-17T14:30:00+08:00,1.0,2.6,4.96,8.8,30.309999999999995,69.14590515614631,67,2.283129618441163E-4,Low
TUAS,2021-04-17T14:30:00+08:00,2.12,6.7700000000000005,18.080000000000002,54.519999999999996,72.27999999999999,79.69543303206095,67,0.011090483515882887,High
WESTERN ISLANDS,2021-04-17T14:30:00+08:00,1.6,4.87,10.899999999999999,34.33,67.4,83.23759225339072,67,0.00415985394961758,Moderate
WESTERN WATER CATCHMENT,2021-04-17T14:30:00+08:00,4.1,9.809999999999999,14.959999999999999,33.06,86.07,87.00910427119423,67,0.0038394057023555775,Moderate
WOODLANDS,2021-04-17T14:30:00+08:00,0.65,2.8899999999999997,14.36,23.38,30.75,40.79851984473039,67,0.0018360785036621596,Low
YISHUN,2021-04-17T14:30:00+08:00,1.57,3.96,9.09,10.71,17.369999999999997,48.80415019249181,67,3.472309243667278E-4,Low
ANG MO KIO,2021-04-17T14:35:00+08:00,1.27,4.109999999999999,6.57,9.67,20.949999999999996,58.797883028472064,67,2.7920810624520927E-4,Low
BEDOK,2021-04-17T14:35:00+08:00,0.53,1.74,3.34,7.92,22.110000000000003,57.86569832783256,67,1.8232793756781188E-4,Low
BISHAN,2021-04-17T14:35:00+08:00,1.09,2.96,5.3,9.47,28.55,67.75414818526475,67,2.6702627043393345E-4,Low
BOON LAY,2021-04-17T14:35:00+08:00,2.55,5.529999999999999,10.82,41.730000000000004,77.0,83.78790658014181,67,0.0062972090040635306,Moderate
BUKIT BATOK,2021-04-17T14:35:00+08:00,0.79,2.56,5.2299999999999995,14.1,78.97999999999999,95.06438062241423,67,6.244439957097571E-4,Low
BUKIT MERAH,2021-04-17T14:35:00+08:00,0.82,2.48,5.28,12.73,39.96000000000001,81.72391298938383,67,5.020738189063339E-4,Low
BUKIT PANJANG,2021-04-17T14:35:00+08:00,0.96,2.95,6.28,15.719999999999999,61.7,87.11569788851563,67,7.875374766551318E-4,Low
BUKIT TIMAH,2021-04-17T14:35:00+08:00,0.83,2.56,5.39,16.2,56.529999999999994,99.66140623039992,67,8.397274992437176E-4,Low
CENTRAL WATER CATCHMENT,2021-04-17T14:35:00+08:00,1.0,2.55,4.77,10.27,41.72,86.60908921760144,67,3.174911837998919E-4,Low
CHANGI,2021-04-17T14:35:00+08:00,2.05,5.7299999999999995,12.509999999999998,20.89,28.27,48.81713886822319,67,0.001444248122147551,Low
CHANGI BAY,2021-04-17T14:35:00+08:00,1.08,3.12,6.48,12.8,28.939999999999998,56.396346665020424,67,5.079838615844951E-4,Low
CHOA CHU KANG,2021-04-17T14:35:00+08:00,1.09,3.4000000000000004,7.09,16.03,65.57000000000001,80.79207925335811,67,8.21040354624706E-4,Low
CLEMENTI,2021-04-17T14:35:00+08:00,0.49,1.49,4.29,25.93,91.68,108.46626717090963,67,0.002289203459307541,Low
DOWNTOWN CORE,2021-04-17T14:35:00+08:00,1.38,3.32,6.82,13.080000000000002,30.6,75.345097648253,67,5.319916002593369E-4,Low
GEYLANG,2021-04-17T14:35:00+08:00,1.19,3.1999999999999997,5.970000000000001,9.29,23.259999999999998,64.72889354635971,67,2.563091227939852E-4,Low
HOUGANG,2021-04-17T14:35:00+08:00,1.07,2.6399999999999997,4.6499999999999995,7.68,31.080000000000005,41.74495125062564,67,1.7073584671443455E-4,Low
JURONG EAST,2021-04-17T14:35:00+08:00,1.04,2.91,6.420000000000001,24.230000000000004,82.57,101.62594965943408,67,0.0019812592795149676,Low
JURONG WEST,2021-04-17T14:35:00+08:00,3.1,11.01,21.82,45.230000000000004,93.29,95.29707043344516,67,0.007469948558091277,High
KALLANG,2021-04-17T14:35:00+08:00,1.05,2.92,6.439999999999999,10.709999999999999,26.910000000000004,70.41558737284781,67,3.472309243667275E-4,Low
LIM CHU KANG,2021-04-17T14:35:00+08:00,1.26,4.07,9.67,24.98,70.02,80.42778595511227,67,0.0021142202522786533,Low
MANDAI,2021-04-17T14:35:00+08:00,0.87,2.61,6.86,13.540000000000001,29.009999999999998,47.20458068855371,67,5.727130276980178E-4,Low
MARINA EAST,2021-04-17T14:35:00+08:00,0.98,2.96,6.42,13.45,25.270000000000003,69.50110269986243,67,5.646202967323688E-4,Low
MARINA SOUTH,2021-04-17T14:35:00+08:00,0.89,2.88,5.989999999999999,15.43,24.17,65.448549252872,67,7.568655504399066E-4,Low
MARINE PARADE,2021-04-17T14:35:00+08:00,0.98,3.0,5.380000000000001,9.280000000000001,25.39,69.97018172204422,67,2.5572056061052705E-4,Low
MUSEUM,2021-04-17T14:35:00+08:00,2.6,4.4399999999999995,7.98,12.78,29.219999999999995,79.53805897259934,67,5.062915310282658E-4,Low
NEWTON,2021-04-17T14:35:00+08:00,2.52,4.45,7.119999999999999,10.96,33.15,78.21795691044308,67,3.647597478587444E-4,Low
NORTH-EASTERN ISLANDS,2021-04-17T14:35:00+08:00,1.28,3.7700000000000005,7.73,14.580000000000002,29.879999999999995,56.19406268703244,67,6.706787160461174E-4,Low
NOVENA,2021-04-17T14:35:00+08:00,1.32,3.1900000000000004,5.78,11.15,35.49,80.60816752286505,67,3.783886694763323E-4,Low
ORCHARD,2021-04-17T14:35:00+08:00,2.38,4.28,7.4399999999999995,11.690000000000001,35.7,83.52475036054906,67,4.1857673240732135E-4,Low
OUTRAM,2021-04-17T14:35:00+08:00,1.44,3.34,6.59,13.09,36.13,81.71078182578258,67,5.328599095157263E-4,Low
PASIR RIS,2021-04-17T14:35:00+08:00,1.35,3.8200000000000003,6.08,11.16,21.319999999999997,36.79466001471543,67,3.791133391098767E-4,Low
PAYA LEBAR,2021-04-17T14:35:00+08:00,1.15,3.5,6.6,10.95,28.820000000000004,54.42279445169762,67,3.640497880847515E-4,Low
PIONEER,2021-04-17T14:35:00+08:00,3.32,8.93,15.68,44.81,82.14999999999999,86.83939731065152,67,0.007323705754251103,High
PUNGGOL,2021-04-17T14:35:00+08:00,1.6,4.01,9.6,11.6,42.08,85.68174220009509,67,4.117290511662376E-4,Low
QUEENSTOWN,2021-04-17T14:35:00+08:00,0.51,2.06,4.89,19.29,69.34,109.98044255218365,67,0.001218573823988606,Low
RIVER VALLEY,2021-04-17T14:35:00+08:00,2.58,4.41,8.059999999999999,11.86,35.49,84.20059004097209,67,4.3167502069356054E-4,Low
ROCHOR,2021-04-17T14:35:00+08:00,1.69,3.58,7.15,11.98,29.759999999999998,75.86534523216523,67,4.410499998055023E-4,Low
SELETAR,2021-04-17T14:35:00+08:00,1.5,3.64,9.55,13.04,24.81,61.2003484072871,67,5.285258795362567E-4,Low
SEMBAWANG,2021-04-17T14:35:00+08:00,1.06,3.02,8.07,16.229999999999997,34.37,55.83560367650315,67,8.430483935456157E-4,Low
SENGKANG,2021-04-17T14:35:00+08:00,0.9,5.1000000000000005,9.700000000000001,12.11,36.11,52.898599981802796,67,4.513270054411263E-4,Low
SERANGOON,2021-04-17T14:35:00+08:00,1.2,3.71,6.4799999999999995,10.0,25.310000000000002,56.872274778709446,67,2.9994050108788424E-4,Low
SIMPANG,2021-04-17T14:35:00+08:00,1.07,3.3,7.73,12.99,28.34,56.809277608886546,67,5.24210634759264E-4,Low
SINGAPORE RIVER,2021-04-17T14:35:00+08:00,1.93,3.8200000000000003,7.17,12.719999999999999,35.480000000000004,83.5406519029649,67,5.012325240366246E-4,Low
SOUTHERN ISLANDS,2021-04-17T14:35:00+08:00,1.02,2.84,5.890000000000001,14.0,39.709999999999994,78.4814417296084,67,6.150321116827845E-4,Low
STRAITS VIEW,2021-04-17T14:35:00+08:00,1.11,3.0600000000000005,6.260000000000001,13.790000000000001,30.769999999999996,72.99394331285063,67,5.955138912018925E-4,Low
SUNGEI KADUT,2021-04-17T14:35:00+08:00,0.99,3.2199999999999998,9.12,19.36,65.4,85.06144559839726,67,0.001228023091743698,Low
TAMPINES,2021-04-17T14:35:00+08:00,0.41,1.3399999999999999,2.4899999999999998,6.6,25.58,38.66652873790099,67,1.235429592162335E-4,Low
TANGLIN,2021-04-17T14:35:00+08:00,0.82,3.7600000000000002,5.970000000000001,14.79,45.67,112.36472193145222,67,6.914581838985181E-4,Low
TENGAH,2021-04-17T14:35:00+08:00,1.77,4.359999999999999,7.220000000000001,16.46,77.26000000000002,85.4995649697544,67,8.687396945215377E-4,Low
TOA PAYOH,2021-04-17T14:35:00+08:00,1.06,2.89,5.290000000000001,9.09,27.089999999999996,70.03968758850914,67,2.4467433133784324E-4,Low
TUAS,2021-04-17T14:35:00+08:00,2.89,7.190000000000001,18.11,54.36,74.29999999999998,82.39385580126954,67,0.011021871860019353,High
WESTERN ISLANDS,2021-04-17T14:35:00+08:00,1.79,4.94,10.61,31.95,67.28999999999999,84.82750014252618,67,0.003570370960739531,Moderate
WESTERN WATER CATCHMENT,2021-04-17T14:35:00+08:00,3.83,11.45,16.42,33.51,89.31,90.62994594661104,67,0.003951405924248217,Moderate
WOODLANDS,2021-04-17T14:35:00+08:00,1.51,3.01,11.85,24.4,31.770000000000003,42.21044562447868,67,0.0020109971267122883,Low
YISHUN,2021-04-17T14:35:00+08:00,0.82,3.5799999999999996,8.34,11.469999999999999,16.3,49.506831500701225,67,4.0194377731215977E-4,Low
ANG MO KIO,2021-04-17T14:40:00+08:00,1.05,4.2,6.8,10.129999999999999,19.520000000000003,59.706540730947175,67,3.0832465851058077E-4,Low
BEDOK,2021-04-17T14:40:00+08:00,0.87,2.0500000000000003,3.7,8.1,21.0,58.596596878455934,67,1.9128797242836998E-4,Low
BISHAN,2021-04-17T14:40:00+08:00,1.27,3.4,5.82,9.940000000000001,25.72,68.86127621644387,67,2.961122785744085E-4,Low
BOON LAY,2021-04-17T14:40:00+08:00,2.95,7.14,11.66,38.730000000000004,78.93,86.5364915867635,67,0.00537491391947352,Moderate
BUKIT BATOK,2021-04-17T14:40:00+08:00,0.75,2.37,5.25,12.29,75.77999999999999,95.585858483897,67,4.6576439222963876E-4,Low
BUKIT MERAH,2021-04-17T14:40:00+08:00,0.96,2.77,5.11,12.34,38.59,82.48745956232676,67,4.698176348952692E-4,Low
BUKIT PANJANG,2021-04-17T14:40:00+08:00,1.03,2.9299999999999997,6.27,14.45,58.82000000000001,87.93628332704095,67,6.579837212725839E-4,Low
BUKIT TIMAH,2021-04-17T14:40:00+08:00,0.91,2.61,5.28,14.5,52.989999999999995,100.3318334531905,67,6.628511768501371E-4,Low
CENTRAL WATER CATCHMENT,2021-04-17T14:40:00+08:00,0.92,2.55,5.029999999999999,10.02,36.230000000000004,87.32089247605164,67,3.0122238139353706E-4,Low
CHANGI,2021-04-17T14:40:00+08:00,2.16,5.91,11.870000000000001,22.34,29.53,50.85978895338212,67,0.0016663737892261194,Low
CHANGI BAY,2021-04-17T14:40:00+08:00,1.25,3.39,6.5,13.11,28.339999999999996,57.510777341788426,67,5.345987834364322E-4,Low
CHOA CHU KANG,2021-04-17T14:40:00+08:00,1.28,3.45,7.2700000000000005,15.21,63.49000000000001,81.87786583077701,67,7.340279400239013E-4,Low
CLEMENTI,2021-04-17T14:40:00+08:00,0.55,1.49,3.9699999999999998,21.189999999999998,87.31,108.75552867802102,67,0.0014888266490954065,Low
DOWNTOWN CORE,2021-04-17T14:40:00+08:00,1.91,4.32,7.46,14.100000000000001,30.479999999999997,77.07397804563594,67,6.244439957097577E-4,Low
GEYLANG,2021-04-17T14:40:00+08:00,1.3,3.5199999999999996,6.659999999999999,10.059999999999999,23.51,65.87329388768397,67,3.0379485578349975E-4,Low
HOUGANG,2021-04-17T14:40:00+08:00,1.85,3.7600000000000002,5.970000000000001,9.01,29.640000000000004,43.494601935039384,67,2.4010074555010633E-4,Low
JURONG EAST,2021-04-17T14:40:00+08:00,1.13,3.1,6.23,20.730000000000004,79.59,102.5116543808769,67,0.00142076612592538,Low
JURONG WEST,2021-04-17T14:40:00+08:00,3.41,10.9,19.71,41.620000000000005,95.94,98.47798893954287,67,0.0062620420616335045,Moderate
KALLANG,2021-04-17T14:40:00+08:00,1.91,3.8899999999999997,7.17,11.969999999999999,26.78,72.15631765788166,67,4.4026466573142083E-4,Low
LIM CHU KANG,2021-04-17T14:40:00+08:00,1.47,3.92,8.780000000000001,24.46,69.96,81.70444824521155,67,0.002021548773981747,Low
MANDAI,2021-04-17T14:40:00+08:00,0.92,2.62,5.92,13.88,27.889999999999997,48.011107149294006,67,6.038379371467565E-4,Low
MARINA EAST,2021-04-17T14:40:00+08:00,1.46,3.45,6.6499999999999995,14.239999999999998,25.540000000000003,70.79403128453009,67,6.377481546227665E-4,Low
MARINA SOUTH,2021-04-17T14:40:00+08:00,1.17,3.07,5.96,15.93,24.42,66.46121963750826,67,8.101520688143373E-4,Low
MARINE PARADE,2021-04-17T14:40:00+08:00,1.23,3.29,5.84,9.96,25.59,71.03198270307549,67,2.973854504429115E-4,Low
MUSEUM,2021-04-17T14:40:00+08:00,3.37,6.99,9.989999999999998,15.309999999999999,30.529999999999994,82.71686004813445,67,7.443626541517192E-4,Low
NEWTON,2021-04-17T14:40:00+08:00,3.43,7.0600000000000005,9.6,13.58,32.16,81.45993133591567,67,5.763294250945962E-4,Low
NORTH-EASTERN ISLANDS,2021-04-17T14:40:00+08:00,1.47,4.04,7.75,15.13,29.53,57.5289796276033,67,7.258153446309698E-4,Low
NOVENA,2021-04-17T14:40:00+08:00,1.77,4.109999999999999,6.640000000000001,11.78,33.46,82.18439619964519,67,4.2548442361778696E-4,Low
ORCHARD,2021-04-17T14:40:00+08:00,2.33,5.8,8.530000000000001,13.149999999999999,33.75,85.65396795975352,67,5.380855549740198E-4,Low
OUTRAM,2021-04-17T14:40:00+08:00,1.74,4.25,7.09,13.72,35.31,83.25435996429789,67,5.890820174588775E-4,Low
PASIR RIS,2021-04-17T14:40:00+08:00,1.48,4.4399999999999995,6.75,12.14,21.58,38.186210541447686,67,4.5371647810727594E-4,Low
PAYA LEBAR,2021-04-17T14:40:00+08:00,1.45,3.9000000000000004,7.13,11.67,27.82,55.741969285733695,67,4.1704984153294956E-4,Low
PIONEER,2021-04-17T14:40:00+08:00,2.41,8.73,16.68,40.36,83.72,89.0406469390502,67,0.005866554279579967,Moderate
PUNGGOL,2021-04-17T14:40:00+08:00,0.41,3.8100000000000005,7.620000000000001,11.809999999999999,35.53,85.88577467754615,67,4.2780033325566736E-4,Low
QUEENSTOWN,2021-04-17T14:40:00+08:00,0.54,1.7200000000000002,4.07,17.67,66.89,110.25606418288757,67,0.0010106568860522205,Low
RIVER VALLEY,2021-04-17T14:40:00+08:00,1.77,5.380000000000001,8.32,12.91,32.879999999999995,85.76818301139282,67,5.173452931597491E-4,Low
ROCHOR,2021-04-17T14:40:00+08:00,2.45,5.140000000000001,8.32,13.620000000000001,29.84,78.13297502348883,67,5.79957907779735E-4,Low
SELETAR,2021-04-17T14:40:00+08:00,2.52,5.050000000000001,10.5,15.030000000000001,24.54,63.57323090223984,67,7.156185167795944E-4,Low
SEMBAWANG,2021-04-17T14:40:00+08:00,1.16,3.1799999999999997,6.970000000000001,16.659999999999997,33.22,56.86138230490199,67,8.914127111798985E-4,Low
SENGKANG,2021-04-17T14:40:00+08:00,0.85,4.04,9.83,12.71,33.099999999999994,53.62143877680401,67,5.003919781748527E-4,Low
SERANGOON,2021-04-17T14:40:00+08:00,1.59,4.27,7.260000000000001,10.99,23.82,58.325561387535195,67,3.6689403552552636E-4,Low
SIMPANG,2021-04-17T14:40:00+08:00,1.29,3.5300000000000002,7.49,13.57,27.290000000000003,57.962715654537256,67,5.754241929276869E-4,Low
SINGAPORE RIVER,2021-04-17T14:40:00+08:00,2.11,5.119999999999999,7.970000000000001,13.83,34.64,85.44983127697444,67,5.992058959992202E-4,Low
SOUTHERN ISLANDS,2021-04-17T14:40:00+08:00,1.24,3.25,5.98,13.79,38.489999999999995,79.53278277258852,67,5.955138912018925E-4,Low
STRAITS VIEW,2021-04-17T14:40:00+08:00,1.44,3.58,6.52,14.280000000000001,30.4,74.25847557282599,67,6.415766918268606E-4,Low
SUNGEI KADUT,2021-04-17T14:40:00+08:00,1.3,3.26,8.72,19.35,63.08,86.15696918645155,67,0.001226670828471571,Low
TAMPINES,2021-04-17T14:40:00+08:00,1.05,2.0300000000000002,3.13,6.58,23.660000000000004,39.62357954096339,67,1.227451046244122E-4,Low
TANGLIN,2021-04-17T14:40:00+08:00,0.88,3.56,5.98,13.030000000000001,44.41,112.97461207136004,67,5.276613280611373E-4,Low
TENGAH,2021-04-17T14:40:00+08:00,1.89,4.9799999999999995,8.23,15.27,74.64000000000001,87.18403537705883,67,7.40219568963691E-4,Low
TOA PAYOH,2021-04-17T14:40:00+08:00,1.44,3.5,5.970000000000001,9.83,25.0,71.3113214866736,67,2.8916167306220527E-4,Low
TUAS,2021-04-17T14:40:00+08:00,2.41,7.42,15.89,52.29,75.75999999999999,84.60579192071712,67,0.010153987276759924,High
WESTERN ISLANDS,2021-04-17T14:40:00+08:00,1.69,5.08,10.19,29.659999999999997,66.9,86.31358610436885,67,0.003047737731209923,Moderate
WESTERN WATER CATCHMENT,2021-04-17T14:40:00+08:00,1.95,9.879999999999999,16.28,32.67,90.21000000000001,92.36208359979072,67,0.0037437080335739345,Moderate
WOODLANDS,2021-04-17T14:40:00+08:00,1.85,4.01,9.28,25.619999999999997,33.08,43.958977322274265,67,0.0022312954456895576,Low
YISHUN,2021-04-17T14:40:00+08:00,0.66,3.0500000000000003,7.23,11.89,15.290000000000001,50.04782365642053,67,4.340087395626245E-4,Low
ANG MO KIO,2021-04-17T14:45:00+08:00,1.98,4.300000000000001,7.899999999999999,11.69,19.520000000000003,61.54301414105126,67,4.1857673240732135E-4,Low
BEDOK,2021-04-17T14:45:00+08:00,0.88,2.28,3.96,8.21,19.94,59.33573844608806,67,1.9687610658299462E-4,Low
BISHAN,2021-04-17T14:45:00+08:00,1.44,3.8000000000000003,6.449999999999999,10.72,23.99,70.13574285895521,67,3.4792327861500784E-4,Low
BOON LAY,2021-04-17T14:45:00+08:00,1.56,7.0600000000000005,11.65,34.86,77.86000000000001,87.88846936027122,67,0.004297581736897831,Moderate
BUKIT BATOK,2021-04-17T14:45:00+08:00,1.11,2.6500000000000004,5.28,11.290000000000001,71.88,96.46608278189663,67,3.886010881765066E-4,Low
BUKIT MERAH,2021-04-17T14:45:00+08:00,1.03,2.8099999999999996,5.2299999999999995,12.18,37.46000000000001,83.31917067077119,67,4.569128650869578E-4,Low
BUKIT PANJANG,2021-04-17T14:45:00+08:00,1.16,3.15,6.260000000000001,13.67,55.71000000000001,88.88489618721442,67,5.845105130040425E-4,Low
BUKIT TIMAH,2021-04-17T14:45:00+08:00,0.94,2.6799999999999997,5.24,13.259999999999998,50.05,101.03064905802628,67,5.477362489673003E-4,Low
CENTRAL WATER CATCHMENT,2021-04-17T14:45:00+08:00,0.61,2.53,4.94,9.42,30.36,87.72098465405553,67,2.6402588702653147E-4,Low
CHANGI,2021-04-17T14:45:00+08:00,1.91,6.12,11.600000000000001,23.28,30.43,52.64752877917107,67,0.0018193821743686183,Low
CHANGI BAY,2021-04-17T14:45:00+08:00,1.37,3.7,6.74,13.5,27.75,58.74252907529906,67,5.691087110264017E-4,Low
CHOA CHU KANG,2021-04-17T14:45:00+08:00,1.48,3.85,7.390000000000001,14.920000000000002,61.20000000000001,83.16104232154706,67,7.044903772654802E-4,Low
CLEMENTI,2021-04-17T14:45:00+08:00,0.47,1.51,3.4899999999999993,17.41,82.74999999999999,108.96409483890743,67,9.792014369727638E-4,Low
DOWNTOWN CORE,2021-04-17T14:45:00+08:00,2.3,5.59,8.559999999999999,15.41,31.11,79.18870244428346,67,7.547740605479008E-4,Low
GEYLANG,2021-04-17T14:45:00+08:00,1.32,3.8100000000000005,6.750000000000001,10.780000000000001,23.78,67.03494324265974,67,3.520927906211593E-4,Low
HOUGANG,2021-04-17T14:45:00+08:00,1.51,4.43,6.73,10.18,27.740000000000002,44.900046691707715,67,3.1158204380160956E-4,Low
JURONG EAST,2021-04-17T14:45:00+08:00,1.14,3.3099999999999996,6.249999999999999,18.11,75.92999999999999,103.40522998586503,67,0.0010650919895865297,Low
JURONG WEST,2021-04-17T14:45:00+08:00,3.71,10.219999999999999,20.200000000000003,40.43,98.62,101.95126094024388,67,0.005888172155102468,Moderate
KALLANG,2021-04-17T14:45:00+08:00,2.92,5.88,8.8,14.309999999999999,27.43,74.90286345862482,67,6.444560764991293E-4,Low
LIM CHU KANG,2021-04-17T14:45:00+08:00,1.38,4.109999999999999,8.379999999999999,23.209999999999997,69.25999999999999,82.88804160881293,67,0.0018077427372204247,Low
MANDAI,2021-04-17T14:45:00+08:00,0.86,2.65,5.470000000000001,14.120000000000001,26.769999999999996,48.755694827596834,67,6.263354778889863E-4,Low
MARINA EAST,2021-04-17T14:45:00+08:00,2.2,4.640000000000001,7.6899999999999995,15.26,26.650000000000002,72.82385184068926,67,7.39185714500579E-4,Low
MARINA SOUTH,2021-04-17T14:45:00+08:00,1.61,3.67,6.670000000000001,15.81,25.159999999999997,67.91145569710717,67,7.971878600816404E-4,Low
MARINE PARADE,2021-04-17T14:45:00+08:00,1.69,3.9,6.75,11.010000000000002,26.309999999999995,72.55123125564431,67,3.683205684649729E-4,Low
MUSEUM,2021-04-17T14:45:00+08:00,3.01,8.98,11.81,17.66,32.39999999999999,85.52801970829456,67,0.0010094373081941522,Low
NEWTON,2021-04-17T14:45:00+08:00,2.09,8.04,10.73,15.07,31.9,83.35411248567472,67,7.196880626491371E-4,Low
NORTH-EASTERN ISLANDS,2021-04-17T14:45:00+08:00,1.66,4.41,8.09,15.850000000000001,29.18,59.05068760523762,67,8.014969373911979E-4,Low
NOVENA,2021-04-17T14:45:00+08:00,1.64,4.7299999999999995,7.36,12.52,31.96,83.62683583214134,67,4.8456381694075943E-4,Low
ORCHARD,2021-04-17T14:45:00+08:00,1.99,6.7,9.459999999999999,14.51,33.010000000000005,87.43806720278762,67,6.638269527071798E-4,Low
OUTRAM,2021-04-17T14:45:00+08:00,1.86,5.04,7.86,14.55,35.059999999999995,84.91422754608448,67,6.677376741628651E-4,Low
PASIR RIS,2021-04-17T14:45:00+08:00,1.71,4.54,7.7700000000000005,12.809999999999999,21.06,39.804415965627946,67,5.088311512450891E-4,Low
PAYA LEBAR,2021-04-17T14:45:00+08:00,1.56,4.16,7.6,12.57,26.41,57.16797299876547,67,4.88702939303039E-4,Low
PIONEER,2021-04-17T14:45:00+08:00,2.06,7.790000000000001,16.25,36.239999999999995,84.73,90.88660505585224,67,0.004667266119780872,Moderate
PUNGGOL,2021-04-17T14:45:00+08:00,0.81,2.8200000000000003,6.040000000000001,12.620000000000001,28.78,86.489316688034,67,4.928607582244511E-4,Low
QUEENSTOWN,2021-04-17T14:45:00+08:00,0.54,1.59,3.87,15.540000000000003,64.27,110.53102325581688,67,7.684236471530508E-4,Low
RIVER VALLEY,2021-04-17T14:45:00+08:00,2.15,6.5,9.3,14.549999999999999,32.08,87.7120076966201,67,6.677376741628646E-4,Low
ROCHOR,2021-04-17T14:45:00+08:00,2.78,6.92,9.84,15.719999999999999,30.72,80.72515373412494,67,7.875374766551318E-4,Low
SELETAR,2021-04-17T14:45:00+08:00,1.89,5.909999999999999,9.74,16.57,23.87,65.31040930299193,67,8.811715154001912E-4,Low
SEMBAWANG,2021-04-17T14:45:00+08:00,1.08,3.3,6.43,16.95,32.07,57.80469509778734,67,9.24839394959243E-4,Low
SENGKANG,2021-04-17T14:45:00+08:00,1.21,2.96,9.09,13.69,29.82,54.70253996339549,67,5.863368463833312E-4,Low
SERANGOON,2021-04-17T14:45:00+08:00,1.91,4.7,8.17,12.4,22.88,60.09535448847131,67,4.747061475927437E-4,Low
SIMPANG,2021-04-17T14:45:00+08:00,1.18,3.54,7.01,14.09,26.32,59.00338098839924,67,6.234993931010068E-4,Low
SINGAPORE RIVER,2021-04-17T14:45:00+08:00,2.12,6.16,8.969999999999999,15.120000000000001,34.61,87.36442123746752,67,7.247922168888787E-4,Low
SOUTHERN ISLANDS,2021-04-17T14:45:00+08:00,1.37,3.63,6.34,13.73,37.489999999999995,80.71159653140732,67,5.899985870347739E-4,Low
STRAITS VIEW,2021-04-17T14:45:00+08:00,1.79,4.34,7.2700000000000005,14.77,30.54,75.86996806528398,67,6.894646884194163E-4,Low
SUNGEI KADUT,2021-04-17T14:45:00+08:00,1.14,3.4299999999999997,7.13,19.240000000000002,60.32,87.0898592813773,67,0.0012118480204090136,Low
TAMPINES,2021-04-17T14:45:00+08:00,1.69,3.15,4.4399999999999995,7.76,20.340000000000003,41.21832972107161,67,1.7455493179049757E-4,Low
TANGLIN,2021-04-17T14:45:00+08:00,0.71,2.41,5.86,12.09,42.07000000000001,113.41303611641594,67,4.4973774512297165E-4,Low
TENGAH,2021-04-17T14:45:00+08:00,2.16,5.82,9.469999999999999,15.350000000000001,72.00999999999999,89.13445654134263,67,7.485180101074383E-4,Low
TOA PAYOH,2021-04-17T14:45:00+08:00,1.8,4.3,6.8999999999999995,11.02,23.650000000000002,72.9398985459262,67,3.690349375450565E-4,Low
TUAS,2021-04-17T14:45:00+08:00,2.2,7.500000000000001,14.27,45.8,76.85,86.60241083966365,67,0.007670829657974104,High
WESTERN ISLANDS,2021-04-17T14:45:00+08:00,1.61,5.09,9.959999999999999,26.759999999999998,66.0,87.71609971303575,67,0.0024481115673755994,Low
WESTERN WATER CATCHMENT,2021-04-17T14:45:00+08:00,2.75,8.530000000000001,18.339999999999996,31.259999999999998,91.56,94.89005742422486,67,0.0034083099671862686,Moderate
WOODLANDS,2021-04-17T14:45:00+08:00,1.04,4.4,7.29,25.68,33.59,44.893305782219564,67,0.0022424422820943907,Low
YISHUN,2021-04-17T14:45:00+08:00,0.46,1.94,5.9,12.120000000000001,14.84,50.387515338886494,67,4.521227519583965E-4,Low
ANG MO KIO,2021-04-17T14:50:00+08:00,1.02,4.050000000000001,8.159999999999998,12.25,19.299999999999997,62.4150729131147,67,4.6253522095727106E-4,Low
BEDOK,2021-04-17T14:50:00+08:00,1.18,2.9299999999999997,4.67,8.440000000000001,19.53,60.373103215611394,67,2.08837089611771E-4,Low
BISHAN,2021-04-17T14:50:00+08:00,1.3,4.01,6.97,11.309999999999999,23.14,71.2671458530137,67,3.9007179990674113E-4,Low
BOON LAY,2021-04-17T14:50:00+08:00,0.78,5.29,10.82,30.979999999999997,76.30000000000001,88.45719715886712,67,0.003343675898787478,Moderate
BUKIT BATOK,2021-04-17T14:50:00+08:00,1.88,3.74,6.3,11.84,67.06,98.11419113765126,67,4.30122919523313E-4,Low
BUKIT MERAH,2021-04-17T14:50:00+08:00,1.0,2.99,5.47,12.08,36.220000000000006,84.11888245623169,67,4.489442311627157E-4,Low
BUKIT PANJANG,2021-04-17T14:50:00+08:00,1.5,3.69,6.640000000000001,13.66,52.620000000000005,90.17122870812715,67,5.835984803037407E-4,Low
BUKIT TIMAH,2021-04-17T14:50:00+08:00,0.96,2.81,5.37,12.52,46.93,101.74778480300918,67,4.8456381694075943E-4,Low
CENTRAL WATER CATCHMENT,2021-04-17T14:50:00+08:00,0.62,2.15,4.7,8.99,26.58,88.13011506362919,67,2.3896451108331636E-4,Low
CHANGI,2021-04-17T14:50:00+08:00,2.2,6.2700000000000005,12.0,23.94,31.82,54.72097111598016,67,0.001931070303117638,Low
CHANGI BAY,2021-04-17T14:50:00+08:00,1.7,4.32,7.44,14.08,27.730000000000004,60.30131984132197,67,6.225555493880351E-4,Low
CHOA CHU KANG,2021-04-17T14:50:00+08:00,1.82,4.58,7.98,15.3,58.81000000000001,84.78113422654641,67,7.433257326279874E-4,Low
CLEMENTI,2021-04-17T14:50:00+08:00,0.81,1.83,3.32,13.96,77.6,109.5121596344581,67,6.112885936617911E-4,Low
DOWNTOWN CORE,2021-04-17T14:50:00+08:00,2.43,6.640000000000001,9.959999999999999,16.75,32.14,81.42834332648887,67,9.017166876939168E-4,Low
GEYLANG,2021-04-17T14:50:00+08:00,3.09,5.71,8.91,13.13,25.18,69.96380014695033,67,5.363406650594305E-4,Low
HOUGANG,2021-04-17T14:50:00+08:00,1.49,4.8500000000000005,7.49,11.21,25.17,46.282112945941606,67,3.8274773502782746E-4,Low
JURONG EAST,2021-04-17T14:50:00+08:00,1.7,3.9699999999999998,6.88,16.869999999999997,72.49000000000001,104.85665755384034,67,9.15553054484677E-4,Low
JURONG WEST,2021-04-17T14:50:00+08:00,2.86,9.98,20.99,40.66,100.08,104.56618365659618,67,0.00595949513247958,Moderate
KALLANG,2021-04-17T14:50:00+08:00,3.03,7.859999999999999,10.78,16.73,28.65,77.75280692823395,67,8.994214874861894E-4,Low
LIM CHU KANG,2021-04-17T14:50:00+08:00,1.21,4.06,8.129999999999999,21.19,67.17,83.89878977124837,67,0.0014888266490954065,Low
MANDAI,2021-04-17T14:50:00+08:00,0.88,2.66,5.27,14.32,25.98,49.51849261606453,67,6.454173920878555E-4,Low
MARINA EAST,2021-04-17T14:50:00+08:00,2.65,6.3100000000000005,9.27,16.33,28.32,75.29879297796133,67,8.541682661703878E-4,Low
MARINA SOUTH,2021-04-17T14:50:00+08:00,1.85,4.630000000000001,7.51,15.16,26.32,69.59820558193141,67,7.288893227957658E-4,Low
MARINE PARADE,2021-04-17T14:50:00+08:00,3.06,5.98,8.98,13.39,27.769999999999996,75.436827736576,67,5.592590940029542E-4,Low
MUSEUM,2021-04-17T14:50:00+08:00,2.87,9.25,13.690000000000001,20.02,34.599999999999994,88.19242171418873,67,0.001319020203651736,Low
NEWTON,2021-04-17T14:50:00+08:00,1.51,7.029999999999999,11.48,16.14,32.01,84.66374027565539,67,8.331065631567919E-4,Low
NORTH-EASTERN ISLANDS,2021-04-17T14:50:00+08:00,2.03,5.16,8.93,16.67,29.519999999999996,60.938737599103774,67,8.925544964062142E-4,Low
NOVENA,2021-04-17T14:50:00+08:00,1.43,4.84,8.030000000000001,13.2,30.909999999999997,84.85580803143758,67,5.424609448955326E-4,Low
ORCHARD,2021-04-17T14:50:00+08:00,1.81,6.130000000000001,10.41,15.8,33.2,89.03787770831904,67,7.96112515970016E-4,Low
OUTRAM,2021-04-17T14:50:00+08:00,1.89,5.49,8.83,15.450000000000001,35.14,86.60010502677366,67,7.589601110400496E-4,Low
PASIR RIS,2021-04-17T14:50:00+08:00,3.05,6.24,10.06,14.709999999999997,22.729999999999997,42.75873143900147,67,6.835025227620503E-4,Low
PAYA LEBAR,2021-04-17T14:50:00+08:00,2.18,5.1899999999999995,8.69,14.040000000000001,26.1,59.21054878836365,67,6.187877621199898E-4,Low
PIONEER,2021-04-17T14:50:00+08:00,1.57,6.040000000000001,14.97,32.019999999999996,85.07999999999998,92.23812573463908,67,0.0035870334586630536,Moderate
PUNGGOL,2021-04-17T14:50:00+08:00,4.38,5.6,9.61,16.8,27.59,90.66140786372947,67,9.074682620293959E-4,Low
QUEENSTOWN,2021-04-17T14:50:00+08:00,0.58,1.6600000000000001,3.72,13.07,60.370000000000005,110.84532136367241,67,5.311240427071329E-4,Low
RIVER VALLEY,2021-04-17T14:50:00+08:00,2.26,6.18,10.59,16.33,32.87,89.76115968560656,67,8.541682661703878E-4,Low
ROCHOR,2021-04-17T14:50:00+08:00,2.71,7.94,11.52,17.799999999999997,32.01,83.24110119159877,67,0.0010265824635219492,Low
SELETAR,2021-04-17T14:50:00+08:00,1.78,6.19,9.83,17.84,24.259999999999998,66.93341175771117,67,0.001031509204086773,Low
SEMBAWANG,2021-04-17T14:50:00+08:00,1.11,3.3500000000000005,6.37,17.21,31.279999999999998,58.77574029206941,67,9.553634659585734E-4,Low
SENGKANG,2021-04-17T14:50:00+08:00,3.15,5.21,10.31,16.599999999999998,28.35,57.72104232639503,67,8.845782742907479E-4,Low
SERANGOON,2021-04-17T14:50:00+08:00,2.06,5.5600000000000005,9.27,13.91,23.07,62.01089324196929,67,6.066262506000031E-4,Low
SIMPANG,2021-04-17T14:50:00+08:00,1.3,3.7699999999999996,7.069999999999999,14.69,25.96,60.161544701086,67,6.815212393873403E-4,Low
SINGAPORE RIVER,2021-04-17T14:50:00+08:00,2.08,6.3100000000000005,10.13,16.46,35.129999999999995,89.23440877811322,67,8.687396945215377E-4,Low
SOUTHERN ISLANDS,2021-04-17T14:50:00+08:00,1.5,4.11,6.95,13.870000000000001,36.64,82.01757657859497,67,6.029100143090233E-4,Low
STRAITS VIEW,2021-04-17T14:50:00+08:00,2.02,5.25,8.31,15.23,31.09,77.70758674393106,67,7.360887505002964E-4,Low
SUNGEI KADUT,2021-04-17T14:50:00+08:00,1.23,3.67,6.889999999999999,19.03,57.07000000000001,88.11050683248067,67,0.0011838149251638345,Low
TAMPINES,2021-04-17T14:50:00+08:00,2.45,5.19,6.53,9.48,18.939999999999998,43.56924633366303,67,2.676285088427913E-4,Low
TANGLIN,2021-04-17T14:50:00+08:00,0.68,2.27,6.03,11.91,38.82,113.8204062483269,67,4.355682644976968E-4,Low
TENGAH,2021-04-17T14:50:00+08:00,2.96,7.01,11.370000000000001,17.09,69.97999999999999,91.88018915232651,67,9.412101246551324E-4,Low
TOA PAYOH,2021-04-17T14:50:00+08:00,1.85,5.09,7.98,12.259999999999998,23.380000000000003,74.61456072233956,67,4.6334139551780165E-4,Low
TUAS,2021-04-17T14:50:00+08:00,2.65,7.26,14.450000000000001,40.129999999999995,78.3,89.04423015204698,67,0.005795816852678506,Moderate
WESTERN ISLANDS,2021-04-17T14:50:00+08:00,1.69,4.99,9.93,24.32,65.05,89.1952418653585,67,0.0019969736675935646,Low
WESTERN WATER CATCHMENT,2021-04-17T14:50:00+08:00,3.82,8.52,19.97,31.939999999999998,93.35,98.48195433551138,67,0.003567993937305188,Moderate
WOODLANDS,2021-04-17T14:50:00+08:00,1.01,3.9000000000000004,6.909999999999999,25.700000000000003,33.730000000000004,45.795388240704106,67,0.002246164416541819,Low
YISHUN,2021-04-17T14:50:00+08:00,0.66,1.7800000000000002,5.359999999999999,12.55,15.010000000000002,50.92639044768726,67,4.8704504730887646E-4,Low
ANG MO KIO,2021-04-17T14:55:00+08:00,0.64,3.64,7.839999999999999,12.350000000000001,18.91,62.90503537177242,67,4.706305213556575E-4,Low
BEDOK,2021-04-17T14:55:00+08:00,1.57,3.63,5.680000000000001,9.13,19.49,61.797974298077584,67,2.469783246927181E-4,Low
BISHAN,2021-04-17T14:55:00+08:00,1.16,3.9000000000000004,7.3,11.829999999999998,22.75,72.2558291046194,67,4.293479821171315E-4,Low
BOON LAY,2021-04-17T14:55:00+08:00,1.19,3.53,10.669999999999998,26.78,75.71000000000001,89.43455781140979,67,0.0024520102110707352,Low
BUKIT BATOK,2021-04-17T14:55:00+08:00,1.44,4.43,6.800000000000001,12.12,61.47,99.31833765992526,67,4.521227519583965E-4,Low
BUKIT MERAH,2021-04-17T14:55:00+08:00,0.87,2.9000000000000004,5.67,11.66,34.88,84.78667184082855,67,4.1628750718610984E-4,Low
BUKIT PANJANG,2021-04-17T14:55:00+08:00,1.39,4.05,6.9799999999999995,13.64,49.60000000000001,91.34446905659212,67,5.817766825280034E-4,Low
BUKIT TIMAH,2021-04-17T14:55:00+08:00,0.97,2.87,5.4799999999999995,11.76,44.42,102.47319664895674,67,4.239441920093638E-4,Low
CENTRAL WATER CATCHMENT,2021-04-17T14:55:00+08:00,0.55,1.78,4.33,8.86,24.22,88.46826197806497,67,2.3164873767288408E-4,Low
CHANGI,2021-04-17T14:55:00+08:00,1.82,5.930000000000001,11.84,24.2,32.92,56.40942917293809,67,0.0019760357347723473,Low
CHANGI BAY,2021-04-17T14:55:00+08:00,1.6,4.67,8.06,14.540000000000003,27.76,61.75636348148112,67,6.667588509616808E-4,Low
CHOA CHU KANG,2021-04-17T14:55:00+08:00,1.92,5.22,8.67,15.9,56.050000000000004,86.49733164588984,67,8.069006155376675E-4,Low
CLEMENTI,2021-04-17T14:55:00+08:00,1.51,2.79,4.28,11.34,73.17999999999999,110.75890695506911,67,3.922834003518891E-4,Low
DOWNTOWN CORE,2021-04-17T14:55:00+08:00,2.0,6.73,11.05,17.7,32.67,83.23260040962505,67,0.0010143203041702285,Low
GEYLANG,2021-04-17T14:55:00+08:00,4.02,8.43,11.95,16.73,27.14,73.81561646844011,67,8.994214874861894E-4,Low
HOUGANG,2021-04-17T14:55:00+08:00,2.71,5.71,9.47,13.46,24.18,48.880856896554285,67,5.655164705027875E-4,Low
JURONG EAST,2021-04-17T14:55:00+08:00,1.99,4.83,7.930000000000001,16.05,69.70000000000002,106.59459608281317,67,8.23227266156626E-4,Low
JURONG WEST,2021-04-17T14:55:00+08:00,1.7,8.27,19.169999999999998,39.589999999999996,100.25,106.01482044621876,67,0.005631500950261271,Moderate
KALLANG,2021-04-17T14:55:00+08:00,2.98,8.93,12.82,19.14,30.060000000000002,80.54589951245295,67,0.0011984555696507107,Low
LIM CHU KANG,2021-04-17T14:55:00+08:00,1.05,3.6399999999999997,7.56,19.89,63.900000000000006,84.74710822941321,67,0.0013008239140166135,Low
MANDAI,2021-04-17T14:55:00+08:00,0.78,2.52,5.140000000000001,13.59,25.2,50.17945674001208,67,5.772354125921054E-4,Low
MARINA EAST,2021-04-17T14:55:00+08:00,2.48,7.33,10.780000000000001,17.77,29.690000000000005,77.59778468561852,67,0.0010228956132263196,Low
MARINA SOUTH,2021-04-17T14:55:00+08:00,1.79,5.25,8.32,15.51,27.4,71.22090074417397,67,7.652622220891584E-4,Low
MARINE PARADE,2021-04-17T14:55:00+08:00,3.91,8.66,11.950000000000001,16.66,29.54,79.16548762701605,67,8.914127111798991E-4,Low
MUSEUM,2021-04-17T14:55:00+08:00,1.58,7.46,14.450000000000001,20.36,35.209999999999994,89.5604188517161,67,0.0013672440404908642,Low
NEWTON,2021-04-17T14:55:00+08:00,1.08,4.68,11.74,16.62,31.409999999999997,85.54021989445702,67,8.868533204071933E-4,Low
NORTH-EASTERN ISLANDS,2021-04-17T14:55:00+08:00,1.77,5.459999999999999,9.5,17.17,29.779999999999998,62.5622489716756,67,9.506332392161497E-4,Low
NOVENA,2021-04-17T14:55:00+08:00,1.36,4.43,8.54,13.71,30.269999999999996,86.01182594487697,67,5.881662042053518E-4,Low
ORCHARD,2021-04-17T14:55:00+08:00,0.86,4.66,10.459999999999999,15.940000000000001,32.199999999999996,89.68384248198377,67,8.11237428001878E-4,Low
OUTRAM,2021-04-17T14:55:00+08:00,1.46,5.21,9.46,15.760000000000002,34.739999999999995,87.85192988202476,67,7.918188385553053E-4,Low
PASIR RIS,2021-04-17T14:55:00+08:00,2.78,7.539999999999999,11.979999999999999,16.479999999999997,24.589999999999996,45.435945130557144,67,8.709930581353213E-4,Low
PAYA LEBAR,2021-04-17T14:55:00+08:00,2.32,6.0600000000000005,9.96,15.640000000000002,26.3,61.38821449718851,67,7.790116836939316E-4,Low
PIONEER,2021-04-17T14:55:00+08:00,2.83,6.46,15.190000000000001,30.35,86.60999999999999,94.84639753730909,67,0.0032006302742321477,Moderate
PUNGGOL,2021-04-17T14:55:00+08:00,2.4,7.59,11.4,19.0,24.82,92.84346988664116,67,0.0011798385685669586,Low
QUEENSTOWN,2021-04-17T14:55:00+08:00,0.45,1.57,3.2900000000000005,10.440000000000001,55.19,111.02886394064174,67,3.288139320207162E-4,Low
RIVER VALLEY,2021-04-17T14:55:00+08:00,0.74,5.15,10.530000000000001,16.36,31.81,90.28538578551021,67,8.575193015977538E-4,Low
ROCHOR,2021-04-17T14:55:00+08:00,2.14,7.630000000000001,12.77,19.08,32.72,85.18100064571306,67,0.0011904579426859241,Low
SELETAR,2021-04-17T14:55:00+08:00,1.01,4.68,9.73,18.45,24.189999999999998,67.78251273019971,67,0.0011081935954612761,Low
SEMBAWANG,2021-04-17T14:55:00+08:00,0.98,3.1700000000000004,6.35,16.39,30.48,59.61445122274042,67,8.608772969214768E-4,Low
SENGKANG,2021-04-17T14:55:00+08:00,3.22,7.58,11.620000000000001,19.4,27.550000000000004,60.802288610823446,67,0.0012334400395554402,Low
SERANGOON,2021-04-17T14:55:00+08:00,1.57,5.54,9.81,14.96,23.130000000000003,63.43182729484759,67,7.08526266908868E-4,Low
SIMPANG,2021-04-17T14:55:00+08:00,1.07,3.55,7.08,14.86,25.590000000000003,61.08692434210845,67,6.984594743983247E-4,Low
SINGAPORE RIVER,2021-04-17T14:55:00+08:00,1.25,5.45,10.57,16.64,34.67,90.26990111720193,67,8.89131465882622E-4,Low
SOUTHERN ISLANDS,2021-04-17T14:55:00+08:00,1.38,4.25,7.5,13.870000000000001,35.739999999999995,83.20041722329252,67,6.029100143090233E-4,Low
STRAITS VIEW,2021-04-17T14:55:00+08:00,1.86,5.67,9.25,15.879999999999999,31.459999999999997,79.38078803146409,67,8.04736832985392E-4,Low
SUNGEI KADUT,2021-04-17T14:55:00+08:00,1.04,3.41,6.669999999999999,18.11,53.83,88.93870088249852,67,0.0010650919895865297,Low
TAMPINES,2021-04-17T14:55:00+08:00,1.68,5.82,7.85,10.55,18.049999999999997,45.14451165511609,67,3.3625280894439996E-4,Low
TANGLIN,2021-04-17T14:55:00+08:00,0.49,1.8800000000000001,5.4399999999999995,11.3,36.099999999999994,114.03679711657357,67,3.89336075241633E-4,Low
TENGAH,2021-04-17T14:55:00+08:00,3.55,8.67,13.649999999999999,19.560000000000002,68.47,95.20932138697648,67,0.0012552342009768686,Low
TOA PAYOH,2021-04-17T14:55:00+08:00,2.0,5.65,9.15,13.739999999999998,23.82,76.435197233416,67,5.909159130034965E-4,Low
TUAS,2021-04-17T14:55:00+08:00,2.05,6.8999999999999995,14.32,35.55,79.16,90.88017965528113,67,0.004480422078746372,Moderate
WESTERN ISLANDS,2021-04-17T14:55:00+08:00,1.88,5.18,10.260000000000002,22.589999999999996,64.36999999999999,90.86082835650082,67,0.0017063737015097023,Low
WESTERN WATER CATCHMENT,2021-04-17T14:55:00+08:00,3.71,10.280000000000001,20.16,33.15,94.07000000000001,101.95521680392743,67,0.003861670275082277,Moderate
WOODLANDS,2021-04-17T14:55:00+08:00,0.98,3.03,7.039999999999999,24.47,34.019999999999996,46.66530221283043,67,0.0020233102202450474,Low
YISHUN,2021-04-17T14:55:00+08:00,0.64,1.7600000000000002,4.81,12.760000000000002,15.36,51.443970172334154,67,5.046021983217546E-4,Low
ANG MO KIO,2021-04-17T15:00:00+08:00,0.64,2.3000000000000003,6.6,12.459999999999999,18.8,63.39382002578751,67,4.7962153601754725E-4,Low
BEDOK,2021-04-17T15:00:00+08:00,1.73,4.48,6.76,10.13,20.15,63.37942017980355,67,3.0832465851058077E-4,Low
BISHAN,2021-04-17T15:00:00+08:00,0.86,3.32,7.120000000000001,12.030000000000001,22.38,72.94213569306804,67,4.4498782015651116E-4,Low
BOON LAY,2021-04-17T15:00:00+08:00,1.34,3.31,10.370000000000001,22.629999999999995,75.60000000000001,90.55956901881898,67,0.0017128202928362827,Low
BUKIT BATOK,2021-04-17T15:00:00+08:00,3.22,6.54,9.190000000000001,14.379999999999999,59.559999999999995,102.29958957397106,67,6.512012576750935E-4,Low
BUKIT MERAH,2021-04-17T15:00:00+08:00,0.86,2.73,5.54,11.3,33.28,85.4428559484831,67,3.89336075241633E-4,Low
BUKIT PANJANG,2021-04-17T15:00:00+08:00,1.87,4.76,7.91,14.27,47.81,92.99488909116381,67,6.406184174085807E-4,Low
BUKIT TIMAH,2021-04-17T15:00:00+08:00,1.09,3.02,5.699999999999999,11.459999999999999,42.43,103.316864701222,67,4.0119623953166364E-4,Low
CENTRAL WATER CATCHMENT,2021-04-17T15:00:00+08:00,0.8,1.97,4.5,8.77,23.09,89.05559603225264,67,2.2665471112384334E-4,Low
CHANGI,2021-04-17T15:00:00+08:00,1.56,5.58,11.700000000000001,24.15,33.93,57.833828401095516,67,0.001967346027803602,Low
CHANGI BAY,2021-04-17T15:00:00+08:00,1.47,4.77,8.47,14.91,27.880000000000003,63.07790939008079,67,7.034833160911756E-4,Low
CHOA CHU KANG,2021-04-17T15:00:00+08:00,2.15,5.890000000000001,9.74,16.84,53.99,88.43940355469171,67,9.120834869195224E-4,Low
CLEMENTI,2021-04-17T15:00:00+08:00,1.77,4.09,5.6,10.7,69.24,112.26265726079365,67,3.465393025714634E-4,Low
DOWNTOWN CORE,2021-04-17T15:00:00+08:00,1.53,5.96,11.549999999999999,18.06,32.5,84.56252029848957,67,0.0010588299172613555,Low
GEYLANG,2021-04-17T15:00:00+08:00,4.61,11.719999999999999,15.530000000000001,20.89,29.29,78.24817353533633,67,0.001444248122147551,Low
HOUGANG,2021-04-17T15:00:00+08:00,1.3,5.5,9.93,14.15,23.76,50.06335381204019,67,6.291783945898598E-4,Low
JURONG EAST,2021-04-17T15:00:00+08:00,1.91,5.6,8.91,15.86,67.36,108.24835683850591,67,8.025761322390625E-4,Low
JURONG WEST,2021-04-17T15:00:00+08:00,0.99,5.55,15.769999999999998,37.64,99.70000000000002,106.74997490549919,67,0.005058697487617796,Moderate
KALLANG,2021-04-17T15:00:00+08:00,1.82,7.83,13.71,20.07,30.41,82.17227787325572,67,0.001326054437474354,Low
LIM CHU KANG,2021-04-17T15:00:00+08:00,0.81,3.07,7.18,18.240000000000002,59.730000000000004,85.35338744273226,67,0.0010814650136618646,Low
MANDAI,2021-04-17T15:00:00+08:00,0.93,2.5900000000000003,5.239999999999999,12.920000000000002,24.689999999999998,50.988831994036964,67,5.182008335347138E-4,Low
MARINA EAST,2021-04-17T15:00:00+08:00,2.16,7.29,11.930000000000001,18.490000000000002,30.68,79.57124992270884,67,0.001113323981636621,Low
MARINA SOUTH,2021-04-17T15:00:00+08:00,1.97,5.61,9.28,15.55,28.639999999999997,73.0196951628761,67,7.694789921506513E-4,Low
MARINE PARADE,2021-04-17T15:00:00+08:00,3.92,10.89,14.790000000000001,19.880000000000003,31.46,82.8951843145573,67,0.0012994297445855748,Low
MUSEUM,2021-04-17T15:00:00+08:00,0.9,5.3500000000000005,14.330000000000002,20.56,33.98,90.24512750590927,67,0.001396039739900043,Low
NEWTON,2021-04-17T15:00:00+08:00,0.78,3.37,11.409999999999998,16.77,29.9,86.11459257272485,67,9.04014990258712E-4,Low
NORTH-EASTERN ISLANDS,2021-04-17T15:00:00+08:00,1.61,5.41,9.819999999999999,17.48,30.119999999999997,64.02185763864583,67,9.876183481096637E-4,Low
NOVENA,2021-04-17T15:00:00+08:00,0.99,3.7800000000000002,8.51,13.86,29.369999999999997,86.7950649448683,67,6.019828488451765E-4,Low
ORCHARD,2021-04-17T15:00:00+08:00,0.72,3.3899999999999997,10.09,15.940000000000001,30.78,90.18825444217075,67,8.11237428001878E-4,Low
OUTRAM,2021-04-17T15:00:00+08:00,1.19,4.539999999999999,9.58,15.850000000000001,33.78,88.83074551667086,67,8.014969373911979E-4,Low
PASIR RIS,2021-04-17T15:00:00+08:00,2.7,8.530000000000001,13.07,18.4,26.57,48.026723156156166,67,0.0011017982714443442,Low
PAYA LEBAR,2021-04-17T15:00:00+08:00,1.89,6.39,10.55,16.770000000000003,26.57,63.13064538702545,67,9.04014990258712E-4,Low
PIONEER,2021-04-17T15:00:00+08:00,3.58,7.98,15.770000000000001,30.03,88.07999999999998,98.19839940116206,67,0.003129233154546895,Moderate
PUNGGOL,2021-04-17T15:00:00+08:00,2.0,8.78,11.6,20.4,24.43,94.62028652241007,67,0.0013729777550380456,Low
QUEENSTOWN,2021-04-17T15:00:00+08:00,0.6,1.63,3.22,9.129999999999999,49.95,111.36196530564582,67,2.469783246927181E-4,Low
RIVER VALLEY,2021-04-17T15:00:00+08:00,0.67,3.67,10.17,16.35,30.56,90.73835171553077,67,8.564015165453227E-4,Low
ROCHOR,2021-04-17T15:00:00+08:00,1.3,6.1499999999999995,13.07,19.490000000000002,32.230000000000004,86.2762368393205,67,0.0012456743695859961,Low
SELETAR,2021-04-17T15:00:00+08:00,0.79,3.58,9.489999999999998,18.5,24.18,68.409572576782,67,0.001114608540688757,Low
SEMBAWANG,2021-04-17T15:00:00+08:00,1.11,3.2,6.500000000000001,15.540000000000003,29.97,60.58114600378505,67,7.684236471530508E-4,Low
SENGKANG,2021-04-17T15:00:00+08:00,0.76,7.13,10.09,19.54,25.53,61.41612798863125,67,0.0012524988693252393,Low
SERANGOON,2021-04-17T15:00:00+08:00,1.0,4.63,9.33,15.350000000000001,23.04,64.27934561108162,67,7.485180101074383E-4,Low
SIMPANG,2021-04-17T15:00:00+08:00,0.95,3.3200000000000003,6.86,14.82,25.240000000000002,61.89007949344168,67,6.944541541604245E-4,Low
SINGAPORE RIVER,2021-04-17T15:00:00+08:00,0.95,4.28,10.44,16.68,33.44,91.00290427030744,67,8.936970567612987E-4,Low
SOUTHERN ISLANDS,2021-04-17T15:00:00+08:00,1.25,4.13,7.76,13.830000000000002,34.67,84.25041447626037,67,5.992058959992208E-4,Low
STRAITS VIEW,2021-04-17T15:00:00+08:00,1.71,5.59,9.93,16.19,31.609999999999996,80.89996716544294,67,8.386220793057097E-4,Low
SUNGEI KADUT,2021-04-17T15:00:00+08:00,0.92,3.19,6.62,16.93,50.49,89.64490406407356,67,9.225131505939086E-4,Low
TAMPINES,2021-04-17T15:00:00+08:00,2.58,6.71,9.86,12.44,19.34,47.61599024806333,67,4.7798008598048995E-4,Low
TANGLIN,2021-04-17T15:00:00+08:00,0.48,1.65,4.0600000000000005,10.43,34.12,114.24266780992777,67,3.2814205235899807E-4,Low
TENGAH,2021-04-17T15:00:00+08:00,2.15,8.66,14.480000000000002,20.810000000000002,66.91,97.1304508301215,67,0.0014324816449202311,Low
TOA PAYOH,2021-04-17T15:00:00+08:00,1.35,5.2,9.5,14.46,23.88,77.6014571762526,67,6.589556894496626E-4,Low
TUAS,2021-04-17T15:00:00+08:00,1.6,6.299999999999999,13.799999999999999,31.88,79.44,92.26171577987711,67,0.0035537492947876957,Moderate
WESTERN ISLANDS,2021-04-17T15:00:00+08:00,1.66,5.2299999999999995,10.32,21.22,63.459999999999994,92.3024109990476,67,0.0014933239787370683,Low
WESTERN WATER CATCHMENT,2021-04-17T15:00:00+08:00,1.21,8.739999999999998,17.270000000000003,32.230000000000004,90.03,102.92013001090909,67,0.0036372660252361614,Moderate
WOODLANDS,2021-04-17T15:00:00+08:00,1.17,3.16,7.5600000000000005,21.92,34.65,47.723125027365086,67,0.0016003031499458326,Low
YISHUN,2021-04-17T15:00:00+08:00,0.63,1.9300000000000002,3.87,12.96,15.530000000000001,51.95030570410086,67,5.21630500930983E-4,Low
ANG MO KIO,2021-04-17T15:05:00+08:00,0.74,2.02,6.07,12.639999999999999,18.86,63.98142970644583,67,4.945291229772225E-4,Low
BEDOK,2021-04-17T15:05:00+08:00,2.77,6.07,9.0,12.34,21.27,65.9970644757781,67,4.698176348952692E-4,Low
BISHAN,2021-04-17T15:05:00+08:00,0.83,2.85,6.86,12.16,22.02,73.59679249167696,67,4.5531318227180924E-4,Low
BOON LAY,2021-04-17T15:05:00+08:00,0.66,3.1900000000000004,8.48,19.299999999999997,74.72,91.00187584878111,67,0.001219921351748752,Low
BUKIT BATOK,2021-04-17T15:05:00+08:00,1.75,6.41,10.15,15.379999999999999,56.41,103.80367495457504,67,7.516425821915476E-4,Low
BUKIT MERAH,2021-04-17T15:05:00+08:00,0.73,2.46,5.450000000000001,10.73,31.549999999999997,85.96746267673898,67,3.4861636540574315E-4,Low
BUKIT PANJANG,2021-04-17T15:05:00+08:00,1.37,4.63,8.32,14.6,45.540000000000006,94.14134173528619,67,6.726432215317499E-4,Low
BUKIT TIMAH,2021-04-17T15:05:00+08:00,1.05,3.1100000000000003,5.92,11.309999999999999,40.22,104.11850468759927,67,3.9007179990674113E-4,Low
CENTRAL WATER CATCHMENT,2021-04-17T15:05:00+08:00,0.77,2.12,4.27,9.040000000000001,22.31,89.6115182134211,67,2.41810467425653E-4,Low
CHANGI,2021-04-17T15:05:00+08:00,1.34,4.72,10.99,23.5,34.72,59.03480356278778,67,0.0018562206211008927,Low
CHANGI BAY,2021-04-17T15:05:00+08:00,1.42,4.49,8.809999999999999,15.29,27.92,64.346278477928,67,7.4228957796418E-4,Low
CHOA CHU KANG,2021-04-17T15:05:00+08:00,1.39,5.46,10.040000000000001,17.130000000000003,51.050000000000004,89.61680698069435,67,9.459154599759279E-4,Low
CLEMENTI,2021-04-17T15:05:00+08:00,2.1,5.380000000000001,7.209999999999999,11.5,65.52,114.092792750607,67,4.041908252039926E-4,Low
DOWNTOWN CORE,2021-04-17T15:05:00+08:00,1.65,5.18,11.82,18.64,32.45,86.00924323666584,67,0.0011326748269785034,Low
GEYLANG,2021-04-17T15:05:00+08:00,3.83,12.459999999999999,18.17,24.14,31.369999999999997,81.89007532405796,67,0.0019656105162162763,Low
HOUGANG,2021-04-17T15:05:00+08:00,0.98,4.99,9.840000000000002,14.49,23.950000000000003,50.92300816207574,67,6.618761626625942E-4,Low
JURONG EAST,2021-04-17T15:05:00+08:00,1.83,5.73,9.7,16.12,64.71000000000001,109.81814217309969,67,8.309057612366598E-4,Low
JURONG WEST,2021-04-17T15:05:00+08:00,1.85,4.54,14.52,36.34,99.30000000000001,108.34336215114949,67,0.004694677498024559,Moderate
KALLANG,2021-04-17T15:05:00+08:00,1.52,6.32,14.18,20.619999999999997,30.529999999999998,83.49474663659818,67,0.0014047404501682811,Low
LIM CHU KANG,2021-04-17T15:05:00+08:00,0.75,2.6100000000000003,6.67,16.34,55.0,85.89820924138705,67,8.552845047558432E-4,Low
MANDAI,2021-04-17T15:05:00+08:00,0.79,2.5,5.16,12.02,24.11,51.65626161750389,67,4.441987691544834E-4,Low
MARINA EAST,2021-04-17T15:05:00+08:00,2.82,7.460000000000001,13.770000000000001,20.19,32.22,82.1999712116104,67,0.001343017477919012,Low
MARINA SOUTH,2021-04-17T15:05:00+08:00,3.33,7.09,11.72,17.71,31.08,76.17416551882599,67,0.0010155430052379755,Low
MARINE PARADE,2021-04-17T15:05:00+08:00,3.53,11.36,17.34,22.72,32.34,86.2259153068773,67,0.0017273721605597224,Low
MUSEUM,2021-04-17T15:05:00+08:00,0.73,3.21,12.46,20.439999999999998,32.849999999999994,90.75819021148432,67,0.001378724179314276,Low
NEWTON,2021-04-17T15:05:00+08:00,0.62,2.48,9.509999999999998,16.63,28.5,86.52758453539884,67,8.879920056960928E-4,Low
NORTH-EASTERN ISLANDS,2021-04-17T15:05:00+08:00,1.48,4.859999999999999,10.02,17.75,30.35,65.34795760033875,67,0.0010204416194261475,Low
NOVENA,2021-04-17T15:05:00+08:00,0.84,3.19,8.030000000000001,13.809999999999999,28.299999999999997,87.42642114238329,67,5.973583796912935E-4,Low
ORCHARD,2021-04-17T15:05:00+08:00,0.62,2.2,8.33,15.770000000000001,29.22,90.59145386303352,67,7.928911031764613E-4,Low
OUTRAM,2021-04-17T15:05:00+08:00,1.14,3.79,9.280000000000001,15.870000000000001,32.77,89.75720820859983,67,8.036560974168592E-4,Low
PASIR RIS,2021-04-17T15:05:00+08:00,3.22,8.700000000000001,14.94,21.02,29.049999999999997,51.13127329565361,67,0.0014634773911096897,Low
PAYA LEBAR,2021-04-17T15:05:00+08:00,1.69,5.9,11.09,17.69,26.88,64.66888770454375,67,0.0010130983839860992,Low
PIONEER,2021-04-17T15:05:00+08:00,2.26,8.67,14.71,30.39,87.86999999999998,100.2223434979605,67,0.0032096146078389423,Moderate
PUNGGOL,2021-04-17T15:05:00+08:00,0.8,5.2,10.8,20.4,24.220000000000002,95.19283192709642,67,0.0013729777550380456,Low
QUEENSTOWN,2021-04-17T15:05:00+08:00,0.64,1.69,3.3500000000000005,8.24,45.39,111.73426593923216,67,1.9841498849483823E-4,Low
RIVER VALLEY,2021-04-17T15:05:00+08:00,0.63,2.04,8.22,16.28,28.990000000000002,91.1502287756473,67,8.485986692383096E-4,Low
ROCHOR,2021-04-17T15:05:00+08:00,1.09,4.53,12.47,19.619999999999997,31.64,87.15884023065747,67,0.0012634591669819415,Low
SELETAR,2021-04-17T15:05:00+08:00,0.69,2.49,8.68,18.229999999999997,24.27,68.93512505481908,67,0.0010802008492000034,Low
SEMBAWANG,2021-04-17T15:05:00+08:00,0.91,3.0,6.3500000000000005,14.420000000000002,29.31,61.345516979033945,67,6.550723844865386E-4,Low
SENGKANG,2021-04-17T15:05:00+08:00,0.52,4.5,9.709999999999999,19.409999999999997,24.32,61.788491778144014,67,0.001234796250433489,Low
SERANGOON,2021-04-17T15:05:00+08:00,0.97,3.54,9.100000000000001,15.580000000000002,23.11,65.09482660590473,67,7.726496379418078E-4,Low
SIMPANG,2021-04-17T15:05:00+08:00,0.89,2.91,6.68,14.41,24.93,62.63130396651727,67,6.541034612496301E-4,Low
SINGAPORE RIVER,2021-04-17T15:05:00+08:00,0.83,3.0300000000000002,9.34,16.509999999999998,32.1,91.614145381237,67,8.743789088936895E-4,Low
SOUTHERN ISLANDS,2021-04-17T15:05:00+08:00,1.23,3.86,7.970000000000001,13.86,33.59,85.27788767535954,67,6.019828488451765E-4,Low
STRAITS VIEW,2021-04-17T15:05:00+08:00,2.17,5.74,10.99,17.25,32.15,82.87549439465774,67,9.60106143776973E-4,Low
SUNGEI KADUT,2021-04-17T15:05:00+08:00,0.63,2.59,6.26,15.379999999999999,46.64,90.05940962704291,67,7.516425821915476E-4,Low
TAMPINES,2021-04-17T15:05:00+08:00,1.9,6.16,11.35,13.84,20.689999999999998,49.401527734892156,67,6.001307897600982E-4,Low
TANGLIN,2021-04-17T15:05:00+08:00,0.31,1.28,3.55,9.52,32.510000000000005,114.27804361749199,67,2.700446715794866E-4,Low
TENGAH,2021-04-17T15:05:00+08:00,1.43,7.129999999999999,14.139999999999999,21.36,63.81999999999999,98.32696213337184,67,0.0015144065033164073,Low
TOA PAYOH,2021-04-17T15:05:00+08:00,1.21,4.5600000000000005,9.649999999999999,14.94,23.879999999999995,78.62491358516344,67,7.065067929684948E-4,Low
TUAS,2021-04-17T15:05:00+08:00,1.06,4.71,11.969999999999999,30.08,78.99000000000001,93.09993087521309,67,0.003140333010055597,Moderate
WESTERN ISLANDS,2021-04-17T15:05:00+08:00,1.31,4.85,9.84,20.45,62.06,93.39052826848442,67,0.0013801627716233773,Low
WESTERN WATER CATCHMENT,2021-04-17T15:05:00+08:00,1.27,6.1899999999999995,14.71,31.13,84.88000000000001,103.94272369476234,67,0.003378220241261194,Moderate
WOODLANDS,2021-04-17T15:05:00+08:00,0.8,2.95,6.8500000000000005,18.700000000000003,34.870000000000005,48.40840497642092,67,0.0011404646623767415,Low
YISHUN,2021-04-17T15:05:00+08:00,0.81,2.08,3.8600000000000003,12.2,16.07,52.6354240725329,67,4.5851552718667604E-4,Low
ANG MO KIO,2021-04-17T15:10:00+08:00,0.64,2.02,5.66,12.459999999999997,19.0,64.46762685151555,67,4.7962153601754725E-4,Low
BEDOK,2021-04-17T15:10:00+08:00,4.84,9.34,12.969999999999999,16.67,24.630000000000003,70.67841630270719,67,8.925544964062142E-4,Low
BISHAN,2021-04-17T15:10:00+08:00,0.64,2.33,6.23,12.05,21.47,74.0598755823352,67,4.465681531196739E-4,Low
BOON LAY,2021-04-17T15:10:00+08:00,0.84,2.84,6.37,18.03,73.15,91.62311943189935,67,0.0010550820680028158,Low
BUKIT BATOK,2021-04-17T15:10:00+08:00,1.02,5.99,10.42,15.67,52.09,104.57414471379236,67,7.822030869940095E-4,Low
BUKIT MERAH,2021-04-17T15:10:00+08:00,0.73,2.32,5.220000000000001,10.33,30.119999999999997,86.49080832013176,67,3.214633859737075E-4,Low
BUKIT PANJANG,2021-04-17T15:10:00+08:00,1.03,4.2700000000000005,8.32,14.59,42.85000000000001,94.94503845959687,67,6.71660587655044E-4,Low
BUKIT TIMAH,2021-04-17T15:10:00+08:00,1.04,3.18,6.05,11.33,37.69,104.90821763797413,67,3.9154546237694807E-4,Low
CENTRAL WATER CATCHMENT,2021-04-17T15:10:00+08:00,0.68,2.25,4.03,9.06,21.53,90.076104031539,67,2.4295386334961707E-4,Low
CHANGI,2021-04-17T15:10:00+08:00,1.62,4.5200000000000005,10.45,22.32,35.879999999999995,60.51289173978125,67,0.0016631954804422692,Low
CHANGI BAY,2021-04-17T15:10:00+08:00,1.52,4.41,9.08,15.58,28.22,65.71159857503349,67,7.72649637941807E-4,Low
CHOA CHU KANG,2021-04-17T15:10:00+08:00,0.92,4.46,9.68,16.950000000000003,47.64,90.32138008531851,67,9.248393949592438E-4,Low
CLEMENTI,2021-04-17T15:10:00+08:00,2.62,6.49,9.280000000000001,13.25,62.28,116.43852883789789,67,5.46855149484763E-4,Low
DOWNTOWN CORE,2021-04-17T15:10:00+08:00,1.23,4.41,11.14,18.6,32.25,87.03248844514451,67,0.0011274973205487784,Low
GEYLANG,2021-04-17T15:10:00+08:00,1.76,10.200000000000001,18.63,25.29,31.880000000000003,83.4532224648286,67,0.002170512182235097,Low
HOUGANG,2021-04-17T15:10:00+08:00,0.59,2.87,8.58,14.55,23.980000000000004,51.39059601728779,67,6.677376741628651E-4,Low
JURONG EAST,2021-04-17T15:10:00+08:00,1.69,5.43,10.26,16.490000000000002,61.71,111.24415395234786,67,8.721209009513534E-4,Low
JURONG WEST,2021-04-17T15:10:00+08:00,1.36,4.2,12.469999999999999,32.18,98.07000000000002,109.44291910559632,67,0.003625272539893009,Moderate
KALLANG,2021-04-17T15:10:00+08:00,1.12,4.46,13.39,20.56,30.439999999999998,84.41403636076801,67,0.001396039739900043,Low
LIM CHU KANG,2021-04-17T15:10:00+08:00,0.54,2.1,5.739999999999999,14.52,49.620000000000005,86.23172136083578,67,6.64803490300384E-4,Low
MANDAI,2021-04-17T15:10:00+08:00,0.65,2.37,4.890000000000001,10.81,23.669999999999998,52.18208682884646,67,3.541874419669758E-4,Low
MARINA EAST,2021-04-17T15:10:00+08:00,1.9,6.880000000000001,14.21,20.86,33.03,83.90237340384746,67,0.001439829720060096,Low
MARINA SOUTH,2021-04-17T15:10:00+08:00,2.16,7.46,12.71,18.67,32.42,78.15105294721761,67,0.0011365662077787069,Low
MARINE PARADE,2021-04-17T15:10:00+08:00,2.73,10.18,18.84,24.68,33.24,88.74863966449135,67,0.002060488003743687,Low
MUSEUM,2021-04-17T15:10:00+08:00,0.67,2.3,9.76,19.75,32.31,91.21001958249279,67,0.0012813775901724305,Low
NEWTON,2021-04-17T15:10:00+08:00,0.45,1.8499999999999999,6.53,16.130000000000003,27.209999999999997,86.76958372027444,67,8.320057762178928E-4,Low
NORTH-EASTERN ISLANDS,2021-04-17T15:10:00+08:00,1.61,4.7,10.159999999999998,17.910000000000004,30.86,66.8008697939407,67,0.0010401610951854153,Low
NOVENA,2021-04-17T15:10:00+08:00,0.68,2.5100000000000002,6.9399999999999995,13.579999999999998,27.07,87.89625964349635,67,5.763294250945962E-4,Low
ORCHARD,2021-04-17T15:10:00+08:00,0.48,1.8199999999999998,6.48,15.01,27.9,90.85368404606714,67,7.13588334940412E-4,Low
OUTRAM,2021-04-17T15:10:00+08:00,0.94,3.27,8.48,15.57,31.900000000000002,90.48144380732913,67,7.715919874829885E-4,Low
PASIR RIS,2021-04-17T15:10:00+08:00,3.19,9.11,16.65,23.4,31.799999999999997,54.198360509159556,67,0.0018394274518135129,Low
PAYA LEBAR,2021-04-17T15:10:00+08:00,1.62,5.2,11.260000000000002,18.39,27.49,66.13343229193795,67,0.0011005215606174027,Low
PIONEER,2021-04-17T15:10:00+08:00,1.17,7.01,13.469999999999999,30.15,85.94999999999999,101.15142230209923,67,0.0031559076102500583,Moderate
PUNGGOL,2021-04-17T15:10:00+08:00,0.6,3.4,10.99,18.61,24.020000000000003,95.5640010087118,67,0.0011287905185983927,Low
QUEENSTOWN,2021-04-17T15:10:00+08:00,0.87,2.11,3.68,7.75,40.42,112.33567161156802,67,1.74075090595569E-4,Low
RIVER VALLEY,2021-04-17T15:10:00+08:00,0.46,1.76,6.91,15.23,27.8,91.39111573804303,67,7.360887505002964E-4,Low
ROCHOR,2021-04-17T15:10:00+08:00,0.87,3.2600000000000002,10.89,19.21,31.16,87.8193219607252,67,0.0012078220046665836,Low
SELETAR,2021-04-17T15:10:00+08:00,0.7,2.1799999999999997,6.86,17.36,24.47,69.46941417453628,67,9.732127377095222E-4,Low
SEMBAWANG,2021-04-17T15:10:00+08:00,0.76,2.7800000000000002,5.95,12.920000000000002,28.72,61.95805050803073,67,5.182008335347138E-4,Low
SENGKANG,2021-04-17T15:10:00+08:00,0.49,1.77,9.35,19.18,24.310000000000002,62.12996045458784,67,0.0012038030871012939,Low
SERANGOON,2021-04-17T15:10:00+08:00,0.79,2.76,8.3,15.56,23.11,65.72834729278036,67,7.705351055732768E-4,Low
SIMPANG,2021-04-17T15:10:00+08:00,0.77,2.61,6.16,13.65,24.68,63.25074663445618,67,5.826872035019987E-4,Low
SINGAPORE RIVER,2021-04-17T15:10:00+08:00,0.72,2.5,7.95,15.92,31.11,92.1139171497598,67,8.090674803815036E-4,Low
SOUTHERN ISLANDS,2021-04-17T15:10:00+08:00,1.06,3.54,7.790000000000001,13.77,32.5,86.13289096542242,67,5.936724299704147E-4,Low
STRAITS VIEW,2021-04-17T15:10:00+08:00,1.56,5.4399999999999995,11.110000000000001,17.630000000000003,32.269999999999996,84.2362727189287,67,0.0010057832584048126,Low
SUNGEI KADUT,2021-04-17T15:10:00+08:00,0.6,2.15,5.56,14.280000000000001,43.050000000000004,90.44291877371988,67,6.415766918268606E-4,Low
TAMPINES,2021-04-17T15:10:00+08:00,3.82,8.3,14.120000000000001,17.25,24.02,53.102773026871326,67,9.60106143776973E-4,Low
TANGLIN,2021-04-17T15:10:00+08:00,0.46,1.25,3.1300000000000003,9.11,30.200000000000003,114.46333438631568,67,2.458248939486968E-4,Low
TENGAH,2021-04-17T15:10:00+08:00,1.11,4.69,13.36,21.589999999999996,60.23,99.2005971824459,67,0.0015493819623897836,Low
TOA PAYOH,2021-04-17T15:10:00+08:00,0.83,3.39,9.040000000000001,15.01,23.54,79.26590974086787,67,7.13588334940412E-4,Low
TUAS,2021-04-17T15:10:00+08:00,1.38,4.04,10.940000000000001,26.83,78.75,94.25613101284493,67,0.0024617711528800226,Low
WESTERN ISLANDS,2021-04-17T15:10:00+08:00,1.17,4.14,9.32,19.509999999999998,60.32,94.33602984859847,67,0.0012484017989713636,Low
WESTERN WATER CATCHMENT,2021-04-17T15:10:00+08:00,0.87,3.35,13.63,29.909999999999997,78.38999999999999,104.56285919928555,67,0.003102677999955593,Moderate
WOODLANDS,2021-04-17T15:10:00+08:00,0.62,2.59,5.619999999999999,14.900000000000002,34.95,48.912037603541705,67,7.024770192819526E-4,Low
YISHUN,2021-04-17T15:10:00+08:00,0.62,2.06,3.8200000000000003,11.049999999999999,16.62,53.128895507448235,67,3.711824562722603E-4,Low
ANG MO KIO,2021-04-17T15:15:00+08:00,0.68,2.06,4.36,12.259999999999998,19.240000000000002,64.99265524325615,67,4.6334139551780165E-4,Low
BEDOK,2021-04-17T15:15:00+08:00,3.09,10.7,15.18,19.14,26.990000000000002,73.59851478191932,67,0.0011984555696507107,Low
BISHAN,2021-04-17T15:15:00+08:00,0.75,2.2199999999999998,5.539999999999999,11.989999999999998,21.23,74.63184548277964,67,4.418360771044615E-4,Low
BOON LAY,2021-04-17T15:15:00+08:00,0.63,2.13,5.44,17.09,70.68,92.03286962799687,67,9.412101246551324E-4,Low
BUKIT BATOK,2021-04-17T15:15:00+08:00,0.91,3.68,10.219999999999999,15.5,47.44,105.23276236609134,67,7.642099501702108E-4,Low
BUKIT MERAH,2021-04-17T15:15:00+08:00,0.7,2.16,4.89,10.120000000000001,28.439999999999998,86.98289591014189,67,3.0767536320976824E-4,Low
BUKIT PANJANG,2021-04-17T15:15:00+08:00,0.94,3.3400000000000003,8.1,14.36,40.08,95.65680320378044,67,6.492702597336964E-4,Low
BUKIT TIMAH,2021-04-17T15:15:00+08:00,1.1,3.19,6.210000000000001,11.45,35.64,105.75603222335619,67,4.004494407031152E-4,Low
CENTRAL WATER CATCHMENT,2021-04-17T15:15:00+08:00,0.57,2.02,3.99,8.93,20.58,90.42957304708598,67,2.355729829859355E-4,Low
CHANGI,2021-04-17T15:15:00+08:00,2.21,5.17,10.75,22.349999999999998,37.650000000000006,62.577426789210946,67,0.0016679641478034694,Low
CHANGI BAY,2021-04-17T15:15:00+08:00,1.71,4.65,9.419999999999998,16.16,28.85,67.26363662405421,67,8.353104531464981E-4,Low
CHOA CHU KANG,2021-04-17T15:15:00+08:00,0.78,3.09,8.98,16.37,43.9,90.88425948982538,67,8.586378599720285E-4,Low
CLEMENTI,2021-04-17T15:15:00+08:00,1.94,6.66,10.749999999999998,14.240000000000002,59.47,118.09862608734483,67,6.377481546227665E-4,Low
DOWNTOWN CORE,2021-04-17T15:15:00+08:00,0.97,3.8499999999999996,9.81,18.37,32.019999999999996,87.79327390811453,67,0.0010979704925254572,Low
GEYLANG,2021-04-17T15:15:00+08:00,0.77,6.359999999999999,18.08,24.83,31.950000000000003,84.02261200758947,67,0.0020872627369375885,Low
HOUGANG,2021-04-17T15:15:00+08:00,0.55,2.12,7.62,14.35,23.89,51.81705985343068,67,6.483059018936798E-4,Low
JURONG EAST,2021-04-17T15:15:00+08:00,1.4,4.92,10.52,16.77,58.39,112.37673778877233,67,9.04014990258712E-4,Low
JURONG WEST,2021-04-17T15:15:00+08:00,0.98,4.1899999999999995,9.74,29.939999999999998,94.69,110.15983287123777,67,0.0031093056066406055,Moderate
KALLANG,2021-04-17T15:15:00+08:00,0.75,3.39,11.219999999999999,20.02,30.279999999999998,84.96111623459947,67,0.001319020203651736,Low
LIM CHU KANG,2021-04-17T15:15:00+08:00,0.58,1.87,4.9399999999999995,13.32,45.18,86.60443176146764,67,5.530386619399419E-4,Low
MANDAI,2021-04-17T15:15:00+08:00,0.59,2.03,4.62,10.09,23.22,52.646648026254525,67,3.0573183912547186E-4,Low
MARINA EAST,2021-04-17T15:15:00+08:00,1.33,6.05,13.34,21.03,33.57000000000001,85.03068324743573,67,0.0014649621445230725,Low
MARINA SOUTH,2021-04-17T15:15:00+08:00,1.75,7.24,12.850000000000001,19.520000000000003,33.57,79.71318820092733,67,0.0012497666988707432,Low
MARINE PARADE,2021-04-17T15:15:00+08:00,1.4,7.66,18.549999999999997,25.3,33.489999999999995,89.93529972797845,67,0.0021723410691796173,Low
MUSEUM,2021-04-17T15:15:00+08:00,0.63,2.03,7.38,19.19,31.950000000000003,91.62076281573408,67,0.0012051419376856614,Low
NEWTON,2021-04-17T15:15:00+08:00,0.53,1.6,4.970000000000001,15.700000000000001,26.509999999999998,87.09100117126731,67,7.854014127973029E-4,Low
NORTH-EASTERN ISLANDS,2021-04-17T15:15:00+08:00,1.78,4.87,10.28,18.37,31.659999999999997,68.4202893796975,67,0.0010979704925254572,Low
NOVENA,2021-04-17T15:15:00+08:00,0.73,2.25,6.029999999999999,13.39,26.18,88.41496871528658,67,5.592590940029542E-4,Low
ORCHARD,2021-04-17T15:15:00+08:00,0.52,1.62,5.01,14.469999999999999,27.04,91.15528386258684,67,6.599284190291336E-4,Low
OUTRAM,2021-04-17T15:15:00+08:00,0.82,2.9,7.4399999999999995,15.3,30.97,91.08393843991813,67,7.433257326279874E-4,Low
PASIR RIS,2021-04-17T15:15:00+08:00,2.07,8.48,17.01,24.78,33.42,56.13807485256989,67,0.0020783175227115937,Low
PAYA LEBAR,2021-04-17T15:15:00+08:00,1.45,4.76,11.149999999999999,18.75,28.159999999999997,67.42445630875804,67,0.0011469778099916447,Low
PIONEER,2021-04-17T15:15:00+08:00,0.84,4.27,12.25,28.5,84.01,101.74826772425219,67,0.0027995751965239875,Low
PUNGGOL,2021-04-17T15:15:00+08:00,0.8,2.2,10.98,17.02,24.220000000000002,96.13427784917727,67,9.330057202162757E-4,Low
QUEENSTOWN,2021-04-17T15:15:00+08:00,1.09,2.6,4.23,8.100000000000001,36.59,113.15563158458454,67,1.9128797242836998E-4,Low
RIVER VALLEY,2021-04-17T15:15:00+08:00,0.46,1.55,5.22,14.52,27.080000000000002,91.63142364019109,67,6.64803490300384E-4,Low
ROCHOR,2021-04-17T15:15:00+08:00,0.71,2.67,8.82,18.66,30.78,88.31821598048104,67,0.0011352682949357532,Low
SELETAR,2021-04-17T15:15:00+08:00,0.71,2.0999999999999996,5.68,15.419999999999998,24.769999999999996,70.01241893420794,67,7.558194216866823E-4,Low
SEMBAWANG,2021-04-17T15:15:00+08:00,0.69,2.36,5.5600000000000005,11.990000000000002,28.11,62.49911158781948,67,4.418360771044615E-4,Low
SENGKANG,2021-04-17T15:15:00+08:00,0.48,1.49,8.620000000000001,17.71,24.509999999999998,62.46060828570908,67,0.0010155430052379755,Low
SERANGOON,2021-04-17T15:15:00+08:00,0.77,2.5300000000000002,7.16,15.329999999999998,23.22,66.34034508010924,67,7.464387980313512E-4,Low
SIMPANG,2021-04-17T15:15:00+08:00,0.74,2.4000000000000004,5.720000000000001,12.73,24.44,63.83870024453515,67,5.020738189063339E-4,Low
SINGAPORE RIVER,2021-04-17T15:15:00+08:00,0.67,2.2199999999999998,6.5,15.469999999999999,30.189999999999998,92.56248753336257,67,7.61057742848649E-4,Low
SOUTHERN ISLANDS,2021-04-17T15:15:00+08:00,0.96,3.25,7.38,13.719999999999999,31.44,86.8858389411919,67,5.890820174588775E-4,Low
STRAITS VIEW,2021-04-17T15:15:00+08:00,1.25,4.98,10.57,17.840000000000003,32.29,85.28377991293327,67,0.001031509204086773,Low
SUNGEI KADUT,2021-04-17T15:15:00+08:00,0.57,1.7999999999999998,4.99,12.120000000000001,39.09,90.79550601537032,67,4.521227519583965E-4,Low
TAMPINES,2021-04-17T15:15:00+08:00,4.48,10.2,16.91,21.35,28.200000000000003,57.45512101700345,67,0.0015128954188628274,Low
TANGLIN,2021-04-17T15:15:00+08:00,0.79,1.56,3.21,9.07,27.56,114.97817974075325,67,2.4352663602761947E-4,Low
TENGAH,2021-04-17T15:15:00+08:00,0.95,3.49,12.149999999999999,21.619999999999997,55.47,99.91213212895379,67,0.0015539751539261632,Low
TOA PAYOH,2021-04-17T15:15:00+08:00,0.74,2.7800000000000002,7.98,14.88,23.38,79.81536502699187,67,7.004667184993313E-4,Low
TUAS,2021-04-17T15:15:00+08:00,1.1,3.54,9.839999999999998,24.11,78.25999999999999,95.12955179898597,67,0.0019604088403981845,Low
WESTERN ISLANDS,2021-04-17T15:15:00+08:00,1.0,3.48,8.709999999999999,18.67,58.379999999999995,95.1092585685556,67,0.0011365662077787069,Low
WESTERN WATER CATCHMENT,2021-04-17T15:15:00+08:00,0.52,2.66,11.399999999999997,29.739999999999995,72.1,104.83150398046175,67,0.0030652623279519807,Moderate
WOODLANDS,2021-04-17T15:15:00+08:00,0.6,2.02,5.18,12.469999999999999,34.85000000000001,49.39445956475142,67,4.8044338151835976E-4,Low
YISHUN,2021-04-17T15:15:00+08:00,0.61,2.04,3.97,9.870000000000001,16.98,53.6111807026083,67,2.916790195765266E-4,Low
ANG MO KIO,2021-04-17T15:20:00+08:00,0.87,2.19,4.21,12.37,19.61,65.70642153651069,67,4.7225853282934806E-4,Low
BEDOK,2021-04-17T15:20:00+08:00,2.26,10.19,16.259999999999998,20.93,28.6,75.68159373242068,67,0.0014501504772755748,Low
BISHAN,2021-04-17T15:20:00+08:00,0.75,2.14,4.99,11.96,21.1,75.20244044358886,67,4.3948007480173264E-4,Low
BOON LAY,2021-04-17T15:20:00+08:00,0.63,2.1,5.29,16.11,68.54,92.44163483907207,67,8.298065181533179E-4,Low
BUKIT BATOK,2021-04-17T15:20:00+08:00,0.91,2.8400000000000003,9.25,15.549999999999999,42.620000000000005,105.88979678907369,67,7.694789921506513E-4,Low
BUKIT MERAH,2021-04-17T15:20:00+08:00,0.63,2.06,4.52,9.99,26.769999999999996,87.40380058697602,67,2.9930064982404344E-4,Low
BUKIT PANJANG,2021-04-17T15:20:00+08:00,0.8,2.77,7.3999999999999995,14.04,37.17,96.22685696010086,67,6.187877621199892E-4,Low
BUKIT TIMAH,2021-04-17T15:20:00+08:00,0.83,2.97,6.08,11.45,33.72,106.33180877513566,67,4.004494407031152E-4,Low
CENTRAL WATER CATCHMENT,2021-04-17T15:20:00+08:00,0.65,1.9,4.0200000000000005,8.719999999999999,20.259999999999998,90.86219237008984,67,2.2390522721951538E-4,Low
CHANGI,2021-04-17T15:20:00+08:00,2.9,6.73,11.450000000000001,23.450000000000003,40.17,65.3269989707247,67,0.0018478139460513406,Low
CHANGI BAY,2021-04-17T15:20:00+08:00,1.47,4.7,9.19,16.630000000000003,29.33,68.57194377984554,67,8.879920056960928E-4,Low
CHOA CHU KANG,2021-04-17T15:20:00+08:00,0.64,2.3400000000000003,7.8,15.780000000000001,39.92,91.30578580704127,67,7.939641375785285E-4,Low
CLEMENTI,2021-04-17T15:20:00+08:00,0.77,5.33,10.709999999999999,14.030000000000001,54.99,118.58473268360383,67,6.178477118550283E-4,Low
DOWNTOWN CORE,2021-04-17T15:20:00+08:00,0.78,2.9800000000000004,8.16,18.12,31.560000000000002,88.3622305439275,67,0.0010663467530612845,Low
GEYLANG,2021-04-17T15:20:00+08:00,0.71,3.24,15.7,24.61,32.1,84.53063281355209,67,0.0020480556462895883,Low
HOUGANG,2021-04-17T15:20:00+08:00,0.8,1.9400000000000002,6.93,14.419999999999998,24.360000000000003,52.49249852718153,67,6.55072384486538E-4,Low
JURONG EAST,2021-04-17T15:20:00+08:00,0.91,4.0,9.73,16.61,53.989999999999995,113.01659904415587,67,8.857154099580506E-4,Low
JURONG WEST,2021-04-17T15:20:00+08:00,0.43,2.77,7.3100000000000005,28.299999999999997,87.93,110.32502327145272,67,0.002757910741148169,Low
KALLANG,2021-04-17T15:20:00+08:00,0.72,2.59,8.910000000000002,19.689999999999998,30.14,85.4768810011122,67,0.0012730909375741775,Low
LIM CHU KANG,2021-04-17T15:20:00+08:00,0.47,1.59,4.2,12.329999999999998,41.81,86.8662462158235,67,4.690054945149917E-4,Low
MANDAI,2021-04-17T15:20:00+08:00,0.65,1.8900000000000001,4.39,9.66,22.98,53.170092480276594,67,2.785921554094815E-4,Low
MARINA EAST,2021-04-17T15:20:00+08:00,0.98,4.21,11.670000000000002,20.94,33.82000000000001,85.80628078409393,67,0.0014516280578456438,Low
MARINA SOUTH,2021-04-17T15:20:00+08:00,1.25,5.16,12.25,19.76,34.230000000000004,80.77156828906934,67,0.0012827614682426214,Low
MARINE PARADE,2021-04-17T15:20:00+08:00,0.79,4.92,16.28,25.259999999999998,33.56999999999999,90.50910721836061,67,0.0021650304052013097,Low
MUSEUM,2021-04-17T15:20:00+08:00,0.46,1.76,4.97,18.660000000000004,31.07,91.8605186768237,67,0.0011352682949357532,Low
NEWTON,2021-04-17T15:20:00+08:00,0.57,1.5499999999999998,4.03,15.510000000000002,25.61,87.4516459774191,67,7.652622220891584E-4,Low
NORTH-EASTERN ISLANDS,2021-04-17T15:20:00+08:00,1.61,5.0,9.86,18.79,32.379999999999995,69.86581609596445,67,0.0011522024826978725,Low
NOVENA,2021-04-17T15:20:00+08:00,0.75,2.16,5.35,13.379999999999999,25.5,88.95243087939616,67,5.583681995245135E-4,Low
ORCHARD,2021-04-17T15:20:00+08:00,0.45,1.45,3.6500000000000004,14.059999999999999,25.57,91.38615867322531,67,6.206701383747342E-4,Low
OUTRAM,2021-04-17T15:20:00+08:00,0.69,2.4499999999999997,6.24,15.07,29.839999999999996,91.55498475547205,67,7.196880626491371E-4,Low
PASIR RIS,2021-04-17T15:20:00+08:00,2.14,7.4,16.1,26.16,35.05,58.14312638045494,67,0.0023326742614755494,Low
PAYA LEBAR,2021-04-17T15:20:00+08:00,1.32,4.390000000000001,10.290000000000001,18.979999999999997,28.800000000000004,68.58237687539763,67,0.0011771916024689811,Low
PIONEER,2021-04-17T15:20:00+08:00,0.63,2.6399999999999997,11.31,26.28,81.86000000000001,102.13367840932125,67,0.0023555262137251727,Low
PUNGGOL,2021-04-17T15:20:00+08:00,0.21,1.6099999999999999,6.81,16.42,24.220000000000006,96.11318381989871,67,8.642422537295448E-4,Low
QUEENSTOWN,2021-04-17T15:20:00+08:00,1.39,3.3499999999999996,5.04,8.760000000000002,34.59,114.27362048278518,67,2.2610338790063854E-4,Low
RIVER VALLEY,2021-04-17T15:20:00+08:00,0.29,1.21,3.25,13.84,25.240000000000002,91.70115387407537,67,6.001307897600982E-4,Low
ROCHOR,2021-04-17T15:20:00+08:00,0.64,2.22,6.75,18.270000000000003,30.22,88.74591072530824,67,0.0010852622097961985,Low
SELETAR,2021-04-17T15:20:00+08:00,0.66,2.07,4.5600000000000005,14.39,24.979999999999997,70.50411838259379,67,6.521678979110583E-4,Low
SEMBAWANG,2021-04-17T15:20:00+08:00,0.74,2.19,5.1899999999999995,11.560000000000002,27.740000000000002,63.08887202867057,67,4.087048839950389E-4,Low
SENGKANG,2021-04-17T15:20:00+08:00,0.46,1.43,5.930000000000001,16.240000000000002,23.87,62.770461283381984,67,8.441569033402953E-4,Low
SERANGOON,2021-04-17T15:20:00+08:00,0.74,2.3,5.84,15.11,23.39,66.92087170608188,67,7.237698548634445E-4,Low
SIMPANG,2021-04-17T15:20:00+08:00,0.7,2.21,5.12,12.190000000000001,24.29,64.38524049226488,67,4.5771382368666293E-4,Low
SINGAPORE RIVER,2021-04-17T15:20:00+08:00,0.54,1.9300000000000002,4.96,15.09,28.83,92.87997961337082,67,7.217274277068048E-4,Low
SOUTHERN ISLANDS,2021-04-17T15:20:00+08:00,0.79,2.81,6.67,13.620000000000001,30.340000000000003,87.46697693008211,67,5.79957907779735E-4,Low
STRAITS VIEW,2021-04-17T15:20:00+08:00,0.95,3.76,9.5,17.810000000000002,32.059999999999995,86.02876903884001,67,0.0010278129763945292,Low
SUNGEI KADUT,2021-04-17T15:20:00+08:00,0.55,1.72,4.31,11.2,35.85,91.12724568414491,67,3.820193825244437E-4,Low
TAMPINES,2021-04-17T15:20:00+08:00,4.5,12.8,18.96,25.490000000000002,32.4,61.81700654092305,67,0.0022072446254339365,Low
TANGLIN,2021-04-17T15:20:00+08:00,0.79,2.04,3.3200000000000003,9.35,25.48,115.49178747537326,67,2.598555961090043E-4,Low
TENGAH,2021-04-17T15:20:00+08:00,0.41,2.47,9.599999999999998,20.97,49.33,100.08195664000161,67,0.0014560655805610856,Low
TOA PAYOH,2021-04-17T15:20:00+08:00,0.76,2.33,6.890000000000001,14.870000000000001,23.35,80.38349949562165,67,6.994627143961091E-4,Low
TUAS,2021-04-17T15:20:00+08:00,0.83,3.31,8.02,22.47,77.44999999999999,95.73087299762044,67,0.0016871110844003572,Low
WESTERN ISLANDS,2021-04-17T15:20:00+08:00,0.76,2.9299999999999997,7.779999999999999,17.71,56.17,95.6406285494194,67,0.0010155430052379755,Low
WESTERN WATER CATCHMENT,2021-04-17T15:20:00+08:00,0.44,1.83,8.02,27.989999999999995,64.07000000000001,105.01950297528248,67,0.002693981836610656,Low
WOODLANDS,2021-04-17T15:20:00+08:00,0.46,1.68,4.63,11.54,34.71000000000001,49.735721847672366,67,4.0719723946909883E-4,Low
YISHUN,2021-04-17T15:20:00+08:00,0.61,1.8399999999999999,3.92,9.280000000000001,17.53,54.09230654824701,67,2.5572056061052705E-4,Low
ANG MO KIO,2021-04-17T15:25:00+08:00,0.78,2.33,4.3500000000000005,12.19,19.9,66.32847203044409,67,4.5771382368666293E-4,Low
BEDOK,2021-04-17T15:25:00+08:00,2.38,7.7299999999999995,17.07,22.75,30.549999999999997,77.8796652379321,67,0.001732237260008599,Low
BISHAN,2021-04-17T15:25:00+08:00,0.77,2.27,4.6,11.900000000000002,21.04,75.791663769935,67,4.3478813074056673E-4,Low
BOON LAY,2021-04-17T15:25:00+08:00,0.76,2.02,4.859999999999999,15.529999999999998,65.03,92.97941743289805,67,7.673690705183708E-4,Low
BUKIT BATOK,2021-04-17T15:25:00+08:00,0.51,2.33,8.32,15.12,36.849999999999994,106.1452517886123,67,7.247922168888793E-4,Low
BUKIT MERAH,2021-04-17T15:25:00+08:00,0.66,1.9900000000000002,4.31,9.98,25.08,87.85369346489837,67,2.9866152435896904E-4,Low
BUKIT PANJANG,2021-04-17T15:25:00+08:00,0.7,2.44,6.710000000000001,13.690000000000001,34.13000000000001,96.6955403829419,67,5.863368463833312E-4,Low
BUKIT TIMAH,2021-04-17T15:25:00+08:00,0.88,2.81,5.99,11.47,32.03999999999999,106.95620123659593,67,4.0194377731215977E-4,Low
CENTRAL WATER CATCHMENT,2021-04-17T15:25:00+08:00,0.78,2.0,4.25,8.58,19.86,91.42377173372921,67,2.1630144424034087E-4,Low
CHANGI,2021-04-17T15:25:00+08:00,3.01,8.12,12.64,24.480000000000004,42.86,68.17996154608721,67,0.002025072477572944,Low
CHANGI BAY,2021-04-17T15:25:00+08:00,1.44,4.619999999999999,9.03,17.090000000000003,29.84,69.84710593908693,67,9.412101246551342E-4,Low
CHOA CHU KANG,2021-04-17T15:25:00+08:00,0.52,1.94,6.4,15.07,36.010000000000005,91.60629883100451,67,7.196880626491371E-4,Low
CLEMENTI,2021-04-17T15:25:00+08:00,1.15,3.86,10.35,14.63,51.370000000000005,119.44967074420104,67,6.755956974307507E-4,Low
DOWNTOWN CORE,2021-04-17T15:25:00+08:00,0.73,2.48,6.890000000000001,17.94,31.07,88.87981948359298,67,0.0010438807776273957,Low
GEYLANG,2021-04-17T15:25:00+08:00,0.69,2.17,12.37,24.32,32.349999999999994,85.01743240500481,67,0.0019969736675935646,Low
HOUGANG,2021-04-17T15:25:00+08:00,0.65,2.0,4.87,14.34,24.130000000000003,53.016313536115426,67,6.473423047176489E-4,Low
JURONG EAST,2021-04-17T15:25:00+08:00,0.93,3.24,8.67,16.6,49.849999999999994,113.67492215810856,67,8.845782742907479E-4,Low
JURONG WEST,2021-04-17T15:25:00+08:00,0.28,1.69,5.89,25.06,80.45,110.33981657589665,67,0.0021286723729343287,Low
KALLANG,2021-04-17T15:25:00+08:00,0.66,2.13,6.59,19.409999999999997,29.97,85.93140593766292,67,0.001234796250433489,Low
LIM CHU KANG,2021-04-17T15:25:00+08:00,0.51,1.5599999999999998,3.66,11.219999999999999,38.980000000000004,87.16743130302193,67,3.8347682436271134E-4,Low
MANDAI,2021-04-17T15:25:00+08:00,0.56,1.8,4.17,9.309999999999999,22.72,53.60227864338839,67,2.5748840392662663E-4,Low
MARINA EAST,2021-04-17T15:25:00+08:00,0.75,3.06,9.940000000000001,20.72,33.84,86.35001388733819,67,0.0014193052679044,Low
MARINA SOUTH,2021-04-17T15:25:00+08:00,0.79,3.79,11.25,19.57,34.440000000000005,81.36740417212083,67,0.001256603052372553,Low
MARINE PARADE,2021-04-17T15:25:00+08:00,0.75,2.94,13.120000000000001,25.07,33.67,91.04153535178551,67,0.0021304825469682463,Low
MUSEUM,2021-04-17T15:25:00+08:00,0.63,1.7200000000000002,4.02,18.470000000000002,30.380000000000003,92.2696981966829,67,0.0011107572186454648,Low
NEWTON,2021-04-17T15:25:00+08:00,0.75,1.85,3.6999999999999997,15.440000000000001,24.949999999999996,87.99142384138071,67,7.579124468701758E-4,Low
NORTH-EASTERN ISLANDS,2021-04-17T15:25:00+08:00,1.58,4.970000000000001,9.67,19.17,33.129999999999995,71.27786795809232,67,0.0012024650250550908,Low
NOVENA,2021-04-17T15:25:00+08:00,0.79,2.27,4.78,13.32,25.009999999999998,89.52860105588314,67,5.530386619399419E-4,Low
ORCHARD,2021-04-17T15:25:00+08:00,0.7,1.67,3.49,13.950000000000001,24.49,91.86647849149848,67,6.103546093280363E-4,Low
OUTRAM,2021-04-17T15:25:00+08:00,0.73,2.2399999999999998,5.51,14.969999999999999,28.78,92.06489873827772,67,7.09537150879706E-4,Low
PASIR RIS,2021-04-17T15:25:00+08:00,1.53,5.74,14.85,26.83,36.19,59.533358030905454,67,0.0024617711528800226,Low
PAYA LEBAR,2021-04-17T15:25:00+08:00,1.19,3.96,9.16,19.119999999999997,29.340000000000003,69.60751395486369,67,0.001195786541164384,Low
PIONEER,2021-04-17T15:25:00+08:00,0.61,2.08,9.09,24.28,78.27000000000001,102.49816261831818,67,0.001989981391564149,Low
PUNGGOL,2021-04-17T15:25:00+08:00,0.4,1.4100000000000001,4.8100000000000005,16.21,24.610000000000003,96.2821404978635,67,8.408336915567353E-4,Low
QUEENSTOWN,2021-04-17T15:25:00+08:00,1.52,4.0,6.109999999999999,9.4,32.7,115.51892188423695,67,2.628307758163699E-4,Low
RIVER VALLEY,2021-04-17T15:25:00+08:00,0.63,1.38,3.14,13.67,23.910000000000004,92.1107164857434,67,5.845105130040425E-4,Low
ROCHOR,2021-04-17T15:25:00+08:00,0.68,2.0300000000000002,5.29,18.060000000000002,29.730000000000004,89.2125773488025,67,0.0010588299172613563,Low
SELETAR,2021-04-17T15:25:00+08:00,0.57,1.94,4.12,13.850000000000001,25.23,70.90463585084451,67,6.010564406854678E-4,Low
SEMBAWANG,2021-04-17T15:25:00+08:00,0.63,2.06,4.84,11.190000000000001,27.34,63.56721476379136,67,3.812917667668131E-4,Low
SENGKANG,2021-04-17T15:25:00+08:00,0.62,1.56,3.33,14.95,24.240000000000002,63.23956943562287,67,7.07516147626671E-4,Low
SERANGOON,2021-04-17T15:25:00+08:00,0.73,2.24,5.0,14.810000000000002,23.550000000000004,67.49000282318816,67,6.934547337135895E-4,Low
SIMPANG,2021-04-17T15:25:00+08:00,0.62,2.06,4.67,11.75,24.1,64.85046692986533,67,4.2317518840482047E-4,Low
SINGAPORE RIVER,2021-04-17T15:25:00+08:00,0.69,1.9,4.4,14.969999999999999,27.68,93.34670848460821,67,7.09537150879706E-4,Low
SOUTHERN ISLANDS,2021-04-17T15:25:00+08:00,0.79,2.54,6.08,13.580000000000002,29.26,88.04671794047074,67,5.763294250945962E-4,Low
STRAITS VIEW,2021-04-17T15:25:00+08:00,0.79,2.99,8.43,17.68,31.689999999999998,86.61196730988492,67,0.0010118772446314772,Low
SUNGEI KADUT,2021-04-17T15:25:00+08:00,0.61,1.73,3.8799999999999994,10.55,33.290000000000006,91.51818789483853,67,3.3625280894439996E-4,Low
TAMPINES,2021-04-17T15:25:00+08:00,3.84,12.82,21.12,28.97,35.81,65.5084066716663,67,0.0028987848163185555,Low
TANGLIN,2021-04-17T15:25:00+08:00,1.1,2.68,3.93,9.370000000000001,24.740000000000002,116.31416056524928,67,2.6104350878609114E-4,Low
TENGAH,2021-04-17T15:25:00+08:00,0.39,1.75,6.44,20.09,44.25,100.23137291549176,67,0.0013288736804483656,Low
TOA PAYOH,2021-04-17T15:25:00+08:00,0.72,2.2199999999999998,5.609999999999999,14.760000000000002,23.330000000000002,80.9102682444846,67,6.884690858923733E-4,Low
TUAS,2021-04-17T15:25:00+08:00,0.63,2.56,6.6000000000000005,20.92,76.14,96.13074869999913,67,0.0014486736934653825,Low
WESTERN ISLANDS,2021-04-17T15:25:00+08:00,0.74,2.5,6.64,16.9,53.66,96.15072118745955,67,9.190296085304725E-4,Low
WESTERN WATER CATCHMENT,2021-04-17T15:25:00+08:00,0.28,1.24,4.590000000000001,24.749999999999993,57.85000000000001,105.04705004550165,67,0.0020729601406989932,Low
WOODLANDS,2021-04-17T15:25:00+08:00,0.6,1.6600000000000001,4.25,11.29,34.580000000000005,50.216163781413336,67,3.886010881765062E-4,Low
YISHUN,2021-04-17T15:25:00+08:00,0.41,1.63,3.69,8.5,17.7,54.372275831286544,67,2.120190452478806E-4,Low
ANG MO KIO,2021-04-17T15:30:00+08:00,0.66,2.31,4.37,10.97,20.059999999999995,66.82902719765039,67,3.654704422985375E-4,Low
BEDOK,2021-04-17T15:30:00+08:00,1.67,6.31,17.009999999999998,23.769999999999996,31.769999999999996,79.36245287163197,67,0.00190196559584201,Low
BISHAN,2021-04-17T15:30:00+08:00,0.8,2.3200000000000003,4.54,11.66,20.990000000000002,76.40947068170274,67,4.1628750718610984E-4,Low
BOON LAY,2021-04-17T15:30:00+08:00,0.75,2.14,4.27,14.639999999999999,60.96,93.50590726883095,67,6.765813810405551E-4,Low
BUKIT BATOK,2021-04-17T15:30:00+08:00,0.53,1.95,5.63,14.819999999999999,31.999999999999996,106.4200927082778,67,6.944541541604245E-4,Low
BUKIT MERAH,2021-04-17T15:30:00+08:00,0.77,2.06,4.220000000000001,9.76,23.39,88.4125048601256,67,2.847841969121534E-4,Low
BUKIT PANJANG,2021-04-17T15:30:00+08:00,0.64,2.14,5.48,13.39,31.17,97.10309715311477,67,5.592590940029542E-4,Low
BUKIT TIMAH,2021-04-17T15:30:00+08:00,0.82,2.53,5.72,11.420000000000002,29.89,107.51909274155038,67,3.9821347708909297E-4,Low
CENTRAL WATER CATCHMENT,2021-04-17T15:30:00+08:00,0.64,2.0700000000000003,4.09,8.59,19.17,91.84400113520309,67,2.168399441285286E-4,Low
CHANGI,2021-04-17T15:30:00+08:00,2.51,8.42,13.59,25.29,44.84,70.52606597853054,67,0.002170512182235097,Low
CHANGI BAY,2021-04-17T15:30:00+08:00,1.25,4.16,8.81,17.28,30.05,70.92920277794566,67,9.636713253041747E-4,Low
CHOA CHU KANG,2021-04-17T15:30:00+08:00,0.51,1.6700000000000002,4.76,14.5,32.400000000000006,91.8960894615914,67,6.628511768501371E-4,Low
CLEMENTI,2021-04-17T15:30:00+08:00,0.93,2.85,9.51,15.11,47.019999999999996,120.09252960863668,67,7.237698548634445E-4,Low
DOWNTOWN CORE,2021-04-17T15:30:00+08:00,0.78,2.29,6.14,17.69,30.490000000000002,89.4461642082266,67,0.0010130983839860992,Low
GEYLANG,2021-04-17T15:30:00+08:00,0.82,2.2199999999999998,8.58,24.11,32.67999999999999,85.63306179492737,67,0.0019604088403981845,Low
HOUGANG,2021-04-17T15:30:00+08:00,0.5,1.9500000000000002,4.07,14.0,22.570000000000004,53.38886936337428,67,6.150321116827845E-4,Low
JURONG EAST,2021-04-17T15:30:00+08:00,0.71,2.55,7.47,16.380000000000003,45.08,114.11166275077565,67,8.597571917269986E-4,Low
JURONG WEST,2021-04-17T15:30:00+08:00,0.58,1.29,5.4799999999999995,21.25,71.31,110.65457431920248,67,0.0014978284907675942,Low
KALLANG,2021-04-17T15:30:00+08:00,0.77,2.15,5.540000000000001,19.25,29.770000000000003,86.49483825666509,67,0.0012131916032593853,Low
LIM CHU KANG,2021-04-17T15:30:00+08:00,0.54,1.52,3.3899999999999997,10.569999999999999,36.53,87.49789238129331,67,3.3761483161917123E-4,Low
MANDAI,2021-04-17T15:30:00+08:00,0.53,1.74,3.7699999999999996,9.01,22.4,54.003425888394524,67,2.4010074555010633E-4,Low
MARINA EAST,2021-04-17T15:30:00+08:00,0.69,2.42,8.469999999999999,20.4,33.63,86.83243992845549,67,0.0013729777550380456,Low
MARINA SOUTH,2021-04-17T15:30:00+08:00,0.65,2.69,9.930000000000001,19.21,34.32,81.8218077448863,67,0.0012078220046665836,Low
MARINE PARADE,2021-04-17T15:30:00+08:00,0.77,2.31,9.969999999999999,24.759999999999998,33.739999999999995,91.59268359872863,67,0.002074745122576644,Low
MUSEUM,2021-04-17T15:30:00+08:00,0.82,1.9100000000000001,3.9399999999999995,18.270000000000003,29.630000000000003,92.8678941033496,67,0.0010852622097961985,Low
NEWTON,2021-04-17T15:30:00+08:00,0.94,2.26,3.86,15.270000000000001,24.529999999999998,88.71990415108498,67,7.40219568963691E-4,Low
NORTH-EASTERN ISLANDS,2021-04-17T15:30:00+08:00,1.34,4.53,9.4,19.22,33.519999999999996,72.44652543518221,67,0.0012091632211619111,Low
NOVENA,2021-04-17T15:30:00+08:00,0.87,2.41,4.66,13.170000000000002,24.369999999999997,90.18338619582943,67,5.398334537686174E-4,Low
ORCHARD,2021-04-17T15:30:00+08:00,0.96,2.11,3.7300000000000004,13.82,24.06,92.60564368475515,67,5.982817593329351E-4,Low
OUTRAM,2021-04-17T15:30:00+08:00,0.84,2.26,5.16,14.739999999999998,27.779999999999998,92.68358695562794,67,6.864801709359496E-4,Low
PASIR RIS,2021-04-17T15:30:00+08:00,1.11,4.78,13.26,26.33,36.85,60.5002477492073,67,0.002365082594448998,Low
PAYA LEBAR,2021-04-17T15:30:00+08:00,0.94,3.4499999999999997,8.209999999999999,18.759999999999998,29.44,70.38018674101465,67,0.0011482827984648013,Low
PIONEER,2021-04-17T15:30:00+08:00,0.61,1.85,6.12,21.89,70.99000000000001,102.86177065571066,67,0.0015956379265081651,Low
PUNGGOL,2021-04-17T15:30:00+08:00,0.2,0.81,3.0100000000000002,14.61,24.61,96.25069102642603,67,6.736266177424785E-4,Low
QUEENSTOWN,2021-04-17T15:30:00+08:00,0.97,3.88,6.4799999999999995,9.7,30.740000000000002,116.21122974659978,67,2.810602953273066E-4,Low
RIVER VALLEY,2021-04-17T15:30:00+08:00,0.97,1.89,3.4400000000000004,13.61,23.67,92.85929456331714,67,5.790496538635767E-4,Low
ROCHOR,2021-04-17T15:30:00+08:00,0.81,2.13,4.800000000000001,17.869999999999997,29.220000000000002,89.80812216774623,67,0.0010352124665176337,Low
SELETAR,2021-04-17T15:30:00+08:00,0.54,1.77,3.8699999999999997,13.36,25.34,71.2741905283238,67,5.565886721836031E-4,Low
SEMBAWANG,2021-04-17T15:30:00+08:00,0.6,1.9700000000000002,4.329999999999999,10.83,26.89,64.01440762654083,67,3.5558754276900263E-4,Low
SENGKANG,2021-04-17T15:30:00+08:00,0.61,1.69,3.1799999999999997,13.27,24.57,63.69754991420256,67,5.486181014750195E-4,Low
SERANGOON,2021-04-17T15:30:00+08:00,0.71,2.1799999999999997,4.71,14.040000000000001,23.57,68.03776582471711,67,6.187877621199898E-4,Low
SIMPANG,2021-04-17T15:30:00+08:00,0.58,1.9,4.300000000000001,11.16,23.839999999999996,65.27457502493075,67,3.791133391098767E-4,Low
SINGAPORE RIVER,2021-04-17T15:30:00+08:00,0.88,2.11,4.33,14.77,26.81,94.00231540165977,67,6.894646884194163E-4,Low
SOUTHERN ISLANDS,2021-04-17T15:30:00+08:00,0.79,2.37,5.62,13.38,28.049999999999997,88.62506533050849,67,5.583681995245135E-4,Low
STRAITS VIEW,2021-04-17T15:30:00+08:00,0.76,2.5,7.48,17.41,31.15,87.16376364978373,67,9.792014369727638E-4,Low
SUNGEI KADUT,2021-04-17T15:30:00+08:00,0.52,1.6800000000000002,3.4799999999999995,10.1,30.340000000000003,91.81819033240747,67,3.063789536116449E-4,Low
TAMPINES,2021-04-17T15:30:00+08:00,1.68,10.02,20.22,30.080000000000002,37.2,67.03093316702186,67,0.003140333010055597,Moderate
TANGLIN,2021-04-17T15:30:00+08:00,0.96,2.85,4.41,8.469999999999999,24.380000000000003,116.99455677949716,67,2.1042487172831455E-4,Low
TENGAH,2021-04-17T15:30:00+08:00,0.4,1.2000000000000002,4.69,19.17,38.41,100.39043001411062,67,0.0012024650250550908,Low
TOA PAYOH,2021-04-17T15:30:00+08:00,0.82,2.3,5.08,14.580000000000002,23.380000000000003,81.53577071127421,67,6.706787160461174E-4,Low
TUAS,2021-04-17T15:30:00+08:00,0.44,1.9,5.44,19.24,73.76,96.33966315432623,67,0.0012118480204090136,Low
WESTERN ISLANDS,2021-04-17T15:30:00+08:00,0.66,2.16,5.640000000000001,15.96,50.29,96.57958763058082,67,8.134104588831287E-4,Low
WESTERN WATER CATCHMENT,2021-04-17T15:30:00+08:00,0.58,1.2999999999999998,3.96,21.229999999999997,54.290000000000006,105.37453089622457,67,0.0014948246846455315,Low
WOODLANDS,2021-04-17T15:30:00+08:00,0.6,1.6600000000000001,3.68,11.239999999999998,34.620000000000005,50.69545079658846,67,3.8493721386960683E-4,Low
YISHUN,2021-04-17T15:30:00+08:00,0.41,1.43,3.47,7.34,18.049999999999997,54.651572105372985,67,1.5500447807674414E-4,Low
ANG MO KIO,2021-04-17T15:35:00+08:00,0.56,2.0,4.1899999999999995,10.260000000000002,19.93,67.22837909675032,67,3.16831700179815E-4,Low
BEDOK,2021-04-17T15:35:00+08:00,1.16,5.21,15.4,24.4,32.31999999999999,80.33167608089862,67,0.0020109971267122883,Low
BISHAN,2021-04-17T15:35:00+08:00,0.9,2.47,4.61,11.469999999999999,20.94,77.12579246775103,67,4.0194377731215977E-4,Low
BOON LAY,2021-04-17T15:35:00+08:00,0.31,1.82,3.9200000000000004,12.399999999999999,54.129999999999995,93.59113149316016,67,4.747061475927433E-4,Low
BUKIT BATOK,2021-04-17T15:35:00+08:00,0.26,1.3,4.140000000000001,14.29,28.389999999999997,106.4242729468943,67,6.425357264362558E-4,Low
BUKIT MERAH,2021-04-17T15:35:00+08:00,0.7,2.13,4.19,9.64,22.369999999999997,88.89997294701557,67,2.77362421434892E-4,Low
BUKIT PANJANG,2021-04-17T15:35:00+08:00,0.51,1.8499999999999999,4.619999999999999,12.94,28.659999999999997,97.37967421096978,67,5.199141659041499E-4,Low
BUKIT TIMAH,2021-04-17T15:35:00+08:00,0.86,2.56,5.53,11.450000000000001,27.65,108.12063113012599,67,4.0044944070311554E-4,Low
CENTRAL WATER CATCHMENT,2021-04-17T15:35:00+08:00,0.5,1.92,3.82,8.09,18.36,92.12322036103743,67,1.9078419830562452E-4,Low
CHANGI,2021-04-17T15:35:00+08:00,2.53,8.049999999999999,14.78,25.769999999999996,46.660000000000004,72.88653068767712,67,0.0022592175740806324,Low
CHANGI BAY,2021-04-17T15:35:00+08:00,1.17,3.86,8.56,17.37,30.17,71.92869839979673,67,9.744089192915051E-4,Low
CHOA CHU KANG,2021-04-17T15:35:00+08:00,0.43,1.46,3.8000000000000003,13.84,29.869999999999997,92.1051834740108,67,6.001307897600982E-4,Low
CLEMENTI,2021-04-17T15:35:00+08:00,0.39,2.47,7.8,15.009999999999998,40.94,120.19384312578762,67,7.135883349404115E-4,Low
DOWNTOWN CORE,2021-04-17T15:35:00+08:00,0.79,2.3,5.28,17.099999999999998,30.18,90.02114751540016,67,9.423852920641574E-4,Low
GEYLANG,2021-04-17T15:35:00+08:00,0.64,2.15,5.39,23.56,32.849999999999994,86.06721129360363,67,0.0018663352766251872,Low
HOUGANG,2021-04-17T15:35:00+08:00,0.77,1.92,3.8600000000000003,13.7,21.380000000000003,54.03052961593098,67,5.872511472036884E-4,Low
JURONG EAST,2021-04-17T15:35:00+08:00,0.44,2.08,6.08,15.780000000000001,40.010000000000005,114.27735347709364,67,7.939641375785285E-4,Low
JURONG WEST,2021-04-17T15:35:00+08:00,0.57,1.43,4.2,18.72,63.95,110.95857542671955,67,0.0011430675626756838,Low
KALLANG,2021-04-17T15:35:00+08:00,0.82,2.25,4.84,19.02,29.730000000000004,87.1069161592433,67,0.0011824886852382778,Low
LIM CHU KANG,2021-04-17T15:35:00+08:00,0.5,1.55,3.14,9.809999999999999,34.79,87.7875590750454,67,2.879073457494717E-4,Low
MANDAI,2021-04-17T15:35:00+08:00,0.52,1.61,3.5000000000000004,8.66,22.200000000000003,54.39360882872956,67,2.2062937093953028E-4,Low
MARINA EAST,2021-04-17T15:35:00+08:00,0.68,2.12,6.33,20.1,33.550000000000004,87.30370628147647,67,0.0013302844912898026,Low
MARINA SOUTH,2021-04-17T15:35:00+08:00,0.64,2.08,7.24,18.96,34.39,82.26511899184563,67,0.001174547786544267,Low
MARINE PARADE,2021-04-17T15:35:00+08:00,0.59,2.11,7.029999999999999,24.369999999999997,33.65,91.96250695852467,67,0.0020057322494874516,Low
MUSEUM,2021-04-17T15:35:00+08:00,0.94,2.3899999999999997,4.15,16.61,29.39,93.58465202654712,67,8.857154099580506E-4,Low
NEWTON,2021-04-17T15:35:00+08:00,0.84,2.53,4.08,13.590000000000002,24.549999999999997,89.34663329092783,67,5.772354125921054E-4,Low
NORTH-EASTERN ISLANDS,2021-04-17T15:35:00+08:00,1.25,4.17,9.17,19.189999999999998,33.769999999999996,73.5223736149926,67,0.0012051419376856614,Low
NOVENA,2021-04-17T15:35:00+08:00,0.92,2.58,4.74,12.77,23.919999999999998,90.8865973193095,67,5.054464899815921E-4,Low
ORCHARD,2021-04-17T15:35:00+08:00,0.83,2.4899999999999998,3.94,12.27,23.959999999999997,93.21303202311019,67,4.641483155309487E-4,Low
OUTRAM,2021-04-17T15:35:00+08:00,0.81,2.38,4.83,14.11,27.200000000000003,93.27078792871718,67,6.253893572828958E-4,Low
PASIR RIS,2021-04-17T15:35:00+08:00,1.02,3.66,11.059999999999999,26.0,37.160000000000004,61.37481319311015,67,0.0023023879785338706,Low
PAYA LEBAR,2021-04-17T15:35:00+08:00,0.86,2.9899999999999998,7.38,18.47,29.42,71.07100212446326,67,0.0011107572186454648,Low
PIONEER,2021-04-17T15:35:00+08:00,0.58,1.7999999999999998,4.4399999999999995,19.15,63.96000000000001,103.19450462769879,67,0.001199791266379303,Low
PUNGGOL,2021-04-17T15:35:00+08:00,0.4,1.0,2.61,13.41,25.01,96.41931715533877,67,5.610431449369432E-4,Low
QUEENSTOWN,2021-04-17T15:35:00+08:00,0.51,3.0,6.349999999999999,9.7,28.990000000000002,116.44187339285789,67,2.810602953273066E-4,Low
RIVER VALLEY,2021-04-17T15:35:00+08:00,0.82,2.42,3.6299999999999994,11.849999999999998,23.71,93.45607315866614,67,4.3089859902167935E-4,Low
ROCHOR,2021-04-17T15:35:00+08:00,0.86,2.35,4.57,17.04,29.02,90.45223537608338,67,9.353459492930813E-4,Low
SELETAR,2021-04-17T15:35:00+08:00,0.54,1.65,3.7199999999999998,12.4,25.439999999999998,71.64285684546618,67,4.747061475927437E-4,Low
SEMBAWANG,2021-04-17T15:35:00+08:00,0.59,1.8199999999999998,4.01,10.36,26.589999999999996,64.45052549707286,67,3.23459327240814E-4,Low
SENGKANG,2021-04-17T15:35:00+08:00,0.44,1.67,3.0999999999999996,12.81,24.919999999999998,63.98442946856985,67,5.088311512450891E-4,Low
SERANGOON,2021-04-17T15:35:00+08:00,0.73,2.17,4.47,13.570000000000002,23.57,68.60421207677913,67,5.754241929276869E-4,Low
SIMPANG,2021-04-17T15:35:00+08:00,0.57,1.77,3.98,10.66,23.65,65.68766362049266,67,3.437801381290284E-4,Low
SINGAPORE RIVER,2021-04-17T15:35:00+08:00,0.85,2.42,4.35,13.69,26.409999999999997,94.62634632680216,67,5.863368463833312E-4,Low
SOUTHERN ISLANDS,2021-04-17T15:35:00+08:00,0.73,2.31,5.120000000000001,13.09,27.089999999999996,89.14202245027347,67,5.328599095157263E-4,Low
STRAITS VIEW,2021-04-17T15:35:00+08:00,0.73,2.2800000000000002,6.039999999999999,17.03,30.82,87.68423354460613,67,9.34175446163316E-4,Low
SUNGEI KADUT,2021-04-17T15:35:00+08:00,0.66,1.79,3.5100000000000002,9.77,29.130000000000003,92.2574716039819,67,2.854073791321777E-4,Low
TAMPINES,2021-04-17T15:35:00+08:00,1.32,6.84,19.64,30.990000000000002,37.59,68.1897997110014,67,0.003345973037457231,Moderate
TANGLIN,2021-04-17T15:35:00+08:00,1.11,3.17,5.21,8.76,23.550000000000004,117.8233174116595,67,2.2610338790063854E-4,Low
TENGAH,2021-04-17T15:35:00+08:00,0.41,1.2,3.6700000000000004,17.810000000000002,34.27,100.55910476060048,67,0.0010278129763945292,Low
TOA PAYOH,2021-04-17T15:35:00+08:00,0.94,2.48,4.81,14.46,23.549999999999997,82.27976955325269,67,6.589556894496626E-4,Low
TUAS,2021-04-17T15:35:00+08:00,0.77,1.84,5.15,17.119999999999997,71.48000000000002,96.87807540606644,67,9.447379596684328E-4,Low
WESTERN ISLANDS,2021-04-17T15:35:00+08:00,0.61,2.01,4.94,14.780000000000001,46.73,96.95742313576214,67,6.904610543996556E-4,Low
WESTERN WATER CATCHMENT,2021-04-17T15:35:00+08:00,0.57,1.43,3.2600000000000002,17.97,51.480000000000004,105.69122452649918,67,0.0010476074996195854,Low
WOODLANDS,2021-04-17T15:35:00+08:00,0.6,1.7999999999999998,3.48,10.33,34.730000000000004,51.173585669468494,67,3.214633859737075E-4,Low
YISHUN,2021-04-17T15:35:00+08:00,0.41,1.23,3.0700000000000003,6.930000000000001,18.4,54.930196988330415,67,1.3710510182690693E-4,Low
ANG MO KIO,2021-04-17T15:40:00+08:00,0.61,1.83,4.16,9.82,19.949999999999996,67.67677100695212,67,2.88534147324555E-4,Low
BEDOK,2021-04-17T15:40:00+08:00,0.74,3.5700000000000003,11.299999999999999,24.270000000000003,32.37,80.87856940636406,67,0.0019882353485673196,Low
BISHAN,2021-04-17T15:40:00+08:00,1.33,3.0300000000000002,5.300000000000001,11.530000000000001,21.470000000000002,78.27039231141308,67,4.064445266796267E-4,Low
BOON LAY,2021-04-17T15:40:00+08:00,0.65,1.71,3.73,10.1,48.83,94.01615084977898,67,3.063789536116449E-4,Low
BUKIT BATOK,2021-04-17T15:40:00+08:00,0.41,1.2,3.5300000000000002,13.95,26.24,106.57844313677263,67,6.103546093280357E-4,Low
BUKIT MERAH,2021-04-17T15:40:00+08:00,0.67,2.14,4.13,9.350000000000001,21.689999999999998,89.35626922540119,67,2.598555961090043E-4,Low
BUKIT PANJANG,2021-04-17T15:40:00+08:00,0.58,1.73,4.17,12.489999999999998,26.939999999999998,97.72558641433025,67,4.820893138717157E-4,Low
BUKIT TIMAH,2021-04-17T15:40:00+08:00,0.79,2.4699999999999998,5.28,11.330000000000002,25.830000000000002,108.65072350035005,67,3.9154546237694807E-4,Low
CENTRAL WATER CATCHMENT,2021-04-17T15:40:00+08:00,0.4,1.54,3.54,7.57,17.59,92.30176838095653,67,1.655578447211661E-4,Low
CHANGI,2021-04-17T15:40:00+08:00,0.99,6.029999999999999,14.149999999999999,24.6,46.94,73.70132115333001,67,0.0020462828418086445,Low
CHANGI BAY,2021-04-17T15:40:00+08:00,0.76,3.1799999999999997,7.799999999999999,16.880000000000003,29.99,72.51579136698946,67,9.167111294816875E-4,Low
CHOA CHU KANG,2021-04-17T15:40:00+08:00,0.56,1.5,3.4400000000000004,13.12,28.33,92.4437748522095,67,5.354693482482931E-4,Low
CLEMENTI,2021-04-17T15:40:00+08:00,0.42,1.74,5.6,14.879999999999999,36.07,120.32491309870623,67,7.004667184993319E-4,Low
DOWNTOWN CORE,2021-04-17T15:40:00+08:00,0.74,2.31,4.79,15.929999999999998,30.03,90.54474863910912,67,8.101520688143367E-4,Low
GEYLANG,2021-04-17T15:40:00+08:00,0.69,2.15,4.32,22.950000000000003,33.01,86.55031715457643,67,0.0017648563372165923,Low
HOUGANG,2021-04-17T15:40:00+08:00,0.8,2.0700000000000003,4.07,12.649999999999999,21.660000000000004,54.70064740250666,67,4.953644279134066E-4,Low
JURONG EAST,2021-04-17T15:40:00+08:00,0.53,1.68,4.920000000000001,15.18,35.910000000000004,114.53264590492316,67,7.309424713255668E-4,Low
JURONG WEST,2021-04-17T15:40:00+08:00,0.96,2.11,3.8,16.27,57.89,111.65184575597091,67,8.474870686373658E-4,Low
KALLANG,2021-04-17T15:40:00+08:00,0.84,2.4299999999999997,4.56,17.95,29.92,87.73752270787885,67,0.00104512223604816,Low
LIM CHU KANG,2021-04-17T15:40:00+08:00,0.75,1.79,3.3499999999999996,9.09,33.550000000000004,88.32652944855765,67,2.4467433133784324E-4,Low
MANDAI,2021-04-17T15:40:00+08:00,0.47,1.52,3.3200000000000003,8.209999999999999,22.090000000000003,54.732853821124955,67,1.9687610658299426E-4,Low
MARINA EAST,2021-04-17T15:40:00+08:00,0.62,1.9900000000000002,5.05,19.259999999999998,33.5,87.71383977280836,67,0.00121453597499332,Low
MARINA SOUTH,2021-04-17T15:40:00+08:00,0.49,1.78,5.57,18.28,34.21,82.55736457747605,67,0.0010865295095981626,Low
MARINE PARADE,2021-04-17T15:40:00+08:00,0.64,2.0,4.9399999999999995,23.78,33.74,92.38144131210723,67,0.0019036711679603865,Low
MUSEUM,2021-04-17T15:40:00+08:00,0.8,2.5599999999999996,4.28,14.04,29.35,94.15968695894266,67,6.187877621199892E-4,Low
NEWTON,2021-04-17T15:40:00+08:00,0.74,2.5199999999999996,4.37,10.9,24.479999999999997,89.87185585720052,67,3.6051100613333136E-4,Low
NORTH-EASTERN ISLANDS,2021-04-17T15:40:00+08:00,0.8,3.3899999999999997,8.360000000000001,18.520000000000003,33.650000000000006,74.14563559874134,67,0.0011171800141637626,Low
NOVENA,2021-04-17T15:40:00+08:00,1.13,2.92,5.19,12.129999999999999,23.909999999999997,91.79811801669396,67,4.5291924282060393E-4,Low
ORCHARD,2021-04-17T15:40:00+08:00,0.78,2.5700000000000003,4.24,10.72,23.869999999999997,93.76896028061178,67,3.4792327861500784E-4,Low
OUTRAM,2021-04-17T15:40:00+08:00,0.77,2.42,4.66,13.139999999999999,26.86,93.81657734869651,67,5.372127339434794E-4,Low
PASIR RIS,2021-04-17T15:40:00+08:00,0.71,2.84,8.580000000000002,25.229999999999997,37.370000000000005,61.937276297901285,67,0.002159555953134309,Low
PAYA LEBAR,2021-04-17T15:40:00+08:00,0.76,2.5599999999999996,6.5200000000000005,17.78,29.45,71.66015687952812,67,0.0010241237819916377,Low
PIONEER,2021-04-17T15:40:00+08:00,0.91,2.1,4.18,17.65,58.00999999999999,103.85643875143316,67,0.0010082185110030623,Low
PUNGGOL,2021-04-17T15:40:00+08:00,0.4,1.0,2.41,13.4,25.21,96.58753792944528,67,5.601507424497061E-4,Low
QUEENSTOWN,2021-04-17T15:40:00+08:00,0.46,1.94,5.9399999999999995,9.62,27.29,116.62196260243914,67,2.7613557706532223E-4,Low
RIVER VALLEY,2021-04-17T15:40:00+08:00,0.8,2.59,3.9699999999999998,10.879999999999999,23.790000000000003,94.03141717757404,67,3.5910063294172724E-4,Low
ROCHOR,2021-04-17T15:40:00+08:00,0.82,2.4899999999999998,4.5200000000000005,15.41,29.03,91.05480022185976,67,7.547740605479008E-4,Low
SELETAR,2021-04-17T15:40:00+08:00,0.59,1.67,3.61,10.47,25.499999999999996,72.06063693777187,67,3.308339514205994E-4,Low
SEMBAWANG,2021-04-17T15:40:00+08:00,0.54,1.73,3.79,9.74,26.4,64.83559499819705,67,2.8354000311092876E-4,Low
SENGKANG,2021-04-17T15:40:00+08:00,0.61,1.6600000000000001,3.2199999999999998,12.57,25.279999999999998,64.44061940261004,67,4.88702939303039E-4,Low
SERANGOON,2021-04-17T15:40:00+08:00,0.92,2.36,4.6000000000000005,12.900000000000002,23.89,69.35929666732262,67,5.164905032248975E-4,Low
SIMPANG,2021-04-17T15:40:00+08:00,0.53,1.68,3.74,9.9,23.47,66.05975920596354,67,2.93574637911711E-4,Low
SINGAPORE RIVER,2021-04-17T15:40:00+08:00,0.79,2.52,4.42,12.370000000000001,26.2,95.18887716452402,67,4.7225853282934806E-4,Low
SOUTHERN ISLANDS,2021-04-17T15:40:00+08:00,0.7,2.2199999999999998,4.760000000000001,12.549999999999999,26.34,89.62773687381768,67,4.87045047308876E-4,Low
STRAITS VIEW,2021-04-17T15:40:00+08:00,0.66,2.15,5.140000000000001,16.25,30.53,88.13345229896329,67,8.452661857476112E-4,Low
SUNGEI KADUT,2021-04-17T15:40:00+08:00,0.64,1.8200000000000003,3.5500000000000003,9.11,28.46,92.67569690175274,67,2.458248939486968E-4,Low
TAMPINES,2021-04-17T15:40:00+08:00,0.84,3.84,16.66,30.78,37.36,68.8658804938036,67,0.003297907588620777,Moderate
TANGLIN,2021-04-17T15:40:00+08:00,0.97,3.04,5.72,8.85,21.88,118.51008581339084,67,2.3109098965527175E-4,Low
TENGAH,2021-04-17T15:40:00+08:00,0.72,1.53,3.2800000000000002,16.64,31.910000000000004,101.03737403541388,67,8.89131465882622E-4,Low
TOA PAYOH,2021-04-17T15:40:00+08:00,1.43,3.1899999999999995,5.409999999999999,14.45,24.28,83.51197992088034,67,6.579837212725839E-4,Low
TUAS,2021-04-17T15:40:00+08:00,0.52,1.73,4.29,15.23,67.52000000000001,97.16519338629963,67,7.360887505002964E-4,Low
WESTERN ISLANDS,2021-04-17T15:40:00+08:00,0.69,1.96,4.46,13.780000000000001,43.44,97.41435037459716,67,5.945927822139827E-4,Low
WESTERN WATER CATCHMENT,2021-04-17T15:40:00+08:00,1.24,2.3899999999999997,3.63,17.259999999999998,49.93,106.67715686737002,67,9.612937591301418E-4,Low
WOODLANDS,2021-04-17T15:40:00+08:00,0.43,1.63,3.2900000000000005,8.91,34.53,51.48057116965042,67,2.3444819590632084E-4,Low
YISHUN,2021-04-17T15:40:00+08:00,0.23,1.05,2.68,6.5,18.39,55.028152094093905,67,1.1958114245488031E-4,Low
ANG MO KIO,2021-04-17T15:45:00+08:00,0.73,1.9,4.21,8.57,20.259999999999998,68.24408504258575,67,2.1576365572318213E-4,Low
BEDOK,2021-04-17T15:45:00+08:00,0.54,2.44,8.75,23.93,32.14,81.22414807294828,67,0.0019293517905156494,Low
BISHAN,2021-04-17T15:45:00+08:00,1.09,3.3200000000000003,5.640000000000001,11.18,21.900000000000002,79.17224068914953,67,3.8056488766911547E-4,Low
BOON LAY,2021-04-17T15:45:00+08:00,0.54,1.5,3.64,9.08,43.94,94.3301485163426,67,2.4410012532225195E-4,Low
BUKIT BATOK,2021-04-17T15:45:00+08:00,0.56,1.23,3.18,13.399999999999999,24.69,106.8822427220012,67,5.601507424497061E-4,Low
BUKIT MERAH,2021-04-17T15:45:00+08:00,0.66,2.0300000000000002,4.09,8.98,21.16,89.80146862816787,67,2.383974675697761E-4,Low
BUKIT PANJANG,2021-04-17T15:45:00+08:00,0.66,1.75,3.8900000000000006,11.989999999999998,25.66,98.1506670907199,67,4.418360771044615E-4,Low
BUKIT TIMAH,2021-04-17T15:45:00+08:00,0.62,2.27,4.8,11.010000000000002,24.269999999999996,109.0095415989567,67,3.683205684649729E-4,Low
CENTRAL WATER CATCHMENT,2021-04-17T15:45:00+08:00,0.65,1.55,3.62,7.609999999999999,17.03,92.72988719516185,67,1.6743095100466867E-4,Low
CHANGI,2021-04-17T15:45:00+08:00,0.76,4.279999999999999,12.7,23.45,46.730000000000004,74.28415297097578,67,0.0018478139460513388,Low
CHANGI BAY,2021-04-17T15:45:00+08:00,0.64,2.57,6.7299999999999995,16.15,29.65,72.9814730407041,67,8.342081221130945E-4,Low
CHOA CHU KANG,2021-04-17T15:45:00+08:00,0.65,1.6400000000000001,3.31,12.29,27.21,92.87155230172827,67,4.6576439222963876E-4,Low
CLEMENTI,2021-04-17T15:45:00+08:00,0.56,1.37,4.220000000000001,14.97,32.38,120.595667996827,67,7.09537150879706E-4,Low
DOWNTOWN CORE,2021-04-17T15:45:00+08:00,0.8,2.33,4.62,14.43,29.84,91.12709109529469,67,6.560420688579856E-4,Low
GEYLANG,2021-04-17T15:45:00+08:00,0.68,2.0100000000000002,4.2299999999999995,22.310000000000002,33.09,87.02226169325631,67,0.0016616075301533932,Low
HOUGANG,2021-04-17T15:45:00+08:00,0.8,2.37,4.32,11.94,22.120000000000005,55.36915431497109,67,4.3791312205327277E-4,Low
JURONG EAST,2021-04-17T15:45:00+08:00,0.67,1.6400000000000001,4.1899999999999995,14.71,32.82,114.92732464368035,67,6.83502522762051E-4,Low
JURONG WEST,2021-04-17T15:45:00+08:00,1.41,2.9399999999999995,4.2299999999999995,13.969999999999999,54.4,112.79344955547502,67,6.122233359949184E-4,Low
KALLANG,2021-04-17T15:45:00+08:00,0.85,2.51,4.659999999999999,15.879999999999999,30.189999999999998,88.37661336216875,67,8.04736832985392E-4,Low
LIM CHU KANG,2021-04-17T15:45:00+08:00,0.68,1.9300000000000002,3.45,8.39,31.6,88.79420420891232,67,2.0620498103634036E-4,Low
MANDAI,2021-04-17T15:45:00+08:00,0.57,1.56,3.2999999999999994,7.92,22.040000000000003,55.17128331363873,67,1.8232793756781188E-4,Low
MARINA EAST,2021-04-17T15:45:00+08:00,0.77,2.0700000000000003,4.49,17.83,33.09,88.27298735772709,67,0.0010302763466232476,Low
MARINA SOUTH,2021-04-17T15:45:00+08:00,0.79,1.92,4.61,17.46,33.269999999999996,83.14890764355329,67,9.852096187526178E-4,Low
MARINE PARADE,2021-04-17T15:45:00+08:00,0.6,1.83,4.14,22.689999999999998,33.7,92.75936860317329,67,0.0017225143002741203,Low
MUSEUM,2021-04-17T15:45:00+08:00,0.83,2.57,4.48,11.86,29.520000000000003,94.76333958377344,67,4.3167502069356054E-4,Low
NEWTON,2021-04-17T15:45:00+08:00,0.87,2.45,4.71,9.68,24.749999999999996,90.52581585821737,67,2.798247797778643E-4,Low
NORTH-EASTERN ISLANDS,2021-04-17T15:45:00+08:00,0.66,2.71,7.24,17.520000000000003,33.370000000000005,74.62739934350245,67,9.924451634871884E-4,Low
NOVENA,2021-04-17T15:45:00+08:00,0.92,2.9699999999999998,5.38,11.41,23.93,92.49744753944809,67,3.9746963322792454E-4,Low
ORCHARD,2021-04-17T15:45:00+08:00,0.99,2.5999999999999996,4.71,9.72,24.229999999999997,94.5335521604561,67,2.8229870284357235E-4,Low
OUTRAM,2021-04-17T15:45:00+08:00,0.81,2.39,4.65,12.089999999999998,26.64,94.40105476343669,67,4.4973774512297165E-4,Low
PASIR RIS,2021-04-17T15:45:00+08:00,0.72,2.45,7.23,24.24,37.05,62.50838731613063,67,0.001983002081411703,Low
PAYA LEBAR,2021-04-17T15:45:00+08:00,0.72,2.34,5.789999999999999,16.94,29.509999999999998,72.2078953848508,67,9.236758844397627E-4,Low
PIONEER,2021-04-17T15:45:00+08:00,0.7,2.19,4.04,16.29,52.529999999999994,104.30678167349429,67,8.497110426889051E-4,Low
PUNGGOL,2021-04-17T15:45:00+08:00,0.4,1.2000000000000002,2.01,12.990000000000002,25.610000000000003,96.75535432316461,67,5.242106347592645E-4,Low
QUEENSTOWN,2021-04-17T15:45:00+08:00,0.59,1.56,5.4399999999999995,9.669999999999998,25.21,116.93161890149148,67,2.792081062452088E-4,Low
RIVER VALLEY,2021-04-17T15:45:00+08:00,1.11,2.7300000000000004,4.62,9.84,24.39,94.91537814591429,67,2.8978992305939285E-4,Low
ROCHOR,2021-04-17T15:45:00+08:00,0.85,2.53,4.659999999999999,13.48,29.2,91.6859165818179,67,5.673110815326779E-4,Low
SELETAR,2021-04-17T15:45:00+08:00,0.64,1.77,3.54,9.22,25.789999999999996,72.52741274225178,67,2.522042784272416E-4,Low
SEMBAWANG,2021-04-17T15:45:00+08:00,0.65,1.7799999999999998,3.75,9.31,26.259999999999998,65.32973884340998,67,2.5748840392662663E-4,Low
SENGKANG,2021-04-17T15:45:00+08:00,0.78,1.83,3.5199999999999996,12.140000000000002,25.83,65.06571271666897,67,4.537164781072763E-4,Low
SERANGOON,2021-04-17T15:45:00+08:00,0.99,2.6399999999999997,4.819999999999999,11.98,24.380000000000003,70.18256613484881,67,4.410499998055023E-4,Low
SIMPANG,2021-04-17T15:45:00+08:00,0.6,1.7000000000000002,3.6,9.32,23.409999999999997,66.50096032309236,67,2.58079123079832E-4,Low
SINGAPORE RIVER,2021-04-17T15:45:00+08:00,0.88,2.52,4.63,11.129999999999999,26.25,95.8400557528631,67,3.769415390708385E-4,Low
SOUTHERN ISLANDS,2021-04-17T15:45:00+08:00,0.7,2.13,4.5,11.879999999999999,25.61,90.11228370443118,67,4.332300908828661E-4,Low
STRAITS VIEW,2021-04-17T15:45:00+08:00,0.77,2.16,4.66,15.23,30.0,88.6915911911288,67,7.360887505002964E-4,Low
SUNGEI KADUT,2021-04-17T15:45:00+08:00,0.76,2.06,3.74,8.73,27.970000000000002,93.21291684148305,67,2.2445369777388937E-4,Low
TAMPINES,2021-04-17T15:45:00+08:00,0.77,2.93,12.95,29.86,37.62,69.47033606824401,67,0.003091648551653943,Moderate
TANGLIN,2021-04-17T15:45:00+08:00,0.92,3.0,5.85,9.06,21.15,119.1452033151447,67,2.4295386334961707E-4,Low
TENGAH,2021-04-17T15:45:00+08:00,0.78,1.91,3.1100000000000003,15.26,30.61,101.57449361444479,67,7.39185714500579E-4,Low
TOA PAYOH,2021-04-17T15:45:00+08:00,1.16,3.5300000000000002,5.83,13.809999999999999,24.83,84.47122821852476,67,5.973583796912935E-4,Low
TUAS,2021-04-17T15:45:00+08:00,0.67,1.96,3.86,13.7,59.5,97.60162117306163,67,5.872511472036884E-4,Low
WESTERN ISLANDS,2021-04-17T15:45:00+08:00,0.71,2.01,4.17,12.879999999999999,39.64,97.89017922106817,67,5.147831743760218E-4,Low
WESTERN WATER CATCHMENT,2021-04-17T15:45:00+08:00,1.39,3.2,4.499999999999999,15.9,47.16,107.81071915790766,67,8.069006155376675E-4,Low
WOODLANDS,2021-04-17T15:45:00+08:00,0.78,1.81,3.4700000000000006,8.65,34.33,52.13681871748325,67,2.2008588838747043E-4,Low
YISHUN,2021-04-17T15:45:00+08:00,0.41,1.05,2.48,6.450000000000001,18.57,55.305871728799765,67,1.1762595145613038E-4,Low
ANG MO KIO,2021-04-17T15:50:00+08:00,0.6,1.94,3.94,8.149999999999999,20.4,68.68003533066445,67,1.9381743476822947E-4,Low
BEDOK,2021-04-17T15:50:00+08:00,0.6,1.88,7.09,23.349999999999998,31.79,81.62889601433976,67,0.001831061133548286,Low
BISHAN,2021-04-17T15:50:00+08:00,0.7,3.12,5.590000000000001,10.58,21.89,79.68192114322679,67,3.382969397000925E-4,Low
BOON LAY,2021-04-17T15:50:00+08:00,0.73,1.92,3.74,9.03,40.01,94.83339137424096,67,2.4123984397050364E-4,Low
BUKIT BATOK,2021-04-17T15:50:00+08:00,0.81,1.78,3.08,12.33,24.17,107.43531201339685,67,4.690054945149917E-4,Low
BUKIT MERAH,2021-04-17T15:50:00+08:00,0.5,1.83,3.96,8.48,20.560000000000002,90.08559783073001,67,2.109555525975036E-4,Low
BUKIT PANJANG,2021-04-17T15:50:00+08:00,0.71,1.95,3.8,11.2,24.86,98.62472592964978,67,3.820193825244437E-4,Low
BUKIT TIMAH,2021-04-17T15:50:00+08:00,0.55,1.9600000000000002,4.5200000000000005,10.600000000000001,23.119999999999997,109.29749714653533,67,3.396633498017542E-4,Low
CENTRAL WATER CATCHMENT,2021-04-17T15:50:00+08:00,0.61,1.6600000000000001,3.5799999999999996,7.6,16.59,93.1169768686278,67,1.6696162454468634E-4,Low
CHANGI,2021-04-17T15:50:00+08:00,0.71,2.46,10.509999999999998,21.959999999999997,45.900000000000006,74.81558373838072,67,0.0016065346628193929,Low
CHANGI BAY,2021-04-17T15:50:00+08:00,0.57,1.9699999999999998,5.83,15.02,29.1,73.3760352775566,67,7.146030433222734E-4,Low
CHOA CHU KANG,2021-04-17T15:50:00+08:00,0.77,1.98,3.44,11.239999999999998,26.54,93.418301431103,67,3.8493721386960683E-4,Low
CLEMENTI,2021-04-17T15:50:00+08:00,0.54,1.52,3.99,14.7,28.660000000000004,120.84577203615159,67,6.825114995777195E-4,Low
DOWNTOWN CORE,2021-04-17T15:50:00+08:00,0.63,2.17,4.47,12.629999999999999,29.380000000000003,91.53803367759936,67,4.936945664397116E-4,Low
GEYLANG,2021-04-17T15:50:00+08:00,0.68,2.0500000000000003,4.2,19.9,33.03,87.4930717399789,67,0.0013022188754235526,Low
HOUGANG,2021-04-17T15:50:00+08:00,1.06,2.66,4.58,11.510000000000002,22.720000000000002,56.29605422565158,67,4.0494131963059394E-4,Low
JURONG EAST,2021-04-17T15:50:00+08:00,0.77,1.9700000000000002,4.050000000000001,13.780000000000001,30.65,115.4210546271959,67,5.945927822139827E-4,Low
JURONG WEST,2021-04-17T15:50:00+08:00,1.78,4.15,5.58,12.89,53.55,114.30230909114557,67,5.15636463655295E-4,Low
KALLANG,2021-04-17T15:50:00+08:00,0.79,2.48,4.73,13.64,30.37,88.95416772745044,67,5.817766825280034E-4,Low
LIM CHU KANG,2021-04-17T15:50:00+08:00,0.88,2.31,3.86,8.059999999999999,29.250000000000007,89.4607547412894,67,1.8927711054514233E-4,Low
MANDAI,2021-04-17T15:50:00+08:00,0.63,1.67,3.28,7.67,21.990000000000002,55.668658879912606,67,1.702616167781477E-4,Low
MARINA EAST,2021-04-17T15:50:00+08:00,0.61,2.0,4.12,15.790000000000001,32.12,88.67079082615325,67,7.950379418226727E-4,Low
MARINA SOUTH,2021-04-17T15:50:00+08:00,0.61,1.8900000000000001,3.97,16.22,31.380000000000003,83.55902871870605,67,8.419406563042255E-4,Low
MARINE PARADE,2021-04-17T15:50:00+08:00,0.62,1.8599999999999999,3.97,20.25,33.64,93.15638740725197,67,0.0013515418359297344,Low
MUSEUM,2021-04-17T15:50:00+08:00,0.62,2.25,4.64,9.61,29.630000000000003,95.15554110790968,67,2.7552323823551477E-4,Low
NEWTON,2021-04-17T15:50:00+08:00,0.64,2.25,4.779999999999999,8.809999999999999,24.949999999999996,90.94820382629236,67,2.2886713945934384E-4,Low
NORTH-EASTERN ISLANDS,2021-04-17T15:50:00+08:00,0.6,2.06,6.2299999999999995,16.09,32.760000000000005,75.04800499223965,67,8.27610347441008E-4,Low
NOVENA,2021-04-17T15:50:00+08:00,0.68,2.73,5.31,10.66,23.86,92.95509596695895,67,3.437801381290284E-4,Low
ORCHARD,2021-04-17T15:50:00+08:00,0.68,2.45,4.9399999999999995,8.59,24.389999999999997,94.98630606302301,67,2.168399441285286E-4,Low
OUTRAM,2021-04-17T15:50:00+08:00,0.62,2.2,4.58,10.82,26.270000000000003,94.79412717213931,67,3.54887125651707E-4,Low
PASIR RIS,2021-04-17T15:50:00+08:00,0.61,2.04,5.7,21.8,36.50999999999999,62.968125459363456,67,0.0015816855017240158,Low
PAYA LEBAR,2021-04-17T15:50:00+08:00,0.68,2.16,5.1499999999999995,15.44,29.479999999999997,72.71431719959217,67,7.579124468701751E-4,Low
PIONEER,2021-04-17T15:50:00+08:00,1.07,2.6799999999999997,4.48,15.790000000000001,47.809999999999995,105.12604203101397,67,7.950379418226727E-4,Low
PUNGGOL,2021-04-17T15:50:00+08:00,0.6,1.4,2.4,9.21,26.010000000000005,97.12276730857347,67,2.516207455927729E-4,Low
QUEENSTOWN,2021-04-17T15:50:00+08:00,0.56,1.61,4.609999999999999,9.649999999999999,22.720000000000002,117.21053082794913,67,2.779769271722252E-4,Low
RIVER VALLEY,2021-04-17T15:50:00+08:00,0.76,2.67,5.09,8.34,24.67,95.44721418955058,67,2.0359060403599326E-4,Low
ROCHOR,2021-04-17T15:50:00+08:00,0.69,2.36,4.709999999999999,11.46,29.259999999999998,92.15551582191173,67,4.01196239531664E-4,Low
SELETAR,2021-04-17T15:50:00+08:00,0.52,1.75,3.4,7.96,25.799999999999997,72.87306647972459,67,1.8429932430939668E-4,Low
SEMBAWANG,2021-04-17T15:50:00+08:00,0.72,1.91,3.7299999999999995,8.920000000000002,26.13,65.89269483248263,67,2.3501023192667368E-4,Low
SENGKANG,2021-04-17T15:50:00+08:00,0.45,1.84,3.51,9.440000000000001,26.039999999999996,65.35930338946557,67,2.6522387906409705E-4,Low
SERANGOON,2021-04-17T15:50:00+08:00,0.68,2.5900000000000003,4.76,10.6,24.51,70.69385657197411,67,3.396633498017542E-4,Low
SIMPANG,2021-04-17T15:50:00+08:00,0.56,1.69,3.46,8.58,23.269999999999996,66.901100851364,67,2.1630144424034087E-4,Low
SINGAPORE RIVER,2021-04-17T15:50:00+08:00,0.64,2.31,4.7299999999999995,9.69,26.150000000000006,96.24966899440679,67,2.804421761058077E-4,Low
SOUTHERN ISLANDS,2021-04-17T15:50:00+08:00,0.58,1.98,4.29,10.96,24.83,90.47566574885221,67,3.647597478587444E-4,Low
STRAITS VIEW,2021-04-17T15:50:00+08:00,0.61,2.04,4.32,13.82,29.049999999999997,89.08838839156505,67,5.982817593329351E-4,Low
SUNGEI KADUT,2021-04-17T15:50:00+08:00,0.71,2.11,3.9000000000000004,8.21,27.240000000000002,93.69884537586596,67,1.9687610658299462E-4,Low
TAMPINES,2021-04-17T15:50:00+08:00,0.6,2.21,9.049999999999999,28.009999999999998,37.489999999999995,69.90333861180571,67,0.002698082413669375,Low
TANGLIN,2021-04-17T15:50:00+08:00,0.42,2.31,5.4799999999999995,8.8,20.71,119.27879407882105,67,2.283129618441163E-4,Low
TENGAH,2021-04-17T15:50:00+08:00,1.22,2.7199999999999998,3.92,13.52,30.61,102.5503220293821,67,5.709093595573354E-4,Low
TOA PAYOH,2021-04-17T15:50:00+08:00,0.87,3.46,5.94,12.83,25.089999999999996,85.13817061073004,67,5.105279797084076E-4,Low
TUAS,2021-04-17T15:50:00+08:00,0.74,1.93,3.7700000000000005,11.79,51.919999999999995,98.10699984541834,67,4.262556517853202E-4,Low
WESTERN ISLANDS,2021-04-17T15:50:00+08:00,0.79,2.19,4.199999999999999,11.98,36.3,98.44486423822212,67,4.410499998055023E-4,Low
WESTERN WATER CATCHMENT,2021-04-17T15:50:00+08:00,0.72,3.3499999999999996,4.779999999999999,12.8,44.739999999999995,108.27155651533072,67,5.079838615844951E-4,Low
WOODLANDS,2021-04-17T15:50:00+08:00,0.8,2.01,3.8099999999999996,8.440000000000001,34.14,52.811488733415636,67,2.08837089611771E-4,Low
YISHUN,2021-04-17T15:50:00+08:00,0.41,1.05,2.28,6.200000000000001,18.75,55.582923762408186,67,1.0810645938014487E-4,Low
ANG MO KIO,2021-04-17T15:55:00+08:00,0.69,2.02,3.85,8.2,20.549999999999997,69.20493765218127,67,1.9636456055001906E-4,Low
BEDOK,2021-04-17T15:55:00+08:00,0.46,1.6,5.17,22.24,31.37,81.8926709954645,67,0.0016505143508713741,Low
BISHAN,2021-04-17T15:55:00+08:00,0.53,2.3200000000000003,5.3500000000000005,9.95,21.78,80.02037639322062,67,2.967485018006026E-4,Low
BOON LAY,2021-04-17T15:55:00+08:00,0.64,1.9100000000000001,3.62,8.48,35.260000000000005,95.24542450318165,67,2.109555525975036E-4,Low
BUKIT BATOK,2021-04-17T15:55:00+08:00,0.84,2.21,3.41,11.73,23.85,108.01705179970985,67,4.216394051854354E-4,Low
BUKIT MERAH,2021-04-17T15:55:00+08:00,0.49,1.6500000000000001,3.79,8.100000000000001,19.76,90.3590440244453,67,1.9128797242836998E-4,Low
BUKIT PANJANG,2021-04-17T15:55:00+08:00,0.67,2.04,3.77,10.48,24.119999999999997,99.05764519412554,67,3.315087516638769E-4,Low
BUKIT TIMAH,2021-04-17T15:55:00+08:00,0.55,1.72,4.1899999999999995,10.18,21.94,109.58476048724216,67,3.1158204380160956E-4,Low
CENTRAL WATER CATCHMENT,2021-04-17T15:55:00+08:00,0.48,1.74,3.28,7.529999999999999,16.39,93.37313602995661,67,1.6369593266724373E-4,Low
CHANGI,2021-04-17T15:55:00+08:00,0.49,1.96,7.989999999999999,20.63,44.83,75.12573701683927,67,0.0014061933520551858,Low
CHANGI BAY,2021-04-17T15:55:00+08:00,0.48,1.69,4.869999999999999,13.899999999999999,28.440000000000005,73.67964903922257,67,6.056960552226231E-4,Low
CHOA CHU KANG,2021-04-17T15:55:00+08:00,0.74,2.16,3.66,10.059999999999999,25.96,93.93373624822472,67,3.0379485578349975E-4,Low
CLEMENTI,2021-04-17T15:55:00+08:00,0.48,1.58,3.32,13.669999999999998,25.01,121.03527485860036,67,5.845105130040425E-4,Low
DOWNTOWN CORE,2021-04-17T15:55:00+08:00,0.57,2.0,4.3100000000000005,11.200000000000001,28.9,91.8879884085437,67,3.820193825244437E-4,Low
GEYLANG,2021-04-17T15:55:00+08:00,0.63,1.9900000000000002,4.140000000000001,16.509999999999998,33.239999999999995,87.9127500219121,67,8.743789088936895E-4,Low
HOUGANG,2021-04-17T15:55:00+08:00,0.76,2.62,4.69,9.56,23.020000000000003,56.9207259921166,67,2.724723736762731E-4,Low
JURONG EAST,2021-04-17T15:55:00+08:00,0.64,2.08,3.7600000000000002,12.43,28.479999999999997,115.78359774943972,67,4.771604812892005E-4,Low
JURONG WEST,2021-04-17T15:55:00+08:00,0.81,4.0,6.109999999999999,12.0,51.589999999999996,114.8375415289951,67,4.4262289770871806E-4,Low
KALLANG,2021-04-17T15:55:00+08:00,0.58,2.22,4.65,11.239999999999998,30.380000000000003,89.32033372878549,67,3.8493721386960683E-4,Low
LIM CHU KANG,2021-04-17T15:55:00+08:00,0.95,2.51,4.3,7.96,27.850000000000005,90.19570297476031,67,1.8429932430939668E-4,Low
MANDAI,2021-04-17T15:55:00+08:00,0.59,1.79,3.3099999999999996,7.479999999999999,21.07,56.12483882141822,67,1.6138427246140984E-4,Low
MARINA EAST,2021-04-17T15:55:00+08:00,0.57,1.9499999999999997,3.94,13.88,31.65,89.02763802790287,67,6.038379371467565E-4,Low
MARINA SOUTH,2021-04-17T15:55:00+08:00,0.59,1.9899999999999998,3.77,15.02,30.53,83.94816391729252,67,7.146030433222734E-4,Low
MARINE PARADE,2021-04-17T15:55:00+08:00,0.57,1.79,3.79,16.91,33.57,93.50245183088293,67,9.201900126960633E-4,Low
MUSEUM,2021-04-17T15:55:00+08:00,0.59,2.04,4.6,8.620000000000001,28.980000000000004,95.51679983169906,67,2.1845971311624542E-4,Low
NEWTON,2021-04-17T15:55:00+08:00,0.58,2.09,4.609999999999999,8.309999999999999,24.93,91.30957642982052,67,2.020304831513424E-4,Low
NORTH-EASTERN ISLANDS,2021-04-17T15:55:00+08:00,0.51,1.77,5.159999999999999,14.829999999999998,32.0,75.37759956088891,67,6.954543383871368E-4,Low
NOVENA,2021-04-17T15:55:00+08:00,0.54,2.14,5.06,9.84,23.549999999999997,93.27164426846406,67,2.8978992305939285E-4,Low
ORCHARD,2021-04-17T15:55:00+08:00,0.58,2.25,4.82,8.309999999999999,24.25,95.33797160537172,67,2.020304831513424E-4,Low
OUTRAM,2021-04-17T15:55:00+08:00,0.56,1.9900000000000002,4.41,9.920000000000002,25.68,95.12625468700429,67,2.9484200798672925E-4,Low
PASIR RIS,2021-04-17T15:55:00+08:00,0.46,1.79,4.63,19.480000000000004,35.959999999999994,63.27675845319162,67,0.0012443118400029757,Low
PAYA LEBAR,2021-04-17T15:55:00+08:00,0.59,1.9899999999999998,4.55,13.709999999999999,29.35,73.12952164358607,67,5.881662042053518E-4,Low
PIONEER,2021-04-17T15:55:00+08:00,0.78,2.55,4.65,13.74,44.089999999999996,105.65333299550046,67,5.909159130034965E-4,Low
PUNGGOL,2021-04-17T15:55:00+08:00,0.4,1.4,2.4,7.209999999999999,26.210000000000004,97.2892970819886,67,1.4920267365224114E-4,Low
QUEENSTOWN,2021-04-17T15:55:00+08:00,0.56,1.71,3.65,9.76,20.200000000000003,117.48877228719842,67,2.847841969121534E-4,Low
RIVER VALLEY,2021-04-17T15:55:00+08:00,0.59,2.46,5.05,8.190000000000001,24.550000000000004,95.80777177001026,67,1.9585372162869667E-4,Low
ROCHOR,2021-04-17T15:55:00+08:00,0.58,2.12,4.609999999999999,9.9,28.979999999999997,92.51398620783442,67,2.93574637911711E-4,Low
SELETAR,2021-04-17T15:55:00+08:00,0.58,1.7400000000000002,3.41,7.529999999999999,25.979999999999997,73.27788931154421,67,1.6369593266724373E-4,Low
SEMBAWANG,2021-04-17T15:55:00+08:00,0.68,2.0500000000000003,3.78,8.620000000000001,25.009999999999998,66.41429755016519,67,2.1845971311624542E-4,Low
SENGKANG,2021-04-17T15:55:00+08:00,0.44,1.67,3.3300000000000005,6.66,26.059999999999995,65.64218830929813,67,1.2595301454487655E-4,Low
SERANGOON,2021-04-17T15:55:00+08:00,0.6,2.27,4.629999999999999,9.629999999999999,24.59,71.12391793483067,67,2.7674863809883706E-4,Low
SIMPANG,2021-04-17T15:55:00+08:00,0.55,1.7100000000000002,3.3899999999999997,8.059999999999999,22.919999999999998,67.29027949497781,67,1.8927711054514233E-4,Low
SINGAPORE RIVER,2021-04-17T15:55:00+08:00,0.58,2.1,4.62,9.02,25.660000000000004,96.5982975801487,67,2.406699367136079E-4,Low
SOUTHERN ISLANDS,2021-04-17T15:55:00+08:00,0.53,1.8099999999999998,4.03,10.11,23.979999999999997,90.78817427112598,67,3.0702679494158577E-4,Low
STRAITS VIEW,2021-04-17T15:55:00+08:00,0.57,1.9499999999999997,4.1,12.53,28.409999999999997,89.44423174425928,67,4.853901461496723E-4,Low
SUNGEI KADUT,2021-04-17T15:55:00+08:00,0.69,2.16,3.98,7.860000000000001,25.97,94.16360580262416,67,1.7939197079748913E-4,Low
TAMPINES,2021-04-17T15:55:00+08:00,0.42,1.79,5.629999999999999,26.75,37.3,70.15530027479163,67,0.002446163473905947,Low
TANGLIN,2021-04-17T15:55:00+08:00,0.43,1.77,4.81,8.74,20.04,119.42206370805354,67,2.2500288133352897E-4,Low
TENGAH,2021-04-17T15:55:00+08:00,0.89,2.89,4.42,10.86,30.42,103.19380468248151,67,3.5769319560173887E-4,Low
TOA PAYOH,2021-04-17T15:55:00+08:00,0.57,2.5999999999999996,5.79,11.4,25.14,85.50350976205017,67,3.9672652789815035E-4,Low
TUAS,2021-04-17T15:55:00+08:00,0.94,2.35,4.08,10.68,46.23,98.81116365460326,67,3.451582559818326E-4,Low
WESTERN ISLANDS,2021-04-17T15:55:00+08:00,0.71,2.21,4.17,10.809999999999999,33.4,98.91821586630338,67,3.5418744196697555E-4,Low
WESTERN WATER CATCHMENT,2021-04-17T15:55:00+08:00,0.95,3.0599999999999996,5.449999999999999,10.04,43.19,108.96128608098427,67,3.025071660383921E-4,Low
WOODLANDS,2021-04-17T15:55:00+08:00,1.12,2.7,4.33,8.58,33.05,53.80453693228232,67,2.1630144424034087E-4,Low
YISHUN,2021-04-17T15:55:00+08:00,0.41,1.23,2.28,5.970000000000001,18.730000000000004,55.859309799743485,67,9.972462253905225E-5,Low
ANG MO KIO,2021-04-17T16:00:00+08:00,0.5,1.79,3.69,8.059999999999999,20.519999999999996,69.53857817826808,67,1.8927711054514233E-4,Low
BEDOK,2021-04-17T16:00:00+08:00,0.43,1.49,3.93,20.939999999999998,31.07,82.125811896586,67,0.0014516280578456427,Low
BISHAN,2021-04-17T16:00:00+08:00,0.57,1.7999999999999998,5.120000000000001,9.66,21.689999999999998,80.39801804176862,67,2.785921554094815E-4,Low
BOON LAY,2021-04-17T16:00:00+08:00,0.65,2.02,3.52,7.79,30.42,95.66646715923284,67,1.7599866755811457E-4,Low
BUKIT BATOK,2021-04-17T16:00:00+08:00,0.94,2.59,3.82,9.45,23.83,108.69739316088024,67,2.6582395564500816E-4,Low
BUKIT MERAH,2021-04-17T16:00:00+08:00,0.5,1.49,3.5200000000000005,7.74,19.04,90.64183288984742,67,1.735959512306531E-4,Low
BUKIT PANJANG,2021-04-17T16:00:00+08:00,0.79,2.17,3.92,9.4,23.67,99.60952377821738,67,2.628307758163699E-4,Low
BUKIT TIMAH,2021-04-17T16:00:00+08:00,0.67,1.77,4.04,9.76,21.22,109.99133328505053,67,2.847841969121534E-4,Low
CENTRAL WATER CATCHMENT,2021-04-17T16:00:00+08:00,0.63,1.7199999999999998,3.27,7.359999999999999,16.130000000000003,93.77867941870095,67,1.5590750796034143E-4,Low
CHANGI,2021-04-17T16:00:00+08:00,0.36,1.56,5.84,19.43,43.58,75.3051447280307,67,0.001237511041241344,Low
CHANGI BAY,2021-04-17T16:00:00+08:00,0.43,1.4799999999999998,4.05,12.86,27.770000000000003,73.9325329537508,67,5.130788463884973E-4,Low
CHOA CHU KANG,2021-04-17T16:00:00+08:00,0.82,2.33,3.97,8.73,25.57,94.52793202853891,67,2.2445369777388937E-4,Low
CLEMENTI,2021-04-17T16:00:00+08:00,0.82,1.8399999999999999,3.21,12.719999999999999,23.42,121.56432214144579,67,5.012325240366246E-4,Low
DOWNTOWN CORE,2021-04-17T16:00:00+08:00,0.5,1.7,4.029999999999999,10.170000000000002,28.23,92.16710189481813,67,3.109291119248578E-4,Low
GEYLANG,2021-04-17T16:00:00+08:00,0.46,1.77,3.7800000000000002,12.359999999999998,33.25,88.16141945302391,67,4.714441539743172E-4,Low
HOUGANG,2021-04-17T16:00:00+08:00,0.56,2.38,4.75,8.82,22.970000000000006,57.343896130663694,67,2.294220309409879E-4,Low
JURONG EAST,2021-04-17T16:00:00+08:00,0.91,2.3200000000000003,3.9600000000000004,11.43,27.29,116.4152693661937,67,3.98958059565905E-4,Low
JURONG WEST,2021-04-17T16:00:00+08:00,0.77,3.36,6.299999999999999,11.780000000000001,49.42,115.33148733918766,67,4.2548442361778696E-4,Low
KALLANG,2021-04-17T16:00:00+08:00,0.51,1.8800000000000001,4.39,9.93,30.0,89.6156195157108,67,2.954767806684423E-4,Low
LIM CHU KANG,2021-04-17T16:00:00+08:00,0.97,2.8,4.7299999999999995,8.12,26.36,90.94888449034053,67,1.9229763867255182E-4,Low
MANDAI,2021-04-17T16:00:00+08:00,0.66,1.88,3.44,7.209999999999999,20.130000000000003,56.6499221669633,67,1.4920267365224114E-4,Low
MARINA EAST,2021-04-17T16:00:00+08:00,0.49,1.67,3.74,12.21,30.7,89.30362741639863,67,4.59317975666087E-4,Low
MARINA SOUTH,2021-04-17T16:00:00+08:00,0.43,1.63,3.55,13.48,29.03,84.17636368657129,67,5.673110815326779E-4,Low
MARINE PARADE,2021-04-17T16:00:00+08:00,0.52,1.71,3.54,13.51,33.39,93.79768436162578,67,5.70008657876414E-4,Low
MUSEUM,2021-04-17T16:00:00+08:00,0.43,1.64,4.21,8.15,28.71,95.71719013752183,67,1.9381743476822947E-4,Low
NEWTON,2021-04-17T16:00:00+08:00,0.54,1.76,4.210000000000001,8.07,24.839999999999996,91.63008034163032,67,1.8977876747997536E-4,Low
NORTH-EASTERN ISLANDS,2021-04-17T16:00:00+08:00,0.44,1.5499999999999998,4.260000000000001,13.66,31.14,75.63640182799284,67,5.835984803037407E-4,Low
NOVENA,2021-04-17T16:00:00+08:00,0.55,1.7700000000000002,4.739999999999999,9.4,23.259999999999998,93.59743162991643,67,2.628307758163699E-4,Low
ORCHARD,2021-04-17T16:00:00+08:00,0.49,1.75,4.35,8.08,24.02,95.59879179048721,67,1.902811300281265E-4,Low
OUTRAM,2021-04-17T16:00:00+08:00,0.51,1.6900000000000002,4.08,9.240000000000002,25.090000000000003,95.40758381145784,67,2.5337349871080945E-4,Low
PASIR RIS,2021-04-17T16:00:00+08:00,0.42,1.49,3.94,17.200000000000003,35.60000000000001,63.54464953431489,67,9.54179742124042E-4,Low
PAYA LEBAR,2021-04-17T16:00:00+08:00,0.47,1.74,4.08,12.29,29.060000000000002,73.42372799127048,67,4.6576439222963876E-4,Low
PIONEER,2021-04-17T16:00:00+08:00,0.75,2.6,4.79,10.91,40.94,106.14935642257666,67,3.6121729389375503E-4,Low
PUNGGOL,2021-04-17T16:00:00+08:00,0.4,1.4,2.6,5.609999999999999,26.010000000000005,97.4554265399575,67,8.732433744159033E-5,Low
QUEENSTOWN,2021-04-17T16:00:00+08:00,0.7,1.82,3.38,9.86,18.990000000000002,117.90634489095339,67,2.910485962198106E-4,Low
RIVER VALLEY,2021-04-17T16:00:00+08:00,0.43,1.78,4.51,7.950000000000001,24.300000000000004,96.00746261795872,67,1.838054214256859E-4,Low
ROCHOR,2021-04-17T16:00:00+08:00,0.5,1.77,4.3,9.1,28.589999999999996,92.79159487858419,67,2.4524925417861827E-4,Low
SELETAR,2021-04-17T16:00:00+08:00,0.45,1.55,3.3200000000000003,7.1899999999999995,25.689999999999998,73.55173900307048,67,1.4832052210935045E-4,Low
SEMBAWANG,2021-04-17T16:00:00+08:00,0.75,2.15,3.93,8.26,23.800000000000004,67.00464640422689,67,1.9944444742096604E-4,Low
SENGKANG,2021-04-17T16:00:00+08:00,0.41,1.3,3.1300000000000003,6.3100000000000005,25.849999999999994,65.89439321137421,67,1.122424455440213E-4,Low
SERANGOON,2021-04-17T16:00:00+08:00,0.5,1.78,4.42,9.129999999999999,24.48,71.45294548731904,67,2.469783246927181E-4,Low
SIMPANG,2021-04-17T16:00:00+08:00,0.57,1.6800000000000002,3.3800000000000003,7.68,22.5,67.69852260484782,67,1.7073584671443455E-4,Low
SINGAPORE RIVER,2021-04-17T16:00:00+08:00,0.49,1.71,4.23,8.56,25.240000000000002,96.85608810909751,67,2.1522657846718087E-4,Low
SOUTHERN ISLANDS,2021-04-17T16:00:00+08:00,0.53,1.64,3.7700000000000005,9.39,23.22,91.09993156443947,67,2.622343002693435E-4,Low
STRAITS VIEW,2021-04-17T16:00:00+08:00,0.49,1.67,3.83,11.309999999999999,27.5,89.71921969681941,67,3.9007179990674113E-4,Low
SUNGEI KADUT,2021-04-17T16:00:00+08:00,0.8,2.2,4.26,7.74,24.67,94.73724900707549,67,1.735959512306531E-4,Low
TAMPINES,2021-04-17T16:00:00+08:00,0.7,1.72,4.65,24.869999999999997,37.31,70.68665625542131,67,0.0020944335306816784,Low
TANGLIN,2021-04-17T16:00:00+08:00,0.6,1.45,4.45,8.86,19.29,119.73498893613554,67,2.3164873767288408E-4,Low
TENGAH,2021-04-17T16:00:00+08:00,0.71,2.82,4.7299999999999995,9.419999999999998,30.230000000000004,103.65574048879118,67,2.6402588702653147E-4,Low
TOA PAYOH,2021-04-17T16:00:00+08:00,0.5,1.94,5.470000000000001,10.55,25.009999999999998,85.79797068659812,67,3.3625280894439996E-4,Low
TUAS,2021-04-17T16:00:00+08:00,0.65,2.33,4.29,9.73,41.61,99.22363474756276,67,2.829189913344057E-4,Low
WESTERN ISLANDS,2021-04-17T16:00:00+08:00,0.68,2.18,4.1899999999999995,9.829999999999998,31.05,99.36042961997143,67,2.8916167306220527E-4,Low
WESTERN WATER CATCHMENT,2021-04-17T16:00:00+08:00,0.64,2.31,5.51,9.469999999999999,41.7,109.33935762841574,67,2.6702627043393297E-4,Low
WOODLANDS,2021-04-17T16:00:00+08:00,1.14,3.06,4.87,8.55,30.47,54.81519797523877,67,2.146902123623479E-4,Low
YISHUN,2021-04-17T16:00:00+08:00,0.6,1.42,2.4699999999999998,5.9399999999999995,18.900000000000002,56.32503144177222,67,9.865781314290058E-5,Low
ANG MO KIO,2021-04-17T16:05:00+08:00,0.73,1.92,3.86,8.05,20.689999999999998,70.10141667686554,67,1.887761591074681E-4,Low
BEDOK,2021-04-17T16:05:00+08:00,0.44,1.33,3.21,18.61,30.949999999999996,82.36839235796181,67,0.0011287905185983927,Low
BISHAN,2021-04-17T16:05:00+08:00,0.61,1.71,4.830000000000001,9.440000000000001,21.6,80.81475188997591,67,2.6522387906409705E-4,Low
BOON LAY,2021-04-17T16:05:00+08:00,0.62,1.9100000000000001,3.83,7.75,27.049999999999997,96.05649768468854,67,1.74075090595569E-4,Low
BUKIT BATOK,2021-04-17T16:05:00+08:00,0.68,2.46,4.24,8.38,23.759999999999998,109.1160990718246,67,2.056806875586793E-4,Low
BUKIT MERAH,2021-04-17T16:05:00+08:00,0.49,1.48,3.3100000000000005,7.5,18.23,90.91394196839512,67,1.6230684009494882E-4,Low
BUKIT PANJANG,2021-04-17T16:05:00+08:00,0.74,2.2,4.15,8.77,23.369999999999997,100.11007571952867,67,2.2665471112384334E-4,Low
BUKIT TIMAH,2021-04-17T16:05:00+08:00,0.72,1.9400000000000002,3.9000000000000004,9.43,20.740000000000002,110.44692873587984,67,2.646245228914937E-4,Low
CENTRAL WATER CATCHMENT,2021-04-17T16:05:00+08:00,0.89,2.0,3.66,7.48,16.520000000000003,94.44324793502881,67,1.6138427246140984E-4,Low
CHANGI,2021-04-17T16:05:00+08:00,0.57,1.42,3.88,18.66,42.16,75.69412116692476,67,0.0011352682949357532,Low
CHANGI BAY,2021-04-17T16:05:00+08:00,0.48,1.39,3.36,11.92,27.21,74.23480896895262,67,4.36349140914953E-4,Low
CHOA CHU KANG,2021-04-17T16:05:00+08:00,0.73,2.29,4.27,8.07,25.200000000000003,95.03069944115613,67,1.8977876747997536E-4,Low
CLEMENTI,2021-04-17T16:05:00+08:00,0.99,2.29,3.8099999999999996,11.61,23.110000000000003,122.26209766492497,67,4.1248694305212553E-4,Low
DOWNTOWN CORE,2021-04-17T16:05:00+08:00,0.44,1.5099999999999998,3.6799999999999997,8.96,27.6,92.38554442936116,67,2.3726552745597266E-4,Low
GEYLANG,2021-04-17T16:05:00+08:00,0.54,1.6300000000000001,3.68,9.07,33.21,88.48949111586744,67,2.4352663602761947E-4,Low
HOUGANG,2021-04-17T16:05:00+08:00,0.58,1.9,4.56,8.420000000000002,22.910000000000004,57.78604902443009,67,2.0778211749672822E-4,Low
JURONG EAST,2021-04-17T16:05:00+08:00,0.75,2.3,4.2700000000000005,10.35,26.47,116.88542252831982,67,3.227932843360021E-4,Low
JURONG WEST,2021-04-17T16:05:00+08:00,0.75,2.33,6.48,10.680000000000001,47.019999999999996,115.80424576928982,67,3.451582559818329E-4,Low
KALLANG,2021-04-17T16:05:00+08:00,0.41,1.4999999999999998,3.9800000000000004,8.82,29.439999999999998,89.81019547484298,67,2.294220309409879E-4,Low
LIM CHU KANG,2021-04-17T16:05:00+08:00,0.82,2.7399999999999998,5.05,8.19,24.53,91.55025545764278,67,1.9585372162869632E-4,Low
MANDAI,2021-04-17T16:05:00+08:00,0.65,1.9,3.57,7.069999999999999,19.090000000000003,57.16374328192067,67,1.4308594463788326E-4,Low
MARINA EAST,2021-04-17T16:05:00+08:00,0.39,1.4500000000000002,3.4499999999999997,9.780000000000001,29.97,89.47895336307892,67,2.8603128502853735E-4,Low
MARINA SOUTH,2021-04-17T16:05:00+08:00,0.41,1.43,3.3200000000000003,10.560000000000002,28.27,84.38401489392872,67,3.3693345473081716E-4,Low
MARINE PARADE,2021-04-17T16:05:00+08:00,0.41,1.4999999999999998,3.36,10.39,33.11,93.9822071925963,67,3.2546183195783084E-4,Low
MUSEUM,2021-04-17T16:05:00+08:00,0.42,1.44,3.69,7.84,28.28,95.90709873167798,67,1.7841894164253514E-4,Low
NEWTON,2021-04-17T16:05:00+08:00,0.54,1.6600000000000001,3.91,7.99,24.619999999999997,91.94981380462585,67,1.8578525940034086E-4,Low
NORTH-EASTERN ISLANDS,2021-04-17T16:05:00+08:00,0.51,1.46,3.5200000000000005,12.690000000000001,30.439999999999998,75.96458196883725,67,4.987131331712465E-4,Low
NOVENA,2021-04-17T16:05:00+08:00,0.57,1.6600000000000001,4.390000000000001,9.129999999999999,22.939999999999998,93.94243584184366,67,2.469783246927181E-4,Low
ORCHARD,2021-04-17T16:05:00+08:00,0.49,1.5599999999999998,4.010000000000001,7.95,23.72,95.85898499853641,67,1.838054214256859E-4,Low
OUTRAM,2021-04-17T16:05:00+08:00,0.49,1.56,3.7600000000000007,8.59,24.46,95.66823665808023,67,2.168399441285286E-4,Low
PASIR RIS,2021-04-17T16:05:00+08:00,0.55,1.4300000000000002,3.4699999999999998,14.530000000000001,35.550000000000004,63.941896640877474,67,6.657807896963614E-4,Low
PAYA LEBAR,2021-04-17T16:05:00+08:00,0.52,1.58,3.7399999999999998,11.120000000000001,28.810000000000002,73.76722710599026,67,3.762190781264477E-4,Low
PIONEER,2021-04-17T16:05:00+08:00,0.51,2.04,4.72,9.16,39.55,106.40418747524755,67,2.487138503754968E-4,Low
PUNGGOL,2021-04-17T16:05:00+08:00,0.6,1.4,2.8,5.41,25.810000000000002,97.82115664478533,67,8.081218121487312E-5,Low
QUEENSTOWN,2021-04-17T16:05:00+08:00,0.59,1.85,3.46,9.809999999999999,18.05,118.2129137056575,67,2.879073457494717E-4,Low
RIVER VALLEY,2021-04-17T16:05:00+08:00,0.43,1.45,4.12,7.75,24.03,96.20667343564436,67,1.74075090595569E-4,Low
ROCHOR,2021-04-17T16:05:00+08:00,0.43,1.51,3.87,8.440000000000001,28.059999999999995,92.99853621497914,67,2.08837089611771E-4,Low
SELETAR,2021-04-17T16:05:00+08:00,0.59,1.62,3.37,7.09,25.319999999999993,73.96493039632846,67,1.439514351410192E-4,Low
SEMBAWANG,2021-04-17T16:05:00+08:00,0.73,2.16,4.07,8.08,22.5,67.57357613809113,67,1.902811300281265E-4,Low
SENGKANG,2021-04-17T16:05:00+08:00,0.43,1.28,3.1200000000000006,6.220000000000001,25.629999999999995,66.1659918463796,67,1.0885231994762466E-4,Low
SERANGOON,2021-04-17T16:05:00+08:00,0.6,1.7000000000000002,4.29,8.76,24.340000000000003,71.88118210129359,67,2.2610338790063854E-4,Low
SIMPANG,2021-04-17T16:05:00+08:00,0.62,1.7400000000000002,3.43,7.41,21.82,68.15578435253055,67,1.58177282791951E-4,Low
SINGAPORE RIVER,2021-04-17T16:05:00+08:00,0.47,1.5399999999999998,3.8499999999999996,8.2,24.710000000000004,97.09325894387088,67,1.9636456055001906E-4,Low
SOUTHERN ISLANDS,2021-04-17T16:05:00+08:00,0.51,1.57,3.55,8.67,22.529999999999998,91.39093943464728,67,2.211735657374236E-4,Low
STRAITS VIEW,2021-04-17T16:05:00+08:00,0.45,1.51,3.55,9.59,26.839999999999996,89.95354661488298,67,2.7430072679121423E-4,Low
SUNGEI KADUT,2021-04-17T16:05:00+08:00,0.81,2.3,4.41,7.92,23.299999999999997,95.31951324949111,67,1.8232793756781188E-4,Low
TAMPINES,2021-04-17T16:05:00+08:00,0.42,1.5399999999999998,3.75,23.39,37.230000000000004,70.93673492688207,67,0.0018377525742377515,Low
TANGLIN,2021-04-17T16:05:00+08:00,0.61,1.6400000000000001,3.95,9.16,18.68,120.05716193355187,67,2.487138503754968E-4,Low
TENGAH,2021-04-17T16:05:00+08:00,0.74,2.34,5.0600000000000005,8.73,30.090000000000003,104.14656586280618,67,2.2445369777388937E-4,Low
TOA PAYOH,2021-04-17T16:05:00+08:00,0.52,1.5899999999999999,5.050000000000001,9.86,24.799999999999997,86.11172376621249,67,2.910485962198106E-4,Low
TUAS,2021-04-17T16:05:00+08:00,0.59,2.1799999999999997,4.11,9.26,39.34,99.57511431482541,67,2.545455924985248E-4,Low
WESTERN ISLANDS,2021-04-17T16:05:00+08:00,0.61,2.0,4.19,9.129999999999999,29.58,99.73158035053861,67,2.469783246927181E-4,Low
WESTERN WATER CATCHMENT,2021-04-17T16:05:00+08:00,0.64,2.23,5.579999999999999,8.84,39.97,109.71652034208671,67,2.305339559319768E-4,Low
WOODLANDS,2021-04-17T16:05:00+08:00,1.14,3.3999999999999995,5.409999999999999,8.89,27.590000000000003,55.823429523348246,67,2.3332626855806222E-4,Low
YISHUN,2021-04-17T16:05:00+08:00,0.61,1.62,2.67,5.74,17.94,56.799633550860285,67,9.170134053742475E-5,Low
ANG MO KIO,2021-04-17T16:10:00+08:00,0.6,1.83,3.85,8.01,20.47,70.53290218650439,67,1.8677940600059223E-4,Low
BEDOK,2021-04-17T16:10:00+08:00,0.52,1.3900000000000001,2.99,14.29,30.959999999999997,82.69038968814344,67,6.425357264362558E-4,Low
BISHAN,2021-04-17T16:10:00+08:00,0.61,1.79,4.11,9.41,21.459999999999997,81.23048396538921,67,2.6342797136844493E-4,Low
BOON LAY,2021-04-17T16:10:00+08:00,0.62,1.8900000000000001,3.8000000000000003,7.529999999999999,25.560000000000002,96.44559062858971,67,1.6369593266724373E-4,Low
BUKIT BATOK,2021-04-17T16:10:00+08:00,0.74,2.3600000000000003,4.57,8.1,23.77,109.59379846939821,67,1.9128797242836998E-4,Low
BUKIT MERAH,2021-04-17T16:10:00+08:00,0.45,1.44,3.0900000000000007,7.220000000000001,17.55,91.14539693287685,67,1.496447920309204E-4,Low
BUKIT PANJANG,2021-04-17T16:10:00+08:00,0.69,2.2199999999999998,4.26,8.43,23.02,100.5594244004882,67,2.083092486989641E-4,Low
BUKIT TIMAH,2021-04-17T16:10:00+08:00,0.6,1.9900000000000002,3.7100000000000004,8.989999999999998,20.32,110.78142899578651,67,2.3896451108331636E-4,Low
CENTRAL WATER CATCHMENT,2021-04-17T16:10:00+08:00,0.74,2.26,4.0,7.54,16.6,94.95621891695369,67,1.6416036165255236E-4,Low
CHANGI,2021-04-17T16:10:00+08:00,0.36,1.29,3.2499999999999996,17.400000000000002,39.72,75.87216255814832,67,9.780021387391256E-4,Low
CHANGI BAY,2021-04-17T16:10:00+08:00,0.43,1.3399999999999999,3.0300000000000002,10.829999999999998,26.41,74.48635835278144,67,3.5558754276900225E-4,Low
CHOA CHU KANG,2021-04-17T16:10:00+08:00,0.74,2.29,4.45,7.890000000000001,24.840000000000003,95.54225826772296,67,1.8085678842295913E-4,Low
CLEMENTI,2021-04-17T16:10:00+08:00,0.62,2.43,4.01,9.61,22.86,122.58819582876865,67,2.7552323823551477E-4,Low
DOWNTOWN CORE,2021-04-17T16:10:00+08:00,0.5,1.44,3.44,8.23,26.83,92.66346185707857,67,1.9790132044122938E-4,Low
GEYLANG,2021-04-17T16:10:00+08:00,0.44,1.44,3.43,7.75,33.04,88.71677413802882,67,1.74075090595569E-4,Low
HOUGANG,2021-04-17T16:10:00+08:00,0.57,1.71,4.33,8.4,22.950000000000003,58.21713904139476,67,2.0672998377724717E-4,Low
JURONG EAST,2021-04-17T16:10:00+08:00,0.65,2.31,4.390000000000001,9.31,25.8,117.25444550471985,67,2.5748840392662663E-4,Low
JURONG WEST,2021-04-17T16:10:00+08:00,0.61,2.13,6.13,9.93,42.11,116.13586775094787,67,2.954767806684423E-4,Low
KALLANG,2021-04-17T16:10:00+08:00,0.47,1.39,3.6100000000000003,8.17,28.73,90.06430369922538,67,1.9483416466292163E-4,Low
LIM CHU KANG,2021-04-17T16:10:00+08:00,0.78,2.5700000000000003,5.08,8.43,22.950000000000003,92.11018080905198,67,2.083092486989641E-4,Low
MANDAI,2021-04-17T16:10:00+08:00,0.73,2.04,3.83,7.15,17.96,57.756329239196084,67,1.4656455627586298E-4,Low
MARINA EAST,2021-04-17T16:10:00+08:00,0.44,1.32,3.2699999999999996,8.32,29.18,89.70385784948134,67,2.025498149328573E-4,Low
MARINA SOUTH,2021-04-17T16:10:00+08:00,0.42,1.26,3.25,8.82,27.49,84.60116693537711,67,2.294220309409879E-4,Low
MARINE PARADE,2021-04-17T16:10:00+08:00,0.4,1.33,3.12,8.059999999999999,32.739999999999995,94.15628645520124,67,1.8927711054514233E-4,Low
MUSEUM,2021-04-17T16:10:00+08:00,0.58,1.43,3.47,7.75,27.5,96.25655081080951,67,1.74075090595569E-4,Low
NEWTON,2021-04-17T16:10:00+08:00,0.58,1.6600000000000001,3.75,8.120000000000001,24.25,92.30877867086366,67,1.9229763867255182E-4,Low
NORTH-EASTERN ISLANDS,2021-04-17T16:10:00+08:00,0.44,1.39,3.1599999999999997,11.52,29.43,76.22197320823282,67,4.0569255342795356E-4,Low
NOVENA,2021-04-17T16:10:00+08:00,0.57,1.69,3.83,9.02,22.599999999999998,94.28661070949083,67,2.406699367136079E-4,Low
ORCHARD,2021-04-17T16:10:00+08:00,0.58,1.56,3.8100000000000005,8.05,23.06,96.20855273668889,67,1.887761591074681E-4,Low
OUTRAM,2021-04-17T16:10:00+08:00,0.52,1.52,3.5100000000000002,8.17,23.74,95.95826292989584,67,1.9483416466292163E-4,Low
PASIR RIS,2021-04-17T16:10:00+08:00,0.41,1.38,3.17,11.75,35.150000000000006,64.19818881818351,67,4.2317518840482047E-4,Low
PAYA LEBAR,2021-04-17T16:10:00+08:00,0.46,1.45,3.44,9.96,28.349999999999998,74.04990049448365,67,2.973854504429115E-4,Low
PIONEER,2021-04-17T16:10:00+08:00,0.74,2.0,4.55,8.73,38.879999999999995,106.88840594793069,67,2.2445369777388937E-4,Low
PUNGGOL,2021-04-17T16:10:00+08:00,0.2,1.2,2.6,5.01,23.620000000000005,97.7860075830407,67,6.858921254770616E-5,Low
QUEENSTOWN,2021-04-17T16:10:00+08:00,0.57,1.8599999999999999,3.57,9.51,17.259999999999998,118.49874556966903,67,2.6943954932996146E-4,Low
RIVER VALLEY,2021-04-17T16:10:00+08:00,0.59,1.45,3.91,7.880000000000001,23.11,96.56540537699614,67,1.8036781253700845E-4,Low
ROCHOR,2021-04-17T16:10:00+08:00,0.52,1.45,3.5700000000000003,8.09,27.299999999999997,93.2949800919005,67,1.9078419830562452E-4,Low
SELETAR,2021-04-17T16:10:00+08:00,0.44,1.48,3.22,6.83,24.189999999999998,74.2271285323834,67,1.3291606658281062E-4,Low
SEMBAWANG,2021-04-17T16:10:00+08:00,0.82,2.3,4.3500000000000005,8.14,21.060000000000002,68.23113824047658,67,1.93310129685282E-4,Low
SENGKANG,2021-04-17T16:10:00+08:00,0.24,1.08,2.75,5.970000000000001,25.149999999999995,66.24693759435743,67,9.972462253905225E-5,Low
SERANGOON,2021-04-17T16:10:00+08:00,0.57,1.67,3.94,8.54,24.1,72.27838929135378,67,2.141545572985761E-4,Low
SIMPANG,2021-04-17T16:10:00+08:00,0.58,1.77,3.4800000000000004,7.220000000000001,20.869999999999997,68.57194690373443,67,1.496447920309204E-4,Low
SINGAPORE RIVER,2021-04-17T16:10:00+08:00,0.55,1.51,3.6099999999999994,8.03,23.950000000000003,97.40985965147357,67,1.877763722583039E-4,Low
SOUTHERN ISLANDS,2021-04-17T16:10:00+08:00,0.5,1.54,3.3499999999999996,8.11,21.879999999999995,91.67124776060528,67,1.91792452512132E-4,Low
STRAITS VIEW,2021-04-17T16:10:00+08:00,0.47,1.41,3.3599999999999994,8.5,26.13,90.20731024217373,67,2.120190452478806E-4,Low
SUNGEI KADUT,2021-04-17T16:10:00+08:00,0.9,2.5100000000000002,4.67,8.219999999999999,22.5,95.99037780604134,67,1.9738835984198542E-4,Low
TAMPINES,2021-04-17T16:10:00+08:00,0.41,1.5299999999999998,3.3200000000000003,19.979999999999997,37.230000000000004,71.17621244244799,67,0.0013134070834932708,Low
TANGLIN,2021-04-17T16:10:00+08:00,0.59,1.7999999999999998,3.57,9.29,18.4,120.35856046989393,67,2.563091227939852E-4,Low
TENGAH,2021-04-17T16:10:00+08:00,0.65,2.1,4.99,8.27,29.86,104.54621135784471,67,1.9996023852108117E-4,Low
TOA PAYOH,2021-04-17T16:10:00+08:00,0.56,1.58,4.18,9.59,24.6,86.46472262511612,67,2.7430072679121423E-4,Low
TUAS,2021-04-17T16:10:00+08:00,0.89,2.13,4.4799999999999995,8.77,35.60000000000001,100.22574897191426,67,2.2665471112384334E-4,Low
WESTERN ISLANDS,2021-04-17T16:10:00+08:00,0.66,1.9500000000000002,4.16,8.620000000000001,28.13,100.15183888406936,67,2.1845971311624542E-4,Low
WESTERN WATER CATCHMENT,2021-04-17T16:10:00+08:00,0.62,1.9,4.96,8.59,38.5,110.07277640671276,67,2.168399441285286E-4,Low
WOODLANDS,2021-04-17T16:10:00+08:00,1.16,3.4399999999999995,6.14,9.43,24.330000000000002,56.84923741679352,67,2.646245228914937E-4,Low
YISHUN,2021-04-17T16:10:00+08:00,0.6,1.81,3.04,5.72,16.770000000000003,57.26309477954496,67,9.102054739485037E-5,Low
ANG MO KIO,2021-04-17T16:15:00+08:00,0.47,1.8,3.59,7.800000000000001,20.06,70.83335046231542,67,1.764813172751501E-4,Low
BEDOK,2021-04-17T16:15:00+08:00,0.28,1.24,2.7300000000000004,11.48,30.619999999999997,82.77161297953148,67,4.0269205412850323E-4,Low
BISHAN,2021-04-17T16:15:00+08:00,0.56,1.78,3.5799999999999996,9.22,21.209999999999997,81.5952166761372,67,2.522042784272416E-4,Low
BOON LAY,2021-04-17T16:15:00+08:00,0.58,1.8199999999999998,3.8400000000000003,7.4799999999999995,24.57,96.79374824475782,67,1.6138427246140984E-4,Low
BUKIT BATOK,2021-04-17T16:15:00+08:00,0.67,2.09,4.68,7.859999999999999,23.36,110.00034954109847,67,1.7939197079748913E-4,Low
BUKIT MERAH,2021-04-17T16:15:00+08:00,0.37,1.31,2.8000000000000003,6.890000000000001,17.01,91.29629551038053,67,1.3542119778107447E-4,Low
BUKIT PANJANG,2021-04-17T16:15:00+08:00,0.6,2.03,4.2,8.09,22.450000000000003,100.91769290692979,67,1.9078419830562452E-4,Low
BUKIT TIMAH,2021-04-17T16:15:00+08:00,0.52,1.8399999999999999,3.6100000000000003,8.41,19.86,111.03512516151798,67,2.0725569589341244E-4,Low
CENTRAL WATER CATCHMENT,2021-04-17T16:15:00+08:00,0.71,2.34,4.06,7.68,16.61,95.43795678480346,67,1.7073584671443455E-4,Low
CHANGI,2021-04-17T16:15:00+08:00,0.29,1.22,2.78,15.48,37.83,75.97977596152617,67,7.621077106122869E-4,Low
CHANGI BAY,2021-04-17T16:15:00+08:00,0.36,1.27,2.7499999999999996,9.48,25.64,74.6673030453183,67,2.676285088427913E-4,Low
CHOA CHU KANG,2021-04-17T16:15:00+08:00,0.6,2.07,4.3999999999999995,7.71,24.080000000000002,95.91258737484851,67,1.7216274291043432E-4,Low
CLEMENTI,2021-04-17T16:15:00+08:00,0.5,2.11,3.95,8.17,22.410000000000004,122.79351009595955,67,1.9483416466292163E-4,Low
DOWNTOWN CORE,2021-04-17T16:15:00+08:00,0.42,1.3599999999999999,3.06,7.68,26.05,92.86071120823044,67,1.7073584671443455E-4,Low
GEYLANG,2021-04-17T16:15:00+08:00,0.31,1.29,3.06,7.29,32.12,88.81351080200713,67,1.5275909464980216E-4,Low
HOUGANG,2021-04-17T16:15:00+08:00,0.55,1.7,4.08,8.399999999999999,22.75,58.627192775243444,67,2.0672998377724717E-4,Low
JURONG EAST,2021-04-17T16:15:00+08:00,0.54,1.94,4.26,8.450000000000001,25.22,117.51258139892172,67,2.093656403466786E-4,Low
JURONG WEST,2021-04-17T16:15:00+08:00,0.57,1.9299999999999997,5.29,9.52,39.459999999999994,116.42669255742913,67,2.700446715794866E-4,Low
KALLANG,2021-04-17T16:15:00+08:00,0.42,1.2999999999999998,3.1799999999999997,7.84,27.86,90.26780108120317,67,1.7841894164253514E-4,Low
LIM CHU KANG,2021-04-17T16:15:00+08:00,0.55,2.1500000000000004,4.949999999999999,8.4,21.720000000000002,92.4387601743213,67,2.0672998377724717E-4,Low
MANDAI,2021-04-17T16:15:00+08:00,0.6,1.98,3.86,7.16,17.25,58.21749069857518,67,1.4700250590022693E-4,Low
MARINA EAST,2021-04-17T16:15:00+08:00,0.41,1.24,2.91,7.4,28.43,89.89822169538456,67,1.5772193302241854E-4,Low
MARINA SOUTH,2021-04-17T16:15:00+08:00,0.4,1.23,2.86,7.47,26.990000000000002,84.79779697217381,67,1.60924036496748E-4,Low
MARINE PARADE,2021-04-17T16:15:00+08:00,0.4,1.21,2.92,7.0600000000000005,32.36,94.32994725439116,67,1.4265423940112615E-4,Low
MUSEUM,2021-04-17T16:15:00+08:00,0.41,1.41,3.0500000000000003,7.53,26.720000000000002,96.43516285357927,67,1.6369593266724373E-4,Low
NEWTON,2021-04-17T16:15:00+08:00,0.42,1.54,3.3,8.01,23.71,92.50688063326359,67,1.8677940600059223E-4,Low
NORTH-EASTERN ISLANDS,2021-04-17T16:15:00+08:00,0.38,1.33,2.8799999999999994,10.120000000000001,28.490000000000002,76.41874571329197,67,3.0767536320976824E-4,Low
NOVENA,2021-04-17T16:15:00+08:00,0.48,1.6199999999999999,3.39,8.77,22.16,94.5399582264914,67,2.2665471112384334E-4,Low
ORCHARD,2021-04-17T16:15:00+08:00,0.42,1.4899999999999998,3.24,7.95,22.419999999999998,96.39728016045068,67,1.838054214256859E-4,Low
OUTRAM,2021-04-17T16:15:00+08:00,0.42,1.43,3.12,7.77,23.07,96.14759201709374,67,1.750354749357846E-4,Low
PASIR RIS,2021-04-17T16:15:00+08:00,0.29,1.25,2.74,9.969999999999999,34.75,64.33386490315235,67,2.9802312459713064E-4,Low
PAYA LEBAR,2021-04-17T16:15:00+08:00,0.39,1.37,3.11,8.899999999999999,27.65,74.26189437371377,67,2.3388687481883417E-4,Low
PIONEER,2021-04-17T16:15:00+08:00,0.58,1.83,4.430000000000001,8.469999999999999,36.97,107.21146042375021,67,2.1042487172831455E-4,Low
PUNGGOL,2021-04-17T16:15:00+08:00,0.4,1.2000000000000002,2.6,4.61,21.630000000000003,97.95094301496978,67,5.742547331606365E-5,Low
QUEENSTOWN,2021-04-17T16:15:00+08:00,0.42,1.5799999999999998,3.4,8.84,16.939999999999998,118.63389033186185,67,2.305339559319768E-4,Low
RIVER VALLEY,2021-04-17T16:15:00+08:00,0.41,1.43,3.21,7.83,22.349999999999998,96.74327497443049,67,1.7793348148677934E-4,Low
ROCHOR,2021-04-17T16:15:00+08:00,0.42,1.3699999999999999,3.14,7.800000000000001,26.46,93.49071135713427,67,1.764813172751501E-4,Low
SELETAR,2021-04-17T16:15:00+08:00,0.39,1.42,2.97,6.51,21.93,74.43869637896111,67,1.199742367792076E-4,Low
SEMBAWANG,2021-04-17T16:15:00+08:00,0.66,2.21,4.359999999999999,8.11,20.1,68.72711965094713,67,1.91792452512132E-4,Low
SENGKANG,2021-04-17T16:15:00+08:00,0.4,1.0699999999999998,2.37,5.890000000000001,23.599999999999994,66.4876887595135,67,9.68933424463395E-5,Low
SERANGOON,2021-04-17T16:15:00+08:00,0.51,1.68,3.46,8.280000000000001,23.61,72.6146416481114,67,2.0047673753075231E-4,Low
SIMPANG,2021-04-17T16:15:00+08:00,0.51,1.71,3.3900000000000006,6.99,19.72,68.91710905546641,67,1.3965170412161916E-4,Low
SINGAPORE RIVER,2021-04-17T16:15:00+08:00,0.42,1.44,3.1499999999999995,7.779999999999999,23.250000000000004,97.59569929304622,67,1.7551672015163507E-4,Low
SOUTHERN ISLANDS,2021-04-17T16:15:00+08:00,0.41,1.42,3.06,7.5600000000000005,21.279999999999998,91.86088226259606,67,1.6509131755622973E-4,Low
STRAITS VIEW,2021-04-17T16:15:00+08:00,0.42,1.3399999999999999,3.01,7.67,25.509999999999998,90.4104638554255,67,1.702616167781477E-4,Low
SUNGEI KADUT,2021-04-17T16:15:00+08:00,0.62,2.33,4.53,8.27,20.39,96.37962969334453,67,1.9996023852108117E-4,Low
TAMPINES,2021-04-17T16:15:00+08:00,0.38,1.21,2.93,15.879999999999999,37.230000000000004,71.38511428588913,67,8.04736832985392E-4,Low
TANGLIN,2021-04-17T16:15:00+08:00,0.56,1.76,3.21,9.06,18.13,120.62923448420555,67,2.4295386334961707E-4,Low
TENGAH,2021-04-17T16:15:00+08:00,0.49,1.8800000000000001,4.7,7.8100000000000005,29.43,104.7848961582195,67,1.7696466942252942E-4,Low
TOA PAYOH,2021-04-17T16:15:00+08:00,0.49,1.57,3.51,9.34,24.22,86.7468729216707,67,2.592627190693113E-4,Low
TUAS,2021-04-17T16:15:00+08:00,0.75,2.23,4.5600000000000005,8.42,32.53,100.73481958974614,67,2.0778211749672784E-4,Low
WESTERN ISLANDS,2021-04-17T16:15:00+08:00,0.56,1.83,4.01,8.18,26.85,100.47108717193099,67,1.9534358970453607E-4,Low
WESTERN WATER CATCHMENT,2021-04-17T16:15:00+08:00,0.73,1.99,4.300000000000001,8.799999999999999,38.53999999999999,110.53817607910005,67,2.2831296184411593E-4,Low
WOODLANDS,2021-04-17T16:15:00+08:00,0.79,3.09,6.15,9.620000000000001,22.09,57.50257940437603,67,2.7613557706532223E-4,Low
YISHUN,2021-04-17T16:15:00+08:00,0.6,1.81,3.23,5.71,15.580000000000002,57.72544190902227,67,9.06811618047417E-5,Low
ANG MO KIO,2021-04-17T16:20:00+08:00,0.38,1.4499999999999997,3.37,7.3100000000000005,19.68,71.04307650039605,66,1.5365515871991364E-4,Low
BEDOK,2021-04-17T16:20:00+08:00,0.35,1.15,2.48,9.57,30.5,82.92264102092027,66,2.730811029733696E-4,Low
BISHAN,2021-04-17T16:20:00+08:00,0.36,1.5299999999999998,3.2399999999999998,8.83,20.79,81.75907261791555,66,2.2997763639618876E-4,Low
BOON LAY,2021-04-17T16:20:00+08:00,0.41,1.6099999999999999,3.5200000000000005,7.26,23.369999999999997,96.9710689362811,66,1.5142021925491342E-4,Low
BUKIT BATOK,2021-04-17T16:20:00+08:00,0.4,1.81,4.2700000000000005,7.35,22.9,110.13592331804635,66,1.5545564456967344E-4,Low
BUKIT MERAH,2021-04-17T16:20:00+08:00,0.27,1.09,2.57,6.53,16.52,91.34683134775584,66,1.2076248268044025E-4,Low
BUKIT PANJANG,2021-04-17T16:20:00+08:00,0.4,1.69,3.89,7.6899999999999995,21.729999999999997,101.07510018348991,66,1.7121077763438016E-4,Low
BUKIT TIMAH,2021-04-17T16:20:00+08:00,0.36,1.48,3.42,7.94,19.39,111.1282114753791,66,1.8331222275270396E-4,Low
CENTRAL WATER CATCHMENT,2021-04-17T16:20:00+08:00,0.52,1.97,3.97,7.549999999999999,16.27,95.728536618834,66,1.64625489907762E-4,Low
CHANGI,2021-04-17T16:20:00+08:00,0.28,0.9299999999999999,2.3499999999999996,12.86,36.31,76.07713067658236,66,5.130788463884973E-4,Low
CHANGI BAY,2021-04-17T16:20:00+08:00,0.3,1.09,2.4799999999999995,8.31,24.94,74.7878127708589,66,2.0203048315134276E-4,Low
CHOA CHU KANG,2021-04-17T16:20:00+08:00,0.39,1.73,4.0200000000000005,7.460000000000001,23.240000000000002,96.07202626001121,66,1.6046449893434786E-4,Low
CLEMENTI,2021-04-17T16:20:00+08:00,0.3,1.4200000000000002,3.71,7.7,21.730000000000004,122.79833081493503,66,1.7168640965931677E-4,Low
DOWNTOWN CORE,2021-04-17T16:20:00+08:00,0.32,1.24,2.7499999999999996,7.22,25.340000000000003,92.95748639815334,66,1.496447920309204E-4,Low
GEYLANG,2021-04-17T16:20:00+08:00,0.36,1.1099999999999999,2.74,6.9399999999999995,31.549999999999997,88.96001492389995,66,1.3752780613637038E-4,Low
HOUGANG,2021-04-17T16:20:00+08:00,0.39,1.5100000000000002,3.4099999999999997,7.99,22.410000000000004,58.87626079440538,66,1.8578525940034086E-4,Low
JURONG EAST,2021-04-17T16:20:00+08:00,0.38,1.5699999999999998,3.8699999999999997,7.92,24.53,117.61009676873596,66,1.8232793756781188E-4,Low
JURONG WEST,2021-04-17T16:20:00+08:00,0.56,1.74,4.07,9.649999999999999,37.949999999999996,116.70681825972147,66,2.779769271722252E-4,Low
KALLANG,2021-04-17T16:20:00+08:00,0.35,1.2399999999999998,2.7399999999999998,7.470000000000001,27.16,90.40080928251615,66,1.60924036496748E-4,Low
LIM CHU KANG,2021-04-17T16:20:00+08:00,0.47,1.8,4.539999999999999,8.399999999999999,20.73,92.68654967845934,66,2.0672998377724717E-4,Low
MANDAI,2021-04-17T16:20:00+08:00,0.41,1.74,3.64,6.92,16.58,58.48754358708673,66,1.3668308896994344E-4,Low
MARINA EAST,2021-04-17T16:20:00+08:00,0.35,1.2,2.6500000000000004,6.7700000000000005,27.71,90.03211831643,66,1.3043577941896026E-4,Low
MARINA SOUTH,2021-04-17T16:20:00+08:00,0.38,1.2000000000000002,2.63,6.6,26.36,84.97395433649095,66,1.235429592162335E-4,Low
MARINE PARADE,2021-04-17T16:20:00+08:00,0.26,1.06,2.5599999999999996,6.529999999999999,31.79,94.3631905960965,66,1.2076248268044003E-4,Low
MUSEUM,2021-04-17T16:20:00+08:00,0.24,1.23,2.67,7.3100000000000005,25.970000000000002,96.44334553673282,66,1.5365515871991364E-4,Low
NEWTON,2021-04-17T16:20:00+08:00,0.27,1.27,2.93,7.71,23.22,92.55450638487042,66,1.7216274291043432E-4,Low
NORTH-EASTERN ISLANDS,2021-04-17T16:20:00+08:00,0.34,1.1600000000000001,2.6199999999999997,8.85,27.64,76.5750452033968,66,2.3109098965527175E-4,Low
NOVENA,2021-04-17T16:20:00+08:00,0.34,1.39,3.05,8.36,21.740000000000002,94.65269672972681,66,2.0463422794443859E-4,Low
ORCHARD,2021-04-17T16:20:00+08:00,0.33,1.33,2.8899999999999997,7.83,21.89,96.49555390856452,66,1.7793348148677934E-4,Low
OUTRAM,2021-04-17T16:20:00+08:00,0.31,1.25,2.81,7.390000000000001,22.46,96.22646598232475,66,1.5726728078017062E-4,Low
PASIR RIS,2021-04-17T16:20:00+08:00,0.37,1.0699999999999998,2.5,8.2,34.36,64.54921484084204,66,1.9636456055001906E-4,Low
PAYA LEBAR,2021-04-17T16:20:00+08:00,0.34,1.1900000000000002,2.77,7.919999999999999,26.9,74.42337864782874,66,1.8232793756781188E-4,Low
PIONEER,2021-04-17T16:20:00+08:00,0.44,1.7599999999999998,3.8000000000000003,8.280000000000001,34.56,107.39373831953851,66,2.0047673753075231E-4,Low
PUNGGOL,2021-04-17T16:20:00+08:00,0.2,0.8,2.2,4.6,21.02,97.91548196403771,66,5.715985112953173E-5,Low
QUEENSTOWN,2021-04-17T16:20:00+08:00,0.36,1.35,3.1999999999999997,7.8100000000000005,16.57,118.70871022400489,66,1.7696466942252942E-4,Low
RIVER VALLEY,2021-04-17T16:20:00+08:00,0.37,1.37,2.8200000000000003,7.91,21.749999999999996,96.88071699698858,66,1.8183685082001074E-4,Low
ROCHOR,2021-04-17T16:20:00+08:00,0.31,1.25,2.7600000000000002,7.470000000000001,25.740000000000002,93.5759721104159,66,1.60924036496748E-4,Low
SELETAR,2021-04-17T16:20:00+08:00,0.37,1.2000000000000002,2.8200000000000003,6.220000000000001,20.61,74.62975564454956,66,1.0885231994762466E-4,Low
SEMBAWANG,2021-04-17T16:20:00+08:00,0.45,1.93,4.09,7.82,19.380000000000003,69.01190878801472,66,1.7744872411990206E-4,Low
SENGKANG,2021-04-17T16:20:00+08:00,0.23,0.87,2.15,5.66,21.9,66.55786119086042,66,8.899433733896035E-5,Low
SERANGOON,2021-04-17T16:20:00+08:00,0.37,1.4500000000000002,3.1500000000000004,7.91,23.02,72.81008569888581,66,1.8183685082001074E-4,Low
SIMPANG,2021-04-17T16:20:00+08:00,0.34,1.43,3.17,6.629999999999999,18.82,69.09144148325203,66,1.2474489367392402E-4,Low
SINGAPORE RIVER,2021-04-17T16:20:00+08:00,0.3,1.27,2.8099999999999996,7.539999999999999,22.630000000000003,97.66109220081559,66,1.6416036165255236E-4,Low
SOUTHERN ISLANDS,2021-04-17T16:20:00+08:00,0.31,1.22,2.7900000000000005,7.08,20.7,91.95006090844338,66,1.4351834317428676E-4,Low
STRAITS VIEW,2021-04-17T16:20:00+08:00,0.34,1.23,2.7399999999999998,7.059999999999999,24.869999999999997,90.53312911438681,66,1.4265423940112588E-4,Low
SUNGEI KADUT,2021-04-17T16:20:00+08:00,0.53,2.05,4.35,8.25,19.45,96.67794587083584,66,1.9892936411679683E-4,Low
TAMPINES,2021-04-17T16:20:00+08:00,0.23,1.02,2.5599999999999996,11.61,37.10000000000001,71.44351395705827,66,4.1248694305212553E-4,Low
TANGLIN,2021-04-17T16:20:00+08:00,0.38,1.5299999999999998,3.17,8.65,18.0,120.7192578341549,66,2.2008588838747043E-4,Low
TENGAH,2021-04-17T16:20:00+08:00,0.45,1.59,3.9299999999999997,7.85,28.82,104.98300719205149,66,1.7890510470640528E-4,Low
TOA PAYOH,2021-04-17T16:20:00+08:00,0.36,1.4100000000000001,2.9999999999999996,8.94,23.810000000000002,86.89834496640552,66,2.361364491900403E-4,Low
TUAS,2021-04-17T16:20:00+08:00,0.6,2.24,4.42,8.19,30.66,101.0926664694599,66,1.9585372162869632E-4,Low
WESTERN ISLANDS,2021-04-17T16:20:00+08:00,0.43,1.6500000000000001,3.6500000000000004,7.8500000000000005,25.560000000000002,100.65956802933147,66,1.789051047064056E-4,Low
WESTERN WATER CATCHMENT,2021-04-17T16:20:00+08:00,0.41,1.76,3.99,8.77,36.75999999999999,110.68245699251891,66,2.2665471112384334E-4,Low
WOODLANDS,2021-04-17T16:20:00+08:00,0.59,2.54,5.9399999999999995,9.75,21.29,57.95435084463884,66,2.841617382709422E-4,Low
YISHUN,2021-04-17T16:20:00+08:00,0.21,1.41,3.0300000000000002,5.3100000000000005,14.59,57.79667761743868,66,7.765652296525177E-5,Low
ANG MO KIO,2021-04-17T16:25:00+08:00,0.38,1.23,3.0599999999999996,6.91,19.1,71.2522983849503,66,1.3626176743226833E-4,Low
BEDOK,2021-04-17T16:25:00+08:00,0.26,0.89,2.2800000000000002,7.45,30.199999999999996,82.98330601096671,66,1.6000565964966468E-4,Low
BISHAN,2021-04-17T16:25:00+08:00,0.35,1.27,3.06,8.41,20.31,81.91253467178363,66,2.0725569589341244E-4,Low
BOON LAY,2021-04-17T16:25:00+08:00,0.52,1.51,3.4000000000000004,7.0200000000000005,22.549999999999997,97.25796337242498,66,1.4093434883108026E-4,Low
BUKIT BATOK,2021-04-17T16:25:00+08:00,0.25,1.32,3.68,7.09,22.21,110.12117119364999,66,1.439514351410192E-4,Low
BUKIT MERAH,2021-04-17T16:25:00+08:00,0.21,0.85,2.29,6.08,16.06,91.33724570369347,66,1.0368847923169046E-4,Low
BUKIT PANJANG,2021-04-17T16:25:00+08:00,0.3,1.3,3.5199999999999996,7.289999999999999,20.979999999999997,101.13212907387403,66,1.527590946498019E-4,Low
BUKIT TIMAH,2021-04-17T16:25:00+08:00,0.25,1.13,3.12,7.3100000000000005,18.78,111.11107402211134,66,1.5365515871991364E-4,Low
CENTRAL WATER CATCHMENT,2021-04-17T16:25:00+08:00,0.37,1.6,3.86,7.14,15.719999999999999,95.86841793755683,66,1.4612730099201453E-4,Low
CHANGI,2021-04-17T16:25:00+08:00,0.32,0.8900000000000001,2.18,10.170000000000002,34.65,76.21425136384039,66,3.109291119248578E-4,Low
CHANGI BAY,2021-04-17T16:25:00+08:00,0.29,0.95,2.2899999999999996,7.16,24.25,74.89803280703308,66,1.4700250590022693E-4,Low
CHOA CHU KANG,2021-04-17T16:25:00+08:00,0.31,1.3,3.5900000000000003,7.25,22.32,96.15108187528081,66,1.5097531913633888E-4,Low
CLEMENTI,2021-04-17T16:25:00+08:00,0.22,1.02,3.45,6.77,21.400000000000002,122.72313994554268,66,1.3043577941896004E-4,Low
DOWNTOWN CORE,2021-04-17T16:25:00+08:00,0.3,1.04,2.4799999999999995,6.789999999999999,24.730000000000004,93.03402895337949,66,1.3125978315921486E-4,Low
GEYLANG,2021-04-17T16:25:00+08:00,0.25,0.9199999999999999,2.36,6.5,30.82,88.99616686935174,66,1.1958114245488031E-4,Low
HOUGANG,2021-04-17T16:25:00+08:00,0.37,1.31,3.02,7.710000000000001,22.050000000000004,59.10473008714631,66,1.7216274291043432E-4,Low
JURONG EAST,2021-04-17T16:25:00+08:00,0.29,1.21,3.52,7.279999999999999,23.880000000000003,117.61737772455936,66,1.5231210688410564E-4,Low
JURONG WEST,2021-04-17T16:25:00+08:00,0.54,1.67,3.8,9.91,34.97,116.96627057704963,66,2.942079604332036E-4,Low
KALLANG,2021-04-17T16:25:00+08:00,0.26,1.03,2.42,7.07,26.479999999999997,90.4434977497878,66,1.4308594463788353E-4,Low
LIM CHU KANG,2021-04-17T16:25:00+08:00,0.3,1.32,3.8899999999999997,8.19,19.41,92.76374352955659,66,1.9585372162869632E-4,Low
MANDAI,2021-04-17T16:25:00+08:00,0.27,1.28,3.3200000000000003,6.63,15.94,58.61694730433991,66,1.2474489367392426E-4,Low
MARINA EAST,2021-04-17T16:25:00+08:00,0.31,1.07,2.39,6.33,27.049999999999997,90.12569306779113,66,1.1300331440615973E-4,Low
MARINA SOUTH,2021-04-17T16:25:00+08:00,0.37,1.15,2.41,6.18,25.75,85.13968824191271,66,1.0736332379330128E-4,Low
MARINE PARADE,2021-04-17T16:25:00+08:00,0.29,0.95,2.28,6.07,31.14,94.42635402522588,66,1.0332473429703733E-4,Low
MUSEUM,2021-04-17T16:25:00+08:00,0.36,1.0099999999999998,2.44,7.04,25.51,96.57150854980343,66,1.4179290830298587E-4,Low
NEWTON,2021-04-17T16:25:00+08:00,0.33,1.02,2.68,7.29,22.729999999999997,92.66201765049907,66,1.5275909464980216E-4,Low
NORTH-EASTERN ISLANDS,2021-04-17T16:25:00+08:00,0.31,1.03,2.42,7.58,26.75,76.70096897029705,66,1.6602507152563333E-4,Low
NOVENA,2021-04-17T16:25:00+08:00,0.29,1.11,2.8,7.86,21.180000000000003,94.71516422458157,66,1.7939197079748913E-4,Low
ORCHARD,2021-04-17T16:25:00+08:00,0.26,1.01,2.5700000000000003,7.39,21.34,96.52359141964688,66,1.5726728078017062E-4,Low
OUTRAM,2021-04-17T16:25:00+08:00,0.27,1.0,2.52,6.93,21.9,96.26515034502441,66,1.3710510182690668E-4,Low
PASIR RIS,2021-04-17T16:25:00+08:00,0.36,1.02,2.4,7.03,33.86,64.75404710589801,66,1.4136328217940713E-4,Low
PAYA LEBAR,2021-04-17T16:25:00+08:00,0.31,1.04,2.4899999999999998,7.039999999999999,26.159999999999997,74.55447473520735,66,1.4179290830298587E-4,Low
PIONEER,2021-04-17T16:25:00+08:00,0.5,1.52,3.52,8.17,32.45,107.63557804348709,66,1.9483416466292163E-4,Low
PUNGGOL,2021-04-17T16:25:00+08:00,0.2,0.8,2.0,4.4,20.61,97.8801061567599,66,5.198459759425914E-5,Low
QUEENSTOWN,2021-04-17T16:25:00+08:00,0.21,0.99,2.8499999999999996,6.5,15.900000000000002,118.63335025906954,66,1.1958114245488031E-4,Low
RIVER VALLEY,2021-04-17T16:25:00+08:00,0.22,1.0,2.45,7.500000000000001,21.169999999999998,96.86782862718823,66,1.6230684009494882E-4,Low
ROCHOR,2021-04-17T16:25:00+08:00,0.29,1.02,2.4699999999999998,7.08,25.14,93.64102790817641,66,1.4351834317428676E-4,Low
SELETAR,2021-04-17T16:25:00+08:00,0.34,1.1,2.58,5.99,19.839999999999996,74.79035562905217,66,1.0043921758601135E-4,Low
SEMBAWANG,2021-04-17T16:25:00+08:00,0.29,1.4000000000000001,3.7,7.48,18.669999999999998,69.13601332984062,66,1.6138427246140984E-4,Low
SENGKANG,2021-04-17T16:25:00+08:00,0.21,0.84,1.92,5.25,20.2,66.60786493700714,66,7.579516661052434E-5,Low
SERANGOON,2021-04-17T16:25:00+08:00,0.35,1.23,2.9,7.529999999999999,22.34,72.98505992813347,66,1.6369593266724373E-4,Low
SIMPANG,2021-04-17T16:25:00+08:00,0.29,1.1400000000000001,2.91,6.299999999999999,18.05,69.21535483904717,66,1.118630354596237E-4,Low
SINGAPORE RIVER,2021-04-17T16:25:00+08:00,0.28,1.0,2.51,7.13,22.1,97.70632791272432,66,1.456907399191451E-4,Low
SOUTHERN ISLANDS,2021-04-17T16:25:00+08:00,0.26,0.98,2.5199999999999996,6.549999999999999,20.13,91.98902518067646,66,1.2155347252190181E-4,Low
STRAITS VIEW,2021-04-17T16:25:00+08:00,0.31,1.07,2.48,6.579999999999999,24.259999999999998,90.62549950236577,66,1.2274510462441198E-4,Low
SUNGEI KADUT,2021-04-17T16:25:00+08:00,0.53,1.68,4.19,8.17,18.72,96.9755449358778,66,1.9483416466292163E-4,Low
TAMPINES,2021-04-17T16:25:00+08:00,0.39,1.0,2.53,8.16,37.13000000000001,71.66177324317829,66,1.9432544638910986E-4,Low
TANGLIN,2021-04-17T16:25:00+08:00,0.21,1.1500000000000001,2.9499999999999997,7.76,17.130000000000003,120.6390647799336,66,1.7455493179049757E-4,Low
TENGAH,2021-04-17T16:25:00+08:00,0.37,1.31,3.41,7.83,27.92,105.10064199328386,66,1.7793348148677934E-4,Low
TOA PAYOH,2021-04-17T16:25:00+08:00,0.31,1.16,2.74,8.53,23.29,86.99945289247296,66,2.1361961316564374E-4,Low
TUAS,2021-04-17T16:25:00+08:00,0.48,1.83,3.96,8.04,28.96,101.32965313282682,66,1.8827591305066213E-4,Low
WESTERN ISLANDS,2021-04-17T16:25:00+08:00,0.37,1.3599999999999999,3.3100000000000005,7.48,24.38,100.78759580379678,66,1.6138427246140984E-4,Low
WESTERN WATER CATCHMENT,2021-04-17T16:25:00+08:00,0.54,1.68,3.58,9.030000000000001,33.779999999999994,110.95639107379448,66,2.4123984397050364E-4,Low
WOODLANDS,2021-04-17T16:25:00+08:00,0.39,1.77,5.209999999999999,9.54,20.83,58.20503628639228,66,2.712570798087067E-4,Low
YISHUN,2021-04-17T16:25:00+08:00,0.21,1.02,2.83,5.109999999999999,13.61,57.86774208467812,66,7.154521008192304E-5,Low
ANG MO KIO,2021-04-17T16:30:00+08:00,0.21,0.97,2.77,6.459999999999999,17.430000000000003,71.29101732789623,66,1.1801561937729126E-4,Low
BEDOK,2021-04-17T16:30:00+08:00,0.38,0.99,2.23,6.16,29.929999999999996,83.16382517043847,66,1.0662291200943702E-4,Low
BISHAN,2021-04-17T16:30:00+08:00,0.22,0.9299999999999999,2.7100000000000004,7.83,19.490000000000002,81.93562782326681,66,1.7793348148677934E-4,Low
BOON LAY,2021-04-17T16:30:00+08:00,0.36,1.29,3.11,6.630000000000001,21.269999999999996,97.38416815246795,66,1.2474489367392426E-4,Low
BUKIT BATOK,2021-04-17T16:30:00+08:00,0.21,0.86,2.9499999999999997,6.7700000000000005,21.59,110.06645453140034,66,1.3043577941896026E-4,Low
BUKIT MERAH,2021-04-17T16:30:00+08:00,0.15,0.63,1.94,5.46,15.220000000000002,91.26768310224567,66,8.24150843995891E-5,Low
BUKIT PANJANG,2021-04-17T16:30:00+08:00,0.22,0.9199999999999999,2.9499999999999997,6.87,20.26,101.10902087438387,66,1.345833918041796E-4,Low
BUKIT TIMAH,2021-04-17T16:30:00+08:00,0.19,0.8,2.6399999999999997,6.68,18.1,111.03397776500395,66,1.2676186719851515E-4,Low
CENTRAL WATER CATCHMENT,2021-04-17T16:30:00+08:00,0.21,1.1,3.44,6.71,15.3,95.84796300017737,66,1.2798030704343712E-4,Low
CHANGI,2021-04-17T16:30:00+08:00,0.33,0.9300000000000002,2.15,7.990000000000001,33.279999999999994,76.36104243118736,66,1.8578525940034086E-4,Low
CHANGI BAY,2021-04-17T16:30:00+08:00,0.28,0.87,2.14,6.1899999999999995,23.47,74.99798788888671,66,1.07734551037668E-4,Low
CHOA CHU KANG,2021-04-17T16:30:00+08:00,0.23,0.9299999999999999,3.0,6.97,21.47,96.1499474513565,66,1.3880006910931017E-4,Low
CLEMENTI,2021-04-17T16:30:00+08:00,0.2,0.72,2.83,6.04,21.150000000000002,122.62812982500873,66,1.0223757479079161E-4,Low
DOWNTOWN CORE,2021-04-17T16:30:00+08:00,0.24,0.86,2.2199999999999998,6.25,23.940000000000005,93.05038751047414,66,1.0997622270538097E-4,Low
GEYLANG,2021-04-17T16:30:00+08:00,0.24,0.85,2.1399999999999997,5.92,30.029999999999998,89.02223191033066,66,9.794999388429322E-5,Low
HOUGANG,2021-04-17T16:30:00+08:00,0.37,1.13,2.83,7.58,21.58,59.33265017006731,66,1.6602507152563333E-4,Low
JURONG EAST,2021-04-17T16:30:00+08:00,0.23,0.8999999999999999,2.84,6.8,23.18,117.56464117793249,66,1.3167281931906642E-4,Low
JURONG WEST,2021-04-17T16:30:00+08:00,0.38,1.48,3.4099999999999997,9.71,30.96,117.06509920548388,66,2.8167913754053475E-4,Low
KALLANG,2021-04-17T16:30:00+08:00,0.3,0.9099999999999999,2.21,6.6,25.85,90.52608359965672,66,1.235429592162335E-4,Low
LIM CHU KANG,2021-04-17T16:30:00+08:00,0.28,1.05,3.2,7.93,18.5,92.8207518168936,66,1.828197281727053E-4,Low
MANDAI,2021-04-17T16:30:00+08:00,0.28,0.96,2.9400000000000004,6.380000000000001,15.39,58.75603995225244,66,1.1491744400727208E-4,Low
MARINA EAST,2021-04-17T16:30:00+08:00,0.24,0.8999999999999999,2.1399999999999997,5.880000000000001,26.28,90.14904287788453,66,9.654247867329246E-5,Low
MARINA SOUTH,2021-04-17T16:30:00+08:00,0.21,0.96,2.19,5.74,24.950000000000003,85.14502374504914,66,9.170134053742475E-5,Low
MARINE PARADE,2021-04-17T16:30:00+08:00,0.27,0.8200000000000001,2.0300000000000002,5.57,30.33,94.469365617865,66,8.600043778041164E-5,Low
MUSEUM,2021-04-17T16:30:00+08:00,0.21,0.8099999999999999,2.2199999999999998,6.43,24.700000000000003,96.54936347602136,66,1.1684867003959627E-4,Low
NEWTON,2021-04-17T16:30:00+08:00,0.21,0.81,2.35,6.5600000000000005,21.83,92.64927047333163,66,1.2194999677079774E-4,Low
NORTH-EASTERN ISLANDS,2021-04-17T16:30:00+08:00,0.32,0.97,2.3000000000000003,6.559999999999999,25.78,76.83659003319488,66,1.2194999677079774E-4,Low
NOVENA,2021-04-17T16:30:00+08:00,0.22,0.85,2.47,7.21,20.380000000000003,94.7074815558796,66,1.4920267365224114E-4,Low
ORCHARD,2021-04-17T16:30:00+08:00,0.2,0.79,2.2800000000000002,6.629999999999999,20.450000000000003,96.49156153227831,66,1.2474489367392402E-4,Low
OUTRAM,2021-04-17T16:30:00+08:00,0.21,0.79,2.2199999999999998,6.3,21.04,96.24374171565664,66,1.118630354596237E-4,Low
PASIR RIS,2021-04-17T16:30:00+08:00,0.48,1.21,2.46,6.4,32.730000000000004,65.07838698140765,66,1.1568788184600214E-4,Low
PAYA LEBAR,2021-04-17T16:30:00+08:00,0.33,0.98,2.35,6.43,25.189999999999998,74.70525568501242,66,1.1684867003959627E-4,Low
PIONEER,2021-04-17T16:30:00+08:00,0.37,1.31,3.14,7.929999999999999,29.82,107.74683641687582,66,1.828197281727053E-4,Low
PUNGGOL,2021-04-17T16:30:00+08:00,0.4,0.8,2.0,4.6,19.21,98.0448153882219,66,5.715985112953173E-5,Low
QUEENSTOWN,2021-04-17T16:30:00+08:00,0.16,0.73,2.31,5.6899999999999995,15.39,118.50817144947581,66,9.000441179692314E-5,Low
RIVER VALLEY,2021-04-17T16:30:00+08:00,0.2,0.79,2.22,6.73,20.339999999999996,96.83497123931623,66,1.2879604245140213E-4,Low
ROCHOR,2021-04-17T16:30:00+08:00,0.25,0.85,2.2199999999999998,6.52,24.389999999999997,93.66592732044394,66,1.2036801680750681E-4,Low
SELETAR,2021-04-17T16:30:00+08:00,0.24,0.95,2.37,5.6899999999999995,19.049999999999997,74.85056955253314,66,9.000441179692314E-5,Low
SEMBAWANG,2021-04-17T16:30:00+08:00,0.3,1.04,3.25,7.18,18.009999999999998,69.26981954083942,66,1.478804886878384E-4,Low
SENGKANG,2021-04-17T16:30:00+08:00,0.22,0.66,1.7299999999999998,4.859999999999999,18.130000000000003,66.6677484807928,66,6.427929618403989E-5,Low
SERANGOON,2021-04-17T16:30:00+08:00,0.24,0.96,2.6399999999999997,7.0600000000000005,21.1,73.04961354258522,66,1.4265423940112615E-4,Low
SIMPANG,2021-04-17T16:30:00+08:00,0.25,0.88,2.59,5.97,17.130000000000003,69.29897032360103,66,9.972462253905225E-5,Low
SINGAPORE RIVER,2021-04-17T16:30:00+08:00,0.21,0.79,2.23,6.460000000000001,21.230000000000004,97.6814548839927,66,1.1801561937729147E-4,Low
SOUTHERN ISLANDS,2021-04-17T16:30:00+08:00,0.2,0.77,2.19,5.959999999999999,19.34,91.96789578797681,66,9.936834180254913E-5,Low
STRAITS VIEW,2021-04-17T16:30:00+08:00,0.23,0.88,2.22,6.05,23.46,90.63764784420655,66,1.0259928222659208E-4,Low
SUNGEI KADUT,2021-04-17T16:30:00+08:00,0.24,1.3,3.630000000000001,7.890000000000001,17.989999999999995,96.98242861231344,66,1.8085678842295913E-4,Low
TAMPINES,2021-04-17T16:30:00+08:00,0.4,1.02,2.23,6.879999999999999,36.96000000000001,71.88950786297755,66,1.3500194940026936E-4,Low
TANGLIN,2021-04-17T16:30:00+08:00,0.19,0.78,2.54,6.99,15.46,120.53906449915831,66,1.3965170412161916E-4,Low
TENGAH,2021-04-17T16:30:00+08:00,0.23,1.05,2.93,7.66,26.83,105.07799401608581,66,1.697880877040451E-4,Low
TOA PAYOH,2021-04-17T16:30:00+08:00,0.26,0.9299999999999999,2.5,7.969999999999999,22.55,87.05031776852172,66,1.847939315214467E-4,Low
TUAS,2021-04-17T16:30:00+08:00,0.61,1.69,3.92,8.21,27.449999999999996,101.69607011174665,66,1.9687610658299462E-4,Low
WESTERN ISLANDS,2021-04-17T16:30:00+08:00,0.32,1.12,2.95,7.140000000000001,23.099999999999998,100.86531581650505,66,1.4612730099201478E-4,Low
WESTERN WATER CATCHMENT,2021-04-17T16:30:00+08:00,0.37,1.3199999999999998,3.31,8.82,30.049999999999997,111.05966665394001,66,2.294220309409879E-4,Low
WOODLANDS,2021-04-17T16:30:00+08:00,0.38,1.3599999999999999,4.449999999999999,9.32,20.560000000000002,58.445119113655736,66,2.58079123079832E-4,Low
YISHUN,2021-04-17T16:30:00+08:00,0.2,0.62,2.43,4.9,12.24,57.92863572238162,66,6.541407602096824E-5,Low
ANG MO KIO,2021-04-17T16:35:00+08:00,0.22,0.8099999999999999,2.26,6.12,16.380000000000003,71.33964319564843,67,1.0515025512306832E-4,Low
BEDOK,2021-04-17T16:35:00+08:00,0.46,1.1,2.25,5.46,29.86,83.4239103858389,67,8.24150843995891E-5,Low
BISHAN,2021-04-17T16:35:00+08:00,0.22,0.7899999999999999,2.3200000000000003,7.15,18.62,81.95866546188253,67,1.4656455627586298E-4,Low
BOON LAY,2021-04-17T16:35:00+08:00,0.22,1.1,2.71,6.540000000000001,18.939999999999998,97.37006955299023,67,1.2115763453847896E-4,Low
BUKIT BATOK,2021-04-17T16:35:00+08:00,0.2,0.6599999999999999,2.47,6.710000000000001,21.0,110.0018694007358,67,1.2798030704343712E-4,Low
BUKIT MERAH,2021-04-17T16:35:00+08:00,0.07,0.43,1.52,4.83,14.470000000000002,91.118287720048,67,6.34351352499032E-5,Low
BUKIT PANJANG,2021-04-17T16:35:00+08:00,0.2,0.72,2.41,6.5600000000000005,19.5,101.06596822393459,67,1.2194999677079774E-4,Low
BUKIT TIMAH,2021-04-17T16:35:00+08:00,0.11,0.55,2.03,5.93,17.38,110.87706683705382,67,9.830356491483813E-5,Low
CENTRAL WATER CATCHMENT,2021-04-17T16:35:00+08:00,0.33,0.9099999999999999,2.88,6.54,14.63,95.94755723374927,67,1.2115763453847875E-4,Low
CHANGI,2021-04-17T16:35:00+08:00,0.38,1.03,1.96,5.84,31.609999999999996,76.55748063231454,67,9.514578633894655E-5,Low
CHANGI BAY,2021-04-17T16:35:00+08:00,0.26,0.8300000000000001,1.9200000000000002,5.279999999999999,22.65,75.07770269200597,67,7.672284445558134E-5,Low
CHOA CHU KANG,2021-04-17T16:35:00+08:00,0.23,0.77,2.5,6.77,20.61,96.14881575443654,67,1.3043577941896004E-4,Low
CLEMENTI,2021-04-17T16:35:00+08:00,0.12,0.54,1.96,5.7700000000000005,20.78,122.45334809617924,67,9.272758751975005E-5,Low
DOWNTOWN CORE,2021-04-17T16:35:00+08:00,0.11,0.65,1.8900000000000001,5.569999999999999,22.67,92.93670674377131,67,8.600043778041164E-5,Low
GEYLANG,2021-04-17T16:35:00+08:00,0.22,0.71,1.8199999999999998,5.5,29.060000000000002,89.02823429441469,67,8.370946137035617E-5,Low
HOUGANG,2021-04-17T16:35:00+08:00,0.36,1.1,2.6100000000000003,7.17,20.869999999999997,59.550022363395826,67,1.4744114999448103E-4,Low
JURONG EAST,2021-04-17T16:35:00+08:00,0.16,0.68,2.25,6.52,22.300000000000004,117.44203140295586,67,1.2036801680750681E-4,Low
JURONG WEST,2021-04-17T16:35:00+08:00,0.38,1.3,3.04,9.52,28.240000000000002,117.16369026302807,67,2.700446715794866E-4,Low
KALLANG,2021-04-17T16:35:00+08:00,0.14,0.7000000000000001,1.94,5.919999999999999,24.94,90.44847092411686,67,9.794999388429322E-5,Low
LIM CHU KANG,2021-04-17T16:35:00+08:00,0.22,0.8,2.6,7.65,17.46,92.81762306388333,67,1.693152593705089E-4,Low
MANDAI,2021-04-17T16:35:00+08:00,0.26,0.81,2.55,6.120000000000001,14.780000000000001,58.87479823992253,67,1.0515025512306832E-4,Low
MARINA EAST,2021-04-17T16:35:00+08:00,0.16,0.7100000000000001,1.91,5.36,25.46,90.09233655813726,67,7.922600100801656E-5,Low
MARINA SOUTH,2021-04-17T16:35:00+08:00,0.18,0.76,1.9600000000000002,5.28,24.240000000000002,85.12034642234505,67,7.672284445558149E-5,Low
MARINE PARADE,2021-04-17T16:35:00+08:00,0.24,0.8,1.86,5.220000000000001,29.589999999999996,94.48227381635095,67,7.487348484418867E-5,Low
MUSEUM,2021-04-17T16:35:00+08:00,0.02,0.59,1.8199999999999998,5.51,22.12,96.33727163605394,67,8.403473120700411E-5,Low
NEWTON,2021-04-17T16:35:00+08:00,0.04,0.5800000000000001,1.85,5.76,19.35,92.46655393868421,67,9.238483068024413E-5,Low
NORTH-EASTERN ISLANDS,2021-04-17T16:35:00+08:00,0.3,0.9299999999999999,2.0900000000000003,5.609999999999999,24.8,76.95188508107933,67,8.732433744159033E-5,Low
NOVENA,2021-04-17T16:35:00+08:00,0.13,0.64,2.03,6.42,19.190000000000005,94.60981735529226,67,1.1646105625998488E-4,Low
ORCHARD,2021-04-17T16:35:00+08:00,0.03,0.49,1.82,5.829999999999999,18.1,96.28960864050273,67,9.479830317217206E-5,Low
OUTRAM,2021-04-17T16:35:00+08:00,0.09,0.57,1.82,5.58,19.689999999999998,96.10238454978904,67,8.633040498389406E-5,Low
PASIR RIS,2021-04-17T16:35:00+08:00,0.36,1.2,2.2699999999999996,5.74,31.74,65.281947186956,67,9.170134053742475E-5,Low
PAYA LEBAR,2021-04-17T16:35:00+08:00,0.29,0.9299999999999999,2.12,5.86,24.33,74.81567417745048,67,9.584278026326033E-5,Low
PIONEER,2021-04-17T16:35:00+08:00,0.36,1.23,2.9899999999999998,7.709999999999999,26.86,107.84782733991935,67,1.7216274291043432E-4,Low
PUNGGOL,2021-04-17T16:35:00+08:00,0.2,0.8,1.5999999999999999,4.3999999999999995,17.81,98.00912868057864,67,5.198459759425914E-5,Low
QUEENSTOWN,2021-04-17T16:35:00+08:00,0.06,0.43,1.78,5.24,14.940000000000001,118.28329355310612,67,7.548727335123802E-5,Low
RIVER VALLEY,2021-04-17T16:35:00+08:00,0.01,0.43000000000000005,1.8,5.920000000000001,17.769999999999996,96.61219283623846,67,9.794999388429322E-5,Low
ROCHOR,2021-04-17T16:35:00+08:00,0.08,0.62,1.87,5.74,22.779999999999998,93.52076687783311,67,9.170134053742475E-5,Low
SELETAR,2021-04-17T16:35:00+08:00,0.18,0.76,1.9600000000000002,5.33,17.729999999999997,74.85063872974352,67,7.828231126186187E-5,Low
SEMBAWANG,2021-04-17T16:35:00+08:00,0.26,0.85,2.7799999999999994,6.85,17.21,69.36330409948765,67,1.3374834842966226E-4,Low
SENGKANG,2021-04-17T16:35:00+08:00,0.2,0.63,1.5,4.62,17.430000000000003,66.70748807249674,67,5.769175020322989E-5,Low
SERANGOON,2021-04-17T16:35:00+08:00,0.28,0.87,2.3200000000000003,6.61,20.18,73.15401197872595,67,1.2394291688718118E-4,Low
SIMPANG,2021-04-17T16:35:00+08:00,0.22,0.76,2.19,5.620000000000001,16.28,69.35238480764114,67,8.76569924131773E-5,Low
SINGAPORE RIVER,2021-04-17T16:35:00+08:00,0.05,0.54,1.81,5.66,19.35,97.49664164671694,67,8.899433733896035E-5,Low
SOUTHERN ISLANDS,2021-04-17T16:35:00+08:00,0.13,0.5900000000000001,1.81,5.359999999999999,18.450000000000003,91.87681718752945,67,7.922600100801656E-5,Low
STRAITS VIEW,2021-04-17T16:35:00+08:00,0.15,0.6900000000000001,1.92,5.47,22.5,90.56976698304787,67,8.273767361356231E-5,Low
SUNGEI KADUT,2021-04-17T16:35:00+08:00,0.22,0.99,3.0400000000000005,7.450000000000001,17.22,96.96929574130566,67,1.6000565964966468E-4,Low
TAMPINES,2021-04-17T16:35:00+08:00,0.39,1.1800000000000002,2.2,5.949999999999999,36.940000000000005,72.10669503901302,67,9.90127387212803E-5,Low
TANGLIN,2021-04-17T16:35:00+08:00,0.03,0.43000000000000005,1.9599999999999997,5.909999999999999,14.669999999999998,120.27930460576961,67,9.759709989823805E-5,Low
TENGAH,2021-04-17T16:35:00+08:00,0.33,0.9299999999999999,2.52,7.58,25.39,105.15540048161539,67,1.6602507152563333E-4,Low
TOA PAYOH,2021-04-17T16:35:00+08:00,0.21,0.78,2.1900000000000004,7.24,21.700000000000003,87.05106037216756,67,1.5053111464479724E-4,Low
TUAS,2021-04-17T16:35:00+08:00,0.52,1.6099999999999999,3.85,7.960000000000001,25.08,101.97160627293997,67,1.8429932430939668E-4,Low
WESTERN ISLANDS,2021-04-17T16:35:00+08:00,0.27,0.96,2.61,6.800000000000001,21.58,100.89284900063049,67,1.3167281931906666E-4,Low
WESTERN WATER CATCHMENT,2021-04-17T16:35:00+08:00,0.52,1.4300000000000002,3.19,8.77,26.740000000000002,111.31269397331451,67,2.2665471112384334E-4,Low
WOODLANDS,2021-04-17T16:35:00+08:00,0.21,0.98,3.52,8.93,19.26,58.514624813705524,67,2.355729829859355E-4,Low
YISHUN,2021-04-17T16:35:00+08:00,0.2,0.6100000000000001,2.02,4.6899999999999995,11.620000000000001,57.98938297987185,67,5.9574036004306134E-5,Low
ANG MO KIO,2021-04-17T16:40:00+08:00,0.19,0.62,1.8499999999999999,5.7,15.520000000000003,71.35815217327615,67,9.034244999151131E-5,Low
BEDOK,2021-04-17T16:40:00+08:00,0.22,1.06,1.95,4.9399999999999995,29.21,83.44337039094256,67,6.655941727693597E-5,Low
BISHAN,2021-04-17T16:40:00+08:00,0.15,0.59,1.8599999999999999,5.970000000000001,17.500000000000004,81.91164772107635,67,9.972462253905225E-5,Low
BOON LAY,2021-04-17T16:40:00+08:00,0.2,0.78,2.2900000000000005,6.090000000000001,16.19,97.33600484467219,67,1.0405290363227113E-4,Low
BUKIT BATOK,2021-04-17T16:40:00+08:00,0.1,0.51,1.83,6.4,20.349999999999998,109.83743952414306,67,1.1568788184600214E-4,Low
BUKIT MERAH,2021-04-17T16:40:00+08:00,0.09,0.31,1.1600000000000001,4.25,13.600000000000001,90.98925146449696,67,4.8274026729405614E-5,Low
BUKIT PANJANG,2021-04-17T16:40:00+08:00,0.16,0.5800000000000001,1.88,6.140000000000001,18.63,100.98301906633598,67,1.058852228475095E-4,Low
BUKIT TIMAH,2021-04-17T16:40:00+08:00,0.14,0.44,1.5699999999999998,5.28,16.61,110.75053310212358,67,7.672284445558149E-5,Low
CENTRAL WATER CATCHMENT,2021-04-17T16:40:00+08:00,0.2,0.74,2.3400000000000003,6.34,13.91,95.91691205601809,67,1.1338477347293099E-4,Low
CHANGI,2021-04-17T16:40:00+08:00,0.29,1.0,1.8900000000000001,5.139999999999999,29.74,76.66344662210965,67,7.244494583769087E-5,Low
CHANGI BAY,2021-04-17T16:40:00+08:00,0.2,0.74,1.69,4.72,21.6,75.09722587133133,67,6.039056938521711E-5,Low
CHOA CHU KANG,2021-04-17T16:40:00+08:00,0.17,0.63,1.93,6.380000000000001,19.5,96.0876867779656,67,1.1491744400727208E-4,Low
CLEMENTI,2021-04-17T16:40:00+08:00,0.11,0.43,1.45,5.460000000000001,20.339999999999996,122.26898651940023,67,8.241508439958925E-5,Low
DOWNTOWN CORE,2021-04-17T16:40:00+08:00,0.11,0.45999999999999996,1.5000000000000002,4.9399999999999995,20.869999999999997,92.82329925052532,67,6.655941727693597E-5,Low
GEYLANG,2021-04-17T16:40:00+08:00,0.19,0.6499999999999999,1.5699999999999998,5.0,27.950000000000003,89.00422224956499,67,6.829725703877229E-5,Low
HOUGANG,2021-04-17T16:40:00+08:00,0.2,0.9299999999999999,2.24,6.57,19.22,59.606872022856784,67,1.2234720742506494E-4,Low
JURONG EAST,2021-04-17T16:40:00+08:00,0.17,0.56,1.7699999999999998,6.16,21.340000000000003,117.32971636558545,67,1.0662291200943702E-4,Low
JURONG WEST,2021-04-17T16:40:00+08:00,0.21,0.97,2.6399999999999997,8.77,25.040000000000003,117.09204432077107,67,2.2665471112384334E-4,Low
KALLANG,2021-04-17T16:40:00+08:00,0.13,0.5700000000000001,1.6,5.209999999999999,23.160000000000004,90.36104481913554,67,7.456758925473049E-5,Low
LIM CHU KANG,2021-04-17T16:40:00+08:00,0.15,0.65,1.97,7.05,16.14,92.74450183197953,67,1.4222322733316526E-4,Low
MANDAI,2021-04-17T16:40:00+08:00,0.2,0.74,2.02,5.8500000000000005,14.059999999999999,58.93327104845009,67,9.54939453176825E-5,Low
MARINA EAST,2021-04-17T16:40:00+08:00,0.1,0.5,1.57,4.84,24.1,89.97576655284733,67,6.371586316938713E-5,Low
MARINA SOUTH,2021-04-17T16:40:00+08:00,0.03,0.42000000000000004,1.5699999999999998,4.82,23.1,84.94572842064552,67,6.315506614500964E-5,Low
MARINE PARADE,2021-04-17T16:40:00+08:00,0.19,0.7,1.65,4.77,28.549999999999997,94.44515098524303,67,6.176459640886038E-5,Low
MUSEUM,2021-04-17T16:40:00+08:00,0.04,0.26999999999999996,1.2799999999999998,4.75,18.79,96.1456896366863,67,6.121301377185465E-5,Low
NEWTON,2021-04-17T16:40:00+08:00,0.15,0.4,1.42,5.17,16.07,92.39427663030607,67,7.335066065741737E-5,Low
NORTH-EASTERN ISLANDS,2021-04-17T16:40:00+08:00,0.24,0.86,1.8900000000000001,5.05,23.57,77.00690297498949,67,6.976365695396767E-5,Low
NOVENA,2021-04-17T16:40:00+08:00,0.12,0.47,1.58,5.41,17.54,94.50238792646519,67,8.081218121487312E-5,Low
ORCHARD,2021-04-17T16:40:00+08:00,0.16,0.39,1.4,5.209999999999999,15.930000000000001,96.21814121664275,67,7.456758925473049E-5,Low
OUTRAM,2021-04-17T16:40:00+08:00,0.11,0.41,1.4100000000000001,4.92,18.060000000000002,95.98136718776412,67,6.598542574850932E-5,Low
PASIR RIS,2021-04-17T16:40:00+08:00,0.33,1.17,2.19,5.359999999999999,30.589999999999996,65.45501806082004,67,7.922600100801656E-5,Low
PAYA LEBAR,2021-04-17T16:40:00+08:00,0.22,0.84,1.8800000000000001,5.32,23.1,74.85582723850553,67,7.796908340548818E-5,Low
PIONEER,2021-04-17T16:40:00+08:00,0.23,0.96,2.48,7.029999999999999,24.68,107.81857549420393,67,1.4136328217940713E-4,Low
PUNGGOL,2021-04-17T16:40:00+08:00,0.0,0.6000000000000001,1.4000000000000001,3.9999999999999996,17.400000000000002,97.77352775903837,67,4.2413182765314203E-5,Low
QUEENSTOWN,2021-04-17T16:40:00+08:00,0.17,0.39,1.38,4.949999999999999,14.57,118.16895623331672,67,6.684740416658053E-5,Low
RIVER VALLEY,2021-04-17T16:40:00+08:00,0.18,0.39,1.39,5.300000000000001,16.18,96.5599499628381,67,7.73446297727141E-5,Low
ROCHOR,2021-04-17T16:40:00+08:00,0.11,0.44,1.4600000000000002,5.029999999999999,20.439999999999998,93.40595538163687,67,6.917510992264554E-5,Low
SELETAR,2021-04-17T16:40:00+08:00,0.19,0.61,1.71,4.93,15.4,74.86070774066107,67,6.627209119751192E-5,Low
SEMBAWANG,2021-04-17T16:40:00+08:00,0.2,0.76,2.16,6.510000000000001,16.25,69.39656393367945,67,1.199742367792076E-4,Low
SENGKANG,2021-04-17T16:40:00+08:00,0.2,0.6200000000000001,1.46,4.21,16.78,66.74713213550298,67,4.730917759430064E-5,Low
SERANGOON,2021-04-17T16:40:00+08:00,0.18,0.7,1.93,5.870000000000001,18.77,73.15815945489905,67,9.619229133032594E-5,Low
SIMPANG,2021-04-17T16:40:00+08:00,0.2,0.6699999999999999,1.81,5.290000000000001,15.190000000000001,69.38567089035955,67,7.7033403659157E-5,Low
SINGAPORE RIVER,2021-04-17T16:40:00+08:00,0.11,0.37,1.37,4.9799999999999995,17.35,97.37227267590494,67,6.771533149004066E-5,Low
SOUTHERN ISLANDS,2021-04-17T16:40:00+08:00,0.13,0.46,1.44,4.79,17.34,91.78595752793471,67,6.23188098822532E-5,Low
STRAITS VIEW,2021-04-17T16:40:00+08:00,0.1,0.48,1.55,4.91,21.16,90.45204929845914,67,6.569942074980871E-5,Low
SUNGEI KADUT,2021-04-17T16:40:00+08:00,0.2,0.6599999999999999,2.3400000000000003,7.010000000000002,16.12,96.93619443997463,67,1.4050610812649012E-4,Low
TAMPINES,2021-04-17T16:40:00+08:00,0.37,1.1600000000000001,2.16,5.48,36.260000000000005,72.30336012593791,67,8.306093273733109E-5,Low
TANGLIN,2021-04-17T16:40:00+08:00,0.03,0.25,1.4000000000000001,4.969999999999999,13.82,120.02016914064679,67,6.742536109413045E-5,Low
TENGAH,2021-04-17T16:40:00+08:00,0.19,0.75,2.06,7.050000000000001,23.689999999999998,105.09262087228788,67,1.4222322733316526E-4,Low
TOA PAYOH,2021-04-17T16:40:00+08:00,0.13,0.6,1.7599999999999998,5.9399999999999995,20.39,86.97180119069291,67,9.865781314290058E-5,Low
TUAS,2021-04-17T16:40:00+08:00,0.4,1.5299999999999998,3.36,7.84,23.07,102.12648008181603,67,1.7841894164253514E-4,Low
WESTERN ISLANDS,2021-04-17T16:40:00+08:00,0.23,0.8200000000000001,2.18,6.34,20.119999999999997,100.88031599864001,67,1.1338477347293099E-4,Low
WESTERN WATER CATCHMENT,2021-04-17T16:40:00+08:00,0.35,1.24,2.92,7.88,25.14,111.39511304863642,67,1.8036781253700845E-4,Low
WOODLANDS,2021-04-17T16:40:00+08:00,0.2,0.79,2.56,8.7,17.61,58.57396343128856,67,2.2281042469385164E-4,Low
YISHUN,2021-04-17T16:40:00+08:00,0.2,0.6000000000000001,1.6199999999999999,4.66,11.16,58.049984209027386,67,5.876340856675962E-5,Low
ANG MO KIO,2021-04-17T16:45:00+08:00,0.17,0.5800000000000001,1.5499999999999998,5.140000000000001,13.71,71.35661665778119,67,7.244494583769099E-5,Low
BEDOK,2021-04-17T16:45:00+08:00,0.17,0.8500000000000001,1.8399999999999999,4.57,28.5,83.41278361677988,67,5.636691086132094E-5,Low
BISHAN,2021-04-17T16:45:00+08:00,0.15,0.52,1.4499999999999997,5.03,16.210000000000004,81.86474300467118,67,6.917510992264567E-5,Low
BOON LAY,2021-04-17T16:45:00+08:00,0.19,0.6100000000000001,1.9,5.74,14.82,97.2920220233863,67,9.170134053742475E-5,Low
BUKIT BATOK,2021-04-17T16:45:00+08:00,0.16,0.4600000000000001,1.32,6.0,19.4,109.73340491512363,67,1.0079753220002922E-4,Low
BUKIT MERAH,2021-04-17T16:45:00+08:00,0.05,0.21000000000000002,0.84,3.64,12.620000000000001,90.82052539495744,67,3.4677920572371005E-5,Low
BUKIT PANJANG,2021-04-17T16:45:00+08:00,0.15,0.51,1.4299999999999997,5.630000000000001,17.619999999999997,100.89026930748967,67,8.799031972861038E-5,Low
BUKIT TIMAH,2021-04-17T16:45:00+08:00,0.07,0.32,1.12,4.73,15.740000000000002,110.55430353747785,67,6.06640604865033E-5,Low
CENTRAL WATER CATCHMENT,2021-04-17T16:45:00+08:00,0.3,0.8300000000000001,1.9300000000000002,5.99,13.600000000000001,95.98634054522194,67,1.0043921758601135E-4,Low
CHANGI,2021-04-17T16:45:00+08:00,0.22,0.8899999999999999,1.82,4.6,28.049999999999997,76.69915788374642,67,5.715985112953173E-5,Low
CHANGI BAY,2021-04-17T16:45:00+08:00,0.15,0.61,1.4799999999999998,4.23,20.379999999999995,75.0667021195279,67,4.779030782006584E-5,Low
CHOA CHU KANG,2021-04-17T16:45:00+08:00,0.17,0.5700000000000001,1.4999999999999998,5.9,18.19,96.02670474743105,67,9.724488280341566E-5,Low
CLEMENTI,2021-04-17T16:45:00+08:00,0.1,0.32999999999999996,1.05,5.0,19.97,122.07506812335316,67,6.829725703877229E-5,Low
DOWNTOWN CORE,2021-04-17T16:45:00+08:00,0.07,0.29000000000000004,1.1500000000000001,4.21,18.64,92.6701643738231,67,4.730917759430064E-5,Low
GEYLANG,2021-04-17T16:45:00+08:00,0.06,0.47000000000000003,1.32,4.379999999999999,26.690000000000005,88.85026792648031,67,5.1481411644321945E-5,Low
HOUGANG,2021-04-17T16:45:00+08:00,0.18,0.74,1.8699999999999997,5.95,17.889999999999997,59.64358502329078,67,9.90127387212803E-5,Low
JURONG EAST,2021-04-17T16:45:00+08:00,0.11,0.44,1.3399999999999999,5.6,20.310000000000002,117.15767131864006,67,8.699235465337482E-5,Low
JURONG WEST,2021-04-17T16:45:00+08:00,0.19,0.78,2.26,7.549999999999999,21.520000000000003,117.00057060583869,67,1.64625489907762E-4,Low
KALLANG,2021-04-17T16:45:00+08:00,0.1,0.37,1.2799999999999998,4.46,20.340000000000003,90.2438288748931,67,5.350977642131409E-5,Low
LIM CHU KANG,2021-04-17T16:45:00+08:00,0.18,0.55,1.5999999999999999,6.550000000000001,14.94,92.70155637380063,67,1.2155347252190181E-4,Low
MANDAI,2021-04-17T16:45:00+08:00,0.18,0.64,1.5999999999999999,5.460000000000001,13.379999999999999,58.97160329611602,67,8.241508439958925E-5,Low
MARINA EAST,2021-04-17T16:45:00+08:00,0.04,0.3,1.2,4.109999999999999,21.939999999999998,89.79947676635989,67,4.49422987296462E-5,Low
MARINA SOUTH,2021-04-17T16:45:00+08:00,0.02,0.22999999999999998,1.19,4.05,21.509999999999998,84.76153017741821,67,4.355312894645551E-5,Low
MARINE PARADE,2021-04-17T16:45:00+08:00,0.1,0.53,1.35,4.27,26.959999999999997,94.31811739248808,67,4.87603359654437E-5,Low
MUSEUM,2021-04-17T16:45:00+08:00,0.16,0.22,1.03,4.08,15.940000000000001,96.07456817498701,67,4.424481568270939E-5,Low
NEWTON,2021-04-17T16:45:00+08:00,0.05,0.24,1.05,4.3500000000000005,14.030000000000001,92.22217306697277,67,5.07315088039802E-5,Low
NORTH-EASTERN ISLANDS,2021-04-17T16:45:00+08:00,0.21,0.75,1.72,4.6,22.120000000000005,77.03178861319365,67,5.715985112953173E-5,Low
NOVENA,2021-04-17T16:45:00+08:00,0.1,0.35,1.2000000000000002,4.59,15.999999999999998,94.37521674370939,67,5.689488345257454E-5,Low
ORCHARD,2021-04-17T16:45:00+08:00,0.03,0.22,1.01,4.25,13.970000000000002,96.01684559097288,67,4.8274026729405614E-5,Low
OUTRAM,2021-04-17T16:45:00+08:00,0.07,0.27,1.06,4.18,16.27,95.82064073539628,67,4.6592332426247015E-5,Low
PASIR RIS,2021-04-17T16:45:00+08:00,0.22,0.9099999999999999,2.12,4.86,29.099999999999998,65.51767289530159,67,6.427929618403989E-5,Low
PAYA LEBAR,2021-04-17T16:45:00+08:00,0.17,0.68,1.66,4.77,21.71,74.84588377693748,67,6.176459640886038E-5,Low
PIONEER,2021-04-17T16:45:00+08:00,0.3,0.8899999999999999,2.1999999999999997,6.63,22.92,107.8593939660385,67,1.2474489367392426E-4,Low
PUNGGOL,2021-04-17T16:45:00+08:00,0.2,0.4,1.2,3.8,16.790000000000003,97.73849319080598,67,3.801370482907311E-5,Low
QUEENSTOWN,2021-04-17T16:45:00+08:00,0.02,0.25,0.9800000000000001,4.38,14.049999999999999,117.90489376525053,67,5.1481411644321945E-5,Low
RIVER VALLEY,2021-04-17T16:45:00+08:00,0.02,0.21,1.0,4.21,14.049999999999997,96.34783267436316,67,4.730917759430064E-5,Low
ROCHOR,2021-04-17T16:45:00+08:00,0.1,0.29000000000000004,1.1400000000000001,4.28,17.759999999999998,93.28141987702091,67,4.900446246760309E-5,Low
SELETAR,2021-04-17T16:45:00+08:00,0.19,0.56,1.5099999999999998,4.4799999999999995,13.700000000000001,74.87075254701438,67,5.402338162702498E-5,Low
SEMBAWANG,2021-04-17T16:45:00+08:00,0.17,0.63,1.67,6.03,15.34,69.39974381564953,67,1.0187654622090051E-4,Low
SENGKANG,2021-04-17T16:45:00+08:00,0.2,0.6000000000000001,1.26,3.63,15.770000000000003,66.78668089944979,67,3.447483477356903E-5,Low
SERANGOON,2021-04-17T16:45:00+08:00,0.17,0.63,1.5899999999999999,5.050000000000001,17.029999999999998,73.15229696109056,67,6.976365695396767E-5,Low
SIMPANG,2021-04-17T16:45:00+08:00,0.18,0.6000000000000001,1.48,4.87,14.190000000000001,69.39887695775828,67,6.456200164433724E-5,Low
SINGAPORE RIVER,2021-04-17T16:45:00+08:00,0.08,0.24,1.03,4.18,15.309999999999999,97.21820267157217,67,4.6592332426247015E-5,Low
SOUTHERN ISLANDS,2021-04-17T16:45:00+08:00,0.08,0.34,1.11,4.17,16.05,91.64531628288788,67,4.635467658688661E-5,Low
STRAITS VIEW,2021-04-17T16:45:00+08:00,0.06,0.31,1.1900000000000002,4.2,19.43,90.29461459154142,67,4.7069582722421775E-5,Low
SUNGEI KADUT,2021-04-17T16:45:00+08:00,0.17,0.5900000000000001,1.89,6.420000000000002,15.15,96.87317270977339,67,1.1646105625998511E-4,Low
TAMPINES,2021-04-17T16:45:00+08:00,0.2,0.96,1.9800000000000002,4.91,34.769999999999996,72.32955245612742,67,6.569942074980871E-5,Low
TANGLIN,2021-04-17T16:45:00+08:00,0.16,0.22,1.0,4.209999999999999,13.27,119.89165660274725,67,4.730917759430064E-5,Low
TENGAH,2021-04-17T16:45:00+08:00,0.19,0.71,1.76,6.460000000000001,21.72,105.02999217679883,67,1.1801561937729147E-4,Low
TOA PAYOH,2021-04-17T16:45:00+08:00,0.14,0.48,1.4100000000000001,4.92,18.730000000000004,86.9027325377583,67,6.598542574850932E-5,Low
TUAS,2021-04-17T16:45:00+08:00,0.37,1.29,2.98,7.54,21.24,102.25098159463575,67,1.6416036165255236E-4,Low
WESTERN ISLANDS,2021-04-17T16:45:00+08:00,0.19,0.69,1.81,5.82,18.7,100.82781312432088,67,9.445149566224438E-5,Low
WESTERN WATER CATCHMENT,2021-04-17T16:45:00+08:00,0.2,1.07,2.39,6.69,22.59,111.3273339994534,67,1.271673255607552E-4,Low
WOODLANDS,2021-04-17T16:45:00+08:00,0.03,0.44000000000000006,1.7999999999999998,7.949999999999999,16.599999999999998,58.46315940672006,67,1.838054214256859E-4,Low
YISHUN,2021-04-17T16:45:00+08:00,0.2,0.6000000000000001,1.22,4.450000000000001,10.9,58.11043976088094,67,5.325395161028262E-5,Low
ANG MO KIO,2021-04-17T16:50:00+08:00,0.05,0.41,1.22,4.59,12.739999999999998,71.23508483346143,67,5.689488345257454E-5,Low
BEDOK,2021-04-17T16:50:00+08:00,0.07,0.46,1.56,4.04,27.39,83.2822703691578,67,4.3323853776668896E-5,Low
BISHAN,2021-04-17T16:50:00+08:00,0.08,0.38,1.17,4.41,14.990000000000002,81.74795104097137,67,5.223716638444181E-5,Low
BOON LAY,2021-04-17T16:50:00+08:00,0.04,0.43,1.53,5.050000000000001,14.08,97.09814493095818,67,6.976365695396767E-5,Low
BUKIT BATOK,2021-04-17T16:50:00+08:00,0.05,0.31,0.97,5.24,17.57,109.51962039147978,67,7.548727335123802E-5,Low
BUKIT MERAH,2021-04-17T16:50:00+08:00,0.07,0.21000000000000002,0.6400000000000001,3.21,11.690000000000001,90.67220492046816,67,2.6514736769772027E-5,Low
BUKIT PANJANG,2021-04-17T16:50:00+08:00,0.08,0.39,1.11,5.0,16.2,100.72774250673871,67,6.829725703877229E-5,Low
BUKIT TIMAH,2021-04-17T16:50:00+08:00,0.06,0.27,0.8200000000000001,4.24,14.84,110.34854568262985,67,4.803184358643473E-5,Low
CENTRAL WATER CATCHMENT,2021-04-17T16:50:00+08:00,0.04,0.54,1.45,5.42,13.02,95.79560213756365,67,8.113142335053821E-5,Low
CHANGI,2021-04-17T16:50:00+08:00,0.17,0.68,1.71,4.0600000000000005,26.019999999999996,76.68478330025567,67,4.378304751176086E-5,Low
CHANGI BAY,2021-04-17T16:50:00+08:00,0.12,0.47,1.2999999999999998,3.78,18.799999999999997,75.0062517427677,67,3.75878203502668E-5,Low
CHOA CHU KANG,2021-04-17T16:50:00+08:00,0.08,0.42000000000000004,1.1900000000000002,5.21,16.45,95.87586930959439,67,7.456758925473049E-5,Low
CLEMENTI,2021-04-17T16:50:00+08:00,0.03,0.24000000000000002,0.78,4.49,19.189999999999998,121.81161588136162,67,5.428116241392032E-5,Low
DOWNTOWN CORE,2021-04-17T16:50:00+08:00,0.05,0.22999999999999998,0.8800000000000001,3.6300000000000003,16.26,92.49739761301535,67,3.447483477356903E-5,Low
GEYLANG,2021-04-17T16:50:00+08:00,0.15,0.4,1.1099999999999999,3.8499999999999996,23.75,88.78668368913033,67,3.908958323269482E-5,Low
HOUGANG,2021-04-17T16:50:00+08:00,0.18,0.56,1.66,5.07,16.58,59.68020977055029,67,7.035485505369272E-5,Low
JURONG EAST,2021-04-17T16:50:00+08:00,0.08,0.36000000000000004,1.04,4.91,18.69,116.95603984512555,67,6.569942074980871E-5,Low
JURONG WEST,2021-04-17T16:50:00+08:00,0.17,0.5700000000000001,1.8699999999999999,5.9399999999999995,18.830000000000005,116.88931678156165,67,9.865781314290058E-5,Low
KALLANG,2021-04-17T16:50:00+08:00,0.05,0.28,0.9800000000000001,3.7200000000000006,17.36,90.07689470220454,67,3.632545836528495E-5,Low
LIM CHU KANG,2021-04-17T16:50:00+08:00,0.15,0.48,1.28,5.82,13.879999999999999,92.62871415079643,67,9.445149566224438E-5,Low
MANDAI,2021-04-17T16:50:00+08:00,0.16,0.54,1.3499999999999999,4.99,12.66,58.989843398152296,67,6.800596341218359E-5,Low
MARINA EAST,2021-04-17T16:50:00+08:00,0.05,0.19,0.9000000000000001,3.55,19.340000000000003,89.63361075709312,67,3.2872951853895664E-5,Low
MARINA SOUTH,2021-04-17T16:50:00+08:00,0.02,0.07,0.8300000000000001,3.46,19.68,84.57777472229068,67,3.1119181385562906E-5,Low
MARINE PARADE,2021-04-17T16:50:00+08:00,0.1,0.39,1.1900000000000002,3.75,24.0,94.19138917160943,67,3.695377392056456E-5,Low
MUSEUM,2021-04-17T16:50:00+08:00,0.01,0.21000000000000002,0.8,3.4699999999999998,13.08,95.85361767983078,67,3.131152192601498E-5,Low
NEWTON,2021-04-17T16:50:00+08:00,0.02,0.22,0.8000000000000002,3.7300000000000004,12.54,92.02048321773599,67,3.6534260501419114E-5,Low
NORTH-EASTERN ISLANDS,2021-04-17T16:50:00+08:00,0.14,0.59,1.52,4.14,20.230000000000004,76.98661442963048,67,4.564558380418692E-5,Low
NOVENA,2021-04-17T16:50:00+08:00,0.06,0.28,0.9199999999999999,3.97,14.629999999999999,94.20835126357798,67,4.173692462621348E-5,Low
ORCHARD,2021-04-17T16:50:00+08:00,0.02,0.21,0.7000000000000001,3.59,12.18,95.80603385323822,67,3.366882903312451E-5,Low
OUTRAM,2021-04-17T16:50:00+08:00,0.06,0.24,0.81,3.62,14.44,95.65030064806203,67,3.427238295604234E-5,Low
PASIR RIS,2021-04-17T16:50:00+08:00,0.18,0.73,1.93,4.43,26.23,65.54017711588685,67,5.274425658843646E-5,Low
PAYA LEBAR,2021-04-17T16:50:00+08:00,0.12,0.51,1.44,4.21,19.65,74.78596421812973,67,4.730917759430064E-5,Low
PIONEER,2021-04-17T16:50:00+08:00,0.17,0.7000000000000001,1.93,5.7299999999999995,21.52,107.77011431569089,67,9.136060691982884E-5,Low
PUNGGOL,2021-04-17T16:50:00+08:00,0.2,0.4,1.2,3.4,12.610000000000003,97.7035428410201,67,2.9978357388525363E-5,Low
QUEENSTOWN,2021-04-17T16:50:00+08:00,0.02,0.21,0.64,3.84,13.489999999999998,117.641466068268,67,3.887313039930121E-5,Low
RIVER VALLEY,2021-04-17T16:50:00+08:00,0.01,0.21,0.6400000000000001,3.46,11.799999999999997,96.1262252876628,67,3.1119181385562906E-5,Low
ROCHOR,2021-04-17T16:50:00+08:00,0.04,0.25,0.87,3.6300000000000003,15.09,93.09718373920933,67,3.447483477356903E-5,Low
SELETAR,2021-04-17T16:50:00+08:00,0.13,0.51,1.27,4.09,12.05,74.820773206988,67,4.4476665714097196E-5,Low
SEMBAWANG,2021-04-17T16:50:00+08:00,0.15,0.52,1.3699999999999999,5.46,14.38,69.38291605360591,67,8.24150843995891E-5,Low
SENGKANG,2021-04-17T16:50:00+08:00,0.02,0.42000000000000004,1.05,3.1999999999999997,12.640000000000002,66.64613459342345,67,2.633869210180558E-5,Low
SERANGOON,2021-04-17T16:50:00+08:00,0.1,0.44999999999999996,1.32,4.47,15.069999999999997,73.07644855993814,67,5.3766253028128154E-5,Low
SIMPANG,2021-04-17T16:50:00+08:00,0.14,0.52,1.2799999999999998,4.45,13.03,69.37205127952583,67,5.325395161028262E-5,Low
SINGAPORE RIVER,2021-04-17T16:50:00+08:00,0.04,0.23,0.77,3.58,13.27,97.02450303105644,67,3.346891077985789E-5,Low
SOUTHERN ISLANDS,2021-04-17T16:50:00+08:00,0.07,0.28,0.8700000000000001,3.66,14.620000000000001,91.49501312070521,67,3.5085995053036516E-5,Low
STRAITS VIEW,2021-04-17T16:50:00+08:00,0.05,0.21000000000000002,0.9000000000000001,3.64,17.46,90.12755833673863,67,3.4677920572371005E-5,Low
SUNGEI KADUT,2021-04-17T16:50:00+08:00,0.06,0.43,1.42,5.770000000000001,13.98,96.70030247543698,67,9.272758751975005E-5,Low
TAMPINES,2021-04-17T16:50:00+08:00,0.19,0.76,1.9400000000000002,4.5,32.510000000000005,72.34568182343567,67,5.4539595584346985E-5,Low
TANGLIN,2021-04-17T16:50:00+08:00,0.02,0.21,0.6400000000000001,3.8099999999999996,12.61,119.6234529919116,67,3.822760380659836E-5,Low
TENGAH,2021-04-17T16:50:00+08:00,0.09,0.47,1.4,5.33,18.85,104.8675140323714,67,7.828231126186187E-5,Low
TOA PAYOH,2021-04-17T16:50:00+08:00,0.08,0.35000000000000003,1.1300000000000001,4.130000000000001,16.96,86.77382991668723,67,4.541051042487851E-5,Low
TUAS,2021-04-17T16:50:00+08:00,0.25,1.02,2.63,7.05,18.839999999999996,102.25518382236285,67,1.4222322733316526E-4,Low
WESTERN ISLANDS,2021-04-17T16:50:00+08:00,0.12,0.54,1.5,5.15,17.129999999999995,100.70543645993484,67,7.274618620595453E-5,Low
WESTERN WATER CATCHMENT,2021-04-17T16:50:00+08:00,0.18,0.73,2.16,6.15,18.95,111.23971788209789,67,1.0625372717467944E-4,Low
WOODLANDS,2021-04-17T16:50:00+08:00,0.19,0.42000000000000004,1.4,7.34,15.78,58.51262174030258,67,1.5500447807674414E-4,Low
YISHUN,2021-04-17T16:50:00+08:00,0.2,0.6000000000000001,1.21,4.24,10.440000000000001,58.1707499856214,67,4.803184358643473E-5,Low
ANG MO KIO,2021-04-17T16:55:00+08:00,0.17,0.39,1.01,4.07,12.27,71.23384515549775,67,4.4013609686145205E-5,Low
BEDOK,2021-04-17T16:55:00+08:00,0.03,0.27,1.33,3.6099999999999994,25.849999999999998,83.11207085803994,67,3.4070564884276275E-5,Low
BISHAN,2021-04-17T16:55:00+08:00,0.13,0.36,0.95,4.01,13.96,81.68143982963255,67,4.263988649788649E-5,Low
BOON LAY,2021-04-17T16:55:00+08:00,0.18,0.41000000000000003,1.19,4.59,13.07,97.04473389329719,67,5.689488345257454E-5,Low
BUKIT BATOK,2021-04-17T16:55:00+08:00,0.16,0.37,0.8800000000000001,4.5600000000000005,16.290000000000003,109.4163497774223,67,5.610390556307647E-5,Low
BUKIT MERAH,2021-04-17T16:55:00+08:00,0.07,0.19,0.5,2.79,10.890000000000002,90.5242409886902,67,1.9654421524432027E-5,Low
BUKIT PANJANG,2021-04-17T16:55:00+08:00,0.12,0.35,0.93,4.45,14.93,100.6056063988196,67,5.325395161028262E-5,Low
BUKIT TIMAH,2021-04-17T16:55:00+08:00,0.12,0.25,0.6900000000000001,3.81,13.989999999999998,110.20328244232304,67,3.822760380659836E-5,Low
CENTRAL WATER CATCHMENT,2021-04-17T16:55:00+08:00,0.05,0.38999999999999996,1.1300000000000001,4.99,12.52,95.61532223969135,67,6.800596341218359E-5,Low
CHANGI,2021-04-17T16:55:00+08:00,0.04,0.43,1.43,3.6100000000000003,24.239999999999995,76.5404432713535,67,3.4070564884276275E-5,Low
CHANGI BAY,2021-04-17T16:55:00+08:00,0.07,0.34,1.08,3.3699999999999997,17.269999999999996,74.89594668068035,67,2.9416432340677698E-5,Low
CHOA CHU KANG,2021-04-17T16:55:00+08:00,0.14,0.39,1.02,4.61,14.669999999999998,95.78539646010674,67,5.742547331606365E-5,Low
CLEMENTI,2021-04-17T16:55:00+08:00,0.09,0.22,0.65,4.1,17.769999999999996,121.60879694355134,67,4.470915999249756E-5,Low
DOWNTOWN CORE,2021-04-17T16:55:00+08:00,0.08,0.2,0.66,3.1400000000000006,14.340000000000003,92.35504616054273,67,2.5295504210371586E-5,Low
GEYLANG,2021-04-17T16:55:00+08:00,0.02,0.22999999999999998,0.88,3.24,19.75,88.59325229983762,67,2.704661320427223E-5,Low
HOUGANG,2021-04-17T16:55:00+08:00,0.02,0.38,1.3099999999999998,4.33,13.89,59.55674647678423,67,5.0234821964065755E-5,Low
JURONG EAST,2021-04-17T16:55:00+08:00,0.11,0.3,0.86,4.38,16.810000000000002,116.78489306687985,67,5.1481411644321945E-5,Low
JURONG WEST,2021-04-17T16:55:00+08:00,0.19,0.55,1.5199999999999998,5.319999999999999,17.32,116.79833039669435,67,7.796908340548818E-5,Low
KALLANG,2021-04-17T16:55:00+08:00,0.04,0.19000000000000003,0.7600000000000001,3.1800000000000006,14.419999999999998,89.90036181708432,67,2.5988472409123768E-5,Low
LIM CHU KANG,2021-04-17T16:55:00+08:00,0.12,0.44999999999999996,1.1,4.99,12.95,92.5260470308168,67,6.800596341218359E-5,Low
MANDAI,2021-04-17T16:55:00+08:00,0.11,0.44999999999999996,1.19,4.51,11.989999999999998,58.958039653407084,67,5.479868133345669E-5,Low
MARINA EAST,2021-04-17T16:55:00+08:00,0.1,0.19,0.6900000000000001,3.08,16.96,89.51814346767176,67,2.427469793804244E-5,Low
MARINA SOUTH,2021-04-17T16:55:00+08:00,0.17,0.21000000000000002,0.6300000000000001,3.04,18.06,84.54446099085919,67,2.3606565986094208E-5,Low
MARINE PARADE,2021-04-17T16:55:00+08:00,0.03,0.23,0.9299999999999999,3.2100000000000004,20.119999999999997,93.99496558853367,67,2.6514736769772027E-5,Low
MUSEUM,2021-04-17T16:55:00+08:00,0.03,0.2,0.47,2.91,11.530000000000001,95.6531983203042,67,2.1503445448133848E-5,Low
NEWTON,2021-04-17T16:55:00+08:00,0.14,0.21000000000000002,0.6100000000000001,3.29,11.599999999999998,91.9392782040955,67,2.7945564301399226E-5,Low
NORTH-EASTERN ISLANDS,2021-04-17T16:55:00+08:00,0.08,0.43,1.29,3.71,18.540000000000003,76.88154883880168,67,3.6117292304968506E-5,Low
NOVENA,2021-04-17T16:55:00+08:00,0.1,0.26,0.7299999999999999,3.5300000000000002,13.37,94.0818869058871,67,3.247880670697431E-5,Low
ORCHARD,2021-04-17T16:55:00+08:00,0.15,0.2,0.5900000000000001,3.1599999999999997,11.47,95.72572887890766,67,2.5640743817856038E-5,Low
OUTRAM,2021-04-17T16:55:00+08:00,0.08,0.21000000000000002,0.62,3.1400000000000006,13.06,95.50037003566231,67,2.5295504210371586E-5,Low
PASIR RIS,2021-04-17T16:55:00+08:00,0.14,0.54,1.71,4.109999999999999,23.590000000000003,65.52262723931626,67,4.49422987296462E-5,Low
PAYA LEBAR,2021-04-17T16:55:00+08:00,0.09,0.38,1.22,3.71,17.419999999999995,74.69618869797903,67,3.6117292304968506E-5,Low
PIONEER,2021-04-17T16:55:00+08:00,0.18,0.6499999999999999,1.6099999999999999,5.129999999999999,18.869999999999997,107.69104928175892,67,7.214436981006525E-5,Low
PUNGGOL,2021-04-17T16:55:00+08:00,0.0,0.4,1.0,3.0,10.21,97.46867650723077,67,2.2948338131364418E-5,Low
QUEENSTOWN,2021-04-17T16:55:00+08:00,0.16,0.2,0.5900000000000001,3.4399999999999995,13.2,117.51867161646379,67,3.0736389753779345E-5,Low
RIVER VALLEY,2021-04-17T16:55:00+08:00,0.17,0.2,0.5900000000000001,3.04,11.229999999999999,96.06515061567208,67,2.3606565986094208E-5,Low
ROCHOR,2021-04-17T16:55:00+08:00,0.06,0.2,0.6400000000000001,3.1100000000000003,13.009999999999998,92.93339048059109,67,2.478230698260517E-5,Low
SELETAR,2021-04-17T16:55:00+08:00,0.16,0.48,1.09,3.67,11.200000000000001,74.8009140106536,67,3.529098420311531E-5,Low
SEMBAWANG,2021-04-17T16:55:00+08:00,0.11,0.43,1.1900000000000002,4.890000000000001,13.510000000000002,69.32612874326611,67,6.51293913812232E-5,Low
SENGKANG,2021-04-17T16:55:00+08:00,0.19,0.41000000000000003,1.03,2.9499999999999997,9.610000000000001,66.67592614204051,67,2.213945400908566E-5,Low
SERANGOON,2021-04-17T16:55:00+08:00,0.1,0.37,1.07,3.9699999999999998,13.599999999999998,73.00078248826308,67,4.173692462621348E-5,Low
SIMPANG,2021-04-17T16:55:00+08:00,0.14,0.46,1.13,4.04,12.099999999999998,69.34529008665918,67,4.3323853776668896E-5,Low
SINGAPORE RIVER,2021-04-17T16:55:00+08:00,0.09,0.21,0.58,3.0900000000000003,12.11,96.881269018737,67,2.4443280492850388E-5,Low
SOUTHERN ISLANDS,2021-04-17T16:55:00+08:00,0.09,0.24000000000000002,0.7000000000000001,3.22,13.33,91.36507126735161,67,2.6691405001973072E-5,Low
STRAITS VIEW,2021-04-17T16:55:00+08:00,0.11,0.22,0.7000000000000001,3.18,15.709999999999999,90.02090366297335,67,2.5988472409123768E-5,Low
SUNGEI KADUT,2021-04-17T16:55:00+08:00,0.16,0.39,1.0499999999999998,5.240000000000001,13.100000000000001,96.6278477981723,67,7.548727335123816E-5,Low
TAMPINES,2021-04-17T16:55:00+08:00,0.17,0.56,1.72,4.25,31.0,72.34177241788824,67,4.8274026729405614E-5,Low
TANGLIN,2021-04-17T16:55:00+08:00,0.02,0.19999999999999998,0.45000000000000007,3.3999999999999995,12.14,119.35589410691655,67,2.9978357388525363E-5,Low
TENGAH,2021-04-17T16:55:00+08:00,0.13,0.41000000000000003,1.1600000000000001,4.57,15.43,104.74542646381249,67,5.636691086132094E-5,Low
TOA PAYOH,2021-04-17T16:55:00+08:00,0.08,0.30000000000000004,0.8999999999999999,3.64,15.04,86.64523716038818,67,3.4677920572371005E-5,Low
TUAS,2021-04-17T16:55:00+08:00,0.18,0.8,2.33,6.29,16.97,102.18937594849291,67,1.1148430807998087E-4,Low
WESTERN ISLANDS,2021-04-17T16:55:00+08:00,0.15,0.45999999999999996,1.2799999999999998,4.59,15.399999999999999,100.61335397278815,67,5.689488345257454E-5,Low
WESTERN WATER CATCHMENT,2021-04-17T16:55:00+08:00,0.18,0.56,1.7999999999999998,5.380000000000001,15.419999999999998,111.15231238224577,67,7.985846766167964E-5,Low
WOODLANDS,2021-04-17T16:55:00+08:00,0.18,0.4,1.19,6.3999999999999995,14.98,58.5519651730079,67,1.1568788184600214E-4,Low
YISHUN,2021-04-17T16:55:00+08:00,0.2,0.6000000000000001,1.2,4.029999999999999,10.0,58.23091523259582,67,4.30952217883794E-5,Low
ANG MO KIO,2021-04-17T17:00:00+08:00,0.02,0.24000000000000002,0.8200000000000002,3.59,11.649999999999999,71.08260845755515,67,3.366882903312451E-5,Low
BEDOK,2021-04-17T17:00:00+08:00,0.02,0.12000000000000001,0.9700000000000002,3.2,24.139999999999997,82.93228048393007,67,2.6338692101805626E-5,Low
BISHAN,2021-04-17T17:00:00+08:00,0.04,0.25,0.77,3.48,13.140000000000002,81.52508850240756,67,3.15044926096689E-5,Low
BOON LAY,2021-04-17T17:00:00+08:00,0.17,0.39,1.0,4.11,11.9,96.98145124867327,67,4.4942298729646276E-5,Low
BUKIT BATOK,2021-04-17T17:00:00+08:00,0.05,0.26,0.7200000000000002,3.6700000000000004,13.120000000000001,109.20332741219805,67,3.529098420311531E-5,Low
BUKIT MERAH,2021-04-17T17:00:00+08:00,0.03,0.17,0.38,2.3200000000000003,10.060000000000002,90.33663274254225,67,1.325580240263821E-5,Low
BUKIT PANJANG,2021-04-17T17:00:00+08:00,0.08,0.28,0.7899999999999999,3.7399999999999998,13.14,100.44376388987403,67,3.674369894336128E-5,Low
BUKIT TIMAH,2021-04-17T17:00:00+08:00,0.07,0.25,0.5700000000000001,3.21,12.969999999999999,110.00836839554283,67,2.6514736769772027E-5,Low
CENTRAL WATER CATCHMENT,2021-04-17T17:00:00+08:00,0.14,0.23,1.06,4.5,11.86,95.52547571073731,67,5.4539595584346985E-5,Low
CHANGI,2021-04-17T17:00:00+08:00,0.13,0.34,1.23,3.38,22.81,76.48645021670036,67,2.96031126906443E-5,Low
CHANGI BAY,2021-04-17T17:00:00+08:00,0.06,0.25,0.8600000000000001,3.0,15.86,74.77590677730454,67,2.2948338131364418E-5,Low
CHOA CHU KANG,2021-04-17T17:00:00+08:00,0.07,0.29000000000000004,0.8600000000000001,3.8600000000000003,12.59,95.62514109532688,67,3.9306675090615496E-5,Low
CLEMENTI,2021-04-17T17:00:00+08:00,0.15,0.27,0.6,3.4299999999999997,16.15,121.46646555551624,67,3.054593817065799E-5,Low
DOWNTOWN CORE,2021-04-17T17:00:00+08:00,0.06,0.19,0.48000000000000004,2.7,12.870000000000001,92.19303690204566,67,1.832550385346303E-5,Low
GEYLANG,2021-04-17T17:00:00+08:00,0.05,0.21999999999999997,0.6900000000000001,2.83,15.19,88.4302858939009,67,2.0260947678170336E-5,Low
HOUGANG,2021-04-17T17:00:00+08:00,0.16,0.36,1.0999999999999999,3.9299999999999997,12.75,59.57357997237012,67,4.084422946895891E-5,Low
JURONG EAST,2021-04-17T17:00:00+08:00,0.12,0.31,0.75,3.59,15.020000000000001,116.62415770274646,67,3.366882903312451E-5,Low
JURONG WEST,2021-04-17T17:00:00+08:00,0.18,0.54,1.32,4.7299999999999995,16.509999999999998,116.69756273100569,67,6.06640604865033E-5,Low
KALLANG,2021-04-17T17:00:00+08:00,0.11,0.2,0.57,2.7800000000000002,12.709999999999997,89.79425329356158,67,1.9504320436275413E-5,Low
LIM CHU KANG,2021-04-17T17:00:00+08:00,0.14,0.41000000000000003,0.9600000000000001,4.16,12.28,92.44362670895082,67,4.611766667591039E-5,Low
MANDAI,2021-04-17T17:00:00+08:00,0.07,0.34,0.98,3.92,11.129999999999999,58.886312360638044,67,4.062265821762782E-5,Low
MARINA EAST,2021-04-17T17:00:00+08:00,0.05,0.2,0.49999999999999994,2.6400000000000006,14.849999999999998,89.35295374627046,67,1.746698553725628E-5,Low
MARINA SOUTH,2021-04-17T17:00:00+08:00,0.02,0.21,0.44,2.63,16.11,84.36122734121122,67,1.7326026646840712E-5,Low
MARINE PARADE,2021-04-17T17:00:00+08:00,0.08,0.21000000000000002,0.74,2.7700000000000005,16.279999999999998,93.84901418165015,67,1.935483093711035E-5,Low
MUSEUM,2021-04-17T17:00:00+08:00,0.01,0.05,0.27,2.49,10.64,95.43326074228547,67,1.5416197029522407E-5,Low
NEWTON,2021-04-17T17:00:00+08:00,0.02,0.18,0.42000000000000004,2.77,10.84,91.73826839651699,67,1.9354830937110316E-5,Low
NORTH-EASTERN ISLANDS,2021-04-17T17:00:00+08:00,0.07,0.29000000000000004,1.04,3.34,17.000000000000004,76.76673581169173,67,2.886015627694125E-5,Low
NOVENA,2021-04-17T17:00:00+08:00,0.07,0.23,0.5800000000000001,3.05,12.45,93.92572655170707,67,2.37726697791408E-5,Low
ORCHARD,2021-04-17T17:00:00+08:00,0.02,0.18999999999999997,0.41000000000000003,2.6899999999999995,10.77,95.51561694706416,67,1.8180896288651904E-5,Low
OUTRAM,2021-04-17T17:00:00+08:00,0.04,0.18000000000000002,0.45,2.6700000000000004,11.91,95.3107998365315,67,1.7893507493983347E-5,Low
PASIR RIS,2021-04-17T17:00:00+08:00,0.04,0.36,1.27,3.73,20.93,65.40511955031687,67,3.6534260501419114E-5,Low
PAYA LEBAR,2021-04-17T17:00:00+08:00,0.06,0.27,0.95,3.3000000000000003,15.589999999999996,74.57662898624906,67,2.8127230401782627E-5,Low
PIONEER,2021-04-17T17:00:00+08:00,0.07,0.42,1.3099999999999998,4.449999999999999,15.36,107.50217430966207,67,5.325395161028262E-5,Low
PUNGGOL,2021-04-17T17:00:00+08:00,0.2,0.4,0.8,2.8,8.410000000000002,97.43437476089798,67,1.9805134497829053E-5,Low
QUEENSTOWN,2021-04-17T17:00:00+08:00,0.02,0.19999999999999998,0.45000000000000007,2.76,12.62,117.25617234620434,67,1.9205952729760406E-5,Low
RIVER VALLEY,2021-04-17T17:00:00+08:00,0.01,0.19000000000000003,0.4,2.62,10.57,95.844222759077,67,1.718567478677879E-5,Low
ROCHOR,2021-04-17T17:00:00+08:00,0.07,0.17,0.46,2.6800000000000006,11.779999999999998,92.77999095920111,67,1.80368976040959E-5,Low
SELETAR,2021-04-17T17:00:00+08:00,0.02,0.31000000000000005,0.8700000000000001,3.24,10.43,74.64110255318823,67,2.704661320427223E-5,Low
SEMBAWANG,2021-04-17T17:00:00+08:00,0.08,0.34,0.97,4.220000000000001,12.48,69.23947794207426,67,4.754941922469702E-5,Low
SENGKANG,2021-04-17T17:00:00+08:00,0.01,0.22,0.8200000000000001,2.55,8.860000000000001,66.5256460757335,67,1.6220182287437387E-5,Low
SERANGOON,2021-04-17T17:00:00+08:00,0.04,0.24000000000000002,0.87,3.51,12.639999999999997,72.86529830776956,67,3.208718796031165E-5,Low
SIMPANG,2021-04-17T17:00:00+08:00,0.04,0.32,0.9200000000000002,3.51,11.189999999999998,69.21859322414404,67,3.208718796031165E-5,Low
SINGAPORE RIVER,2021-04-17T17:00:00+08:00,0.03,0.16,0.4,2.6300000000000003,11.190000000000001,96.67837932194972,67,1.7326026646840712E-5,Low
SOUTHERN ISLANDS,2021-04-17T17:00:00+08:00,0.05,0.21000000000000002,0.55,2.74,12.129999999999999,91.19544177694632,67,1.891002899712603E-5,Low
STRAITS VIEW,2021-04-17T17:00:00+08:00,0.04,0.2,0.51,2.7300000000000004,14.04,89.84450537287115,67,1.876298287279533E-5,Low
SUNGEI KADUT,2021-04-17T17:00:00+08:00,0.04,0.26,0.8500000000000002,4.48,12.220000000000002,96.43556729232373,67,5.402338162702498E-5,Low
TAMPINES,2021-04-17T17:00:00+08:00,0.01,0.37,1.3299999999999998,3.56,28.43,72.17787241003225,67,3.307097242891896E-5,Low
TANGLIN,2021-04-17T17:00:00+08:00,0.16,0.2,0.42000000000000004,2.96,11.82,119.22897839792682,67,2.2299996702613985E-5,Low
TENGAH,2021-04-17T17:00:00+08:00,0.09,0.31,1.02,3.95,13.370000000000001,104.58363237754496,67,4.12892945794492E-5,Low
TOA PAYOH,2021-04-17T17:00:00+08:00,0.07,0.23,0.71,3.21,13.759999999999998,86.50695352398739,67,2.6514736769772027E-5,Low
TUAS,2021-04-17T17:00:00+08:00,0.24,0.6699999999999999,1.96,5.880000000000001,15.610000000000001,102.18372626800695,67,9.654247867329246E-5,Low
WESTERN ISLANDS,2021-04-17T17:00:00+08:00,0.11,0.38,1.07,4.0200000000000005,13.850000000000001,100.48149283970429,67,4.286723276710216E-5,Low
WESTERN WATER CATCHMENT,2021-04-17T17:00:00+08:00,0.18,0.54,1.6099999999999999,4.92,14.389999999999999,111.06511699360053,67,6.598542574850932E-5,Low
WOODLANDS,2021-04-17T17:00:00+08:00,0.01,0.38,0.8200000000000001,5.27,13.82,58.42121402932909,67,7.64129519927069E-5,Low
YISHUN,2021-04-17T17:00:00+08:00,0.0,0.4,1.0,3.4299999999999997,9.370000000000001,58.09093585031149,67,3.054593817065799E-5,Low
ANG MO KIO,2021-04-17T17:05:00+08:00,0.14,0.33,0.74,3.0,11.049999999999997,71.05173531253755,67,2.2948338131364418E-5,Low
BEDOK,2021-04-17T17:05:00+08:00,0.12,0.16999999999999998,0.63,2.88,21.49,82.85292230198837,67,2.103290140231533E-5,Low
BISHAN,2021-04-17T17:05:00+08:00,0.07,0.24000000000000002,0.6200000000000001,2.9400000000000004,12.380000000000003,81.39911302299666,67,2.197952781950032E-5,Low
BOON LAY,2021-04-17T17:05:00+08:00,0.03,0.38,0.81,3.52,11.27,96.7783207271178,67,3.228268165420072E-5,Low
BUKIT BATOK,2021-04-17T17:05:00+08:00,0.14,0.35000000000000003,0.66,3.1300000000000003,11.510000000000002,109.08081712443261,67,2.5123817110594268E-5,Low
BUKIT MERAH,2021-04-17T17:05:00+08:00,0.08,0.18,0.39000000000000007,1.9100000000000001,9.41,90.19947548168798,67,8.751610694075563E-6,Low
BUKIT PANJANG,2021-04-17T17:05:00+08:00,0.09,0.29000000000000004,0.6799999999999999,3.09,11.86,100.29231042881376,67,2.4443280492850388E-5,Low
BUKIT TIMAH,2021-04-17T17:05:00+08:00,0.06,0.25,0.52,2.55,11.98,109.8039228962302,67,1.6220182287437387E-5,Low
CENTRAL WATER CATCHMENT,2021-04-17T17:05:00+08:00,0.03,0.22,0.7600000000000001,3.6400000000000006,11.12,95.32584516089973,67,3.4677920572371005E-5,Low
CHANGI,2021-04-17T17:05:00+08:00,0.02,0.19,0.8700000000000001,2.83,21.49,76.32258695417582,67,2.0260947678170336E-5,Low
CHANGI BAY,2021-04-17T17:05:00+08:00,0.05,0.18,0.6500000000000001,2.5700000000000003,14.49,74.6461554339051,67,1.649300998979229E-5,Low
CHOA CHU KANG,2021-04-17T17:05:00+08:00,0.12,0.33,0.7500000000000001,3.25,11.32,95.51527096314865,67,2.7225153695206323E-5,Low
CLEMENTI,2021-04-17T17:05:00+08:00,0.04,0.27999999999999997,0.52,2.48,14.09,121.21447631322447,67,1.5284310366176052E-5,Low
DOWNTOWN CORE,2021-04-17T17:05:00+08:00,0.05,0.19,0.42,2.31,11.27,92.02141709227764,67,1.3134108374740454E-5,Low
GEYLANG,2021-04-17T17:05:00+08:00,0.01,0.08,0.48000000000000004,2.3,11.37,88.2277112375485,67,1.3013010843774462E-5,Low
HOUGANG,2021-04-17T17:05:00+08:00,0.02,0.19999999999999998,0.7600000000000001,3.37,11.79,59.450373002469526,67,2.9416432340677698E-5,Low
JURONG EAST,2021-04-17T17:05:00+08:00,0.07,0.3,0.6600000000000001,2.91,13.260000000000002,116.41380872506933,67,2.1503445448133848E-5,Low
JURONG WEST,2021-04-17T17:05:00+08:00,0.02,0.39,0.96,3.9999999999999996,14.680000000000001,116.43703729739495,67,4.2413182765314203E-5,Low
KALLANG,2021-04-17T17:05:00+08:00,0.03,0.18,0.45999999999999996,2.4000000000000004,11.219999999999999,89.60839984082932,67,1.4250869983677578E-5,Low
LIM CHU KANG,2021-04-17T17:05:00+08:00,0.1,0.36,0.84,3.44,11.629999999999999,92.32140451458628,67,3.0736389753779345E-5,Low
MANDAI,2021-04-17T17:05:00+08:00,0.14,0.32,0.86,3.41,10.48,58.88475749074944,67,3.0166922235804117E-5,Low
MARINA EAST,2021-04-17T17:05:00+08:00,0.02,0.17,0.36000000000000004,2.2700000000000005,12.049999999999999,89.1581611190084,67,1.2653293734571721E-5,Low
MARINA SOUTH,2021-04-17T17:05:00+08:00,0.01,0.2,0.27,2.23,12.79,84.16843416090825,67,1.2182000546672594E-5,Low
MARINE PARADE,2021-04-17T17:05:00+08:00,0.02,0.13,0.52,2.3800000000000003,12.77,93.64341362255422,67,1.3998512393196714E-5,Low
MUSEUM,2021-04-17T17:05:00+08:00,0.15,0.19,0.4,2.22,10.06,95.3538518649782,67,1.2065662310321775E-5,Low
NEWTON,2021-04-17T17:05:00+08:00,0.03,0.19,0.41000000000000003,2.26,10.25,91.54774178980499,67,1.2534578686797095E-5,Low
NORTH-EASTERN ISLANDS,2021-04-17T17:05:00+08:00,0.04,0.19000000000000003,0.78,2.87,15.56,76.6221987798422,67,2.0877282791315935E-5,Low
NOVENA,2021-04-17T17:05:00+08:00,0.04,0.21000000000000002,0.49,2.5200000000000005,11.649999999999999,93.73994158626735,67,1.5815473724875662E-5,Low
ORCHARD,2021-04-17T17:05:00+08:00,0.03,0.19999999999999998,0.41000000000000003,2.23,10.18,95.31601009638439,67,1.2182000546672594E-5,Low
OUTRAM,2021-04-17T17:05:00+08:00,0.07,0.19,0.43,2.25,10.84,95.1516853389686,67,1.2416458377007942E-5,Low
PASIR RIS,2021-04-17T17:05:00+08:00,0.02,0.2,0.93,3.1999999999999997,17.729999999999997,65.26789433418698,67,2.633869210180558E-5,Low
PAYA LEBAR,2021-04-17T17:05:00+08:00,0.04,0.19,0.7,2.8200000000000003,13.939999999999998,74.43735668017857,67,2.010839728074025E-5,Low
PIONEER,2021-04-17T17:05:00+08:00,0.13,0.38,1.08,4.069999999999999,13.23,107.37375336789974,67,4.4013609686145205E-5,Low
PUNGGOL,2021-04-17T17:05:00+08:00,0.0,0.2,0.6000000000000001,2.2,7.610000000000001,97.20015547140524,67,1.1834765395277911E-5,Low
QUEENSTOWN,2021-04-17T17:05:00+08:00,0.16,0.33999999999999997,0.55,2.33,12.139999999999999,117.13430408930874,67,1.3378093275287603E-5,Low
RIVER VALLEY,2021-04-17T17:05:00+08:00,0.02,0.2,0.41000000000000003,2.21,9.959999999999999,95.63382598369148,67,1.194991738032428E-5,Low
ROCHOR,2021-04-17T17:05:00+08:00,0.07,0.2,0.45,2.3200000000000003,10.76,92.62696018987627,67,1.325580240263821E-5,Low
SELETAR,2021-04-17T17:05:00+08:00,0.11,0.29,0.8,2.76,9.85,74.5716752612303,67,1.9205952729760406E-5,Low
SEMBAWANG,2021-04-17T17:05:00+08:00,0.08,0.27,0.7899999999999999,3.5700000000000003,11.650000000000002,69.153035437894,67,3.3269625324584136E-5,Low
SENGKANG,2021-04-17T17:05:00+08:00,0.01,0.21000000000000002,0.6300000000000001,2.13,8.350000000000001,66.37572726273613,67,1.104527329928101E-5,Low
SERANGOON,2021-04-17T17:05:00+08:00,0.09,0.23,0.6799999999999999,3.0,11.759999999999998,72.78013981324231,67,2.2948338131364418E-5,Low
SIMPANG,2021-04-17T17:05:00+08:00,0.09,0.27,0.79,2.9799999999999995,10.389999999999999,69.14220092405046,67,2.2622932726185494E-5,Low
SINGAPORE RIVER,2021-04-17T17:05:00+08:00,0.08,0.2,0.43,2.24,10.440000000000001,96.5259773450328,67,1.2298932449369536E-5,Low
SOUTHERN ISLANDS,2021-04-17T17:05:00+08:00,0.07,0.21000000000000002,0.49,2.3,10.969999999999999,91.04622005329499,67,1.3013010843774462E-5,Low
STRAITS VIEW,2021-04-17T17:05:00+08:00,0.04,0.19,0.39999999999999997,2.3200000000000003,11.91,89.66853112081792,67,1.325580240263821E-5,Low
SUNGEI KADUT,2021-04-17T17:05:00+08:00,0.14,0.34,0.77,3.81,11.73,96.34374900326029,67,3.822760380659836E-5,Low
TAMPINES,2021-04-17T17:05:00+08:00,0.01,0.19000000000000003,0.9500000000000001,3.1500000000000004,26.54,72.01436639601553,67,2.5467813023948053E-5,Low
TANGLIN,2021-04-17T17:05:00+08:00,0.02,0.19999999999999998,0.41000000000000003,2.37,11.529999999999998,118.9623677774365,67,1.3873232124573556E-5,Low
TENGAH,2021-04-17T17:05:00+08:00,0.1,0.32,0.7899999999999999,3.31,12.040000000000001,104.43222722276103,67,2.8309522394598515E-5,Low
TOA PAYOH,2021-04-17T17:05:00+08:00,0.04,0.19000000000000003,0.54,2.7300000000000004,12.59,86.33900230307289,67,1.876298287279533E-5,Low
TUAS,2021-04-17T17:05:00+08:00,0.13,0.55,1.5699999999999998,5.42,14.68,102.06809016860214,67,8.113142335053821E-5,Low
WESTERN ISLANDS,2021-04-17T17:05:00+08:00,0.09,0.35,0.89,3.5000000000000004,12.630000000000003,100.32994868326217,67,3.189232538337992E-5,Low
WESTERN WATER CATCHMENT,2021-04-17T17:05:00+08:00,0.02,0.38,1.1099999999999999,4.3,13.139999999999999,110.81813121108274,67,4.949466025979328E-5,Low
WOODLANDS,2021-04-17T17:05:00+08:00,0.02,0.21,0.6300000000000001,4.15,13.04,58.30077719402501,67,4.588130248469711E-5,Low
YISHUN,2021-04-17T17:05:00+08:00,0.01,0.21000000000000002,0.81,2.83,8.57,57.9612929598612,67,2.0260947678170336E-5,Low
ANG MO KIO,2021-04-17T17:10:00+08:00,0.01,0.17,0.56,2.41,10.419999999999998,70.89093638245802,66,1.4377947982195504E-5,Low
BEDOK,2021-04-17T17:10:00+08:00,0.02,0.15999999999999998,0.43000000000000005,2.38,16.669999999999995,82.67375488657065,66,1.3998512393196714E-5,Low
BISHAN,2021-04-17T17:10:00+08:00,0.04,0.15000000000000002,0.51,2.37,11.780000000000001,81.2434403718982,66,1.3873232124573556E-5,Low
BOON LAY,2021-04-17T17:10:00+08:00,0.02,0.22,0.6300000000000001,2.92,10.45,96.56567850434342,66,2.1661523822489167E-5,Low
BUKIT BATOK,2021-04-17T17:10:00+08:00,0.04,0.23,0.6000000000000001,2.43,10.530000000000001,108.85860133511936,66,1.4633904068280425E-5,Low
BUKIT MERAH,2021-04-17T17:10:00+08:00,0.05,0.16,0.35,1.5100000000000002,8.73,90.03264792866285,66,5.298924109095663E-6,Low
BUKIT PANJANG,2021-04-17T17:10:00+08:00,0.05,0.21999999999999997,0.5700000000000001,2.4499999999999997,10.879999999999999,100.10122104174819,66,1.4892262502353825E-5,Low
BUKIT TIMAH,2021-04-17T17:10:00+08:00,0.09,0.22,0.47,2.04,11.030000000000001,109.62996885673046,66,1.0072673590618336E-5,Low
CENTRAL WATER CATCHMENT,2021-04-17T17:10:00+08:00,0.02,0.19,0.5800000000000001,2.92,10.459999999999999,95.11669449637634,66,2.1661523822489167E-5,Low
CHANGI,2021-04-17T17:10:00+08:00,0.13,0.28,0.7100000000000001,2.6,20.0,76.26911759715964,66,1.690679090918503E-5,Low
CHANGI BAY,2021-04-17T17:10:00+08:00,0.05,0.16,0.5,2.19,13.02,74.51671599549336,66,1.1720205992359276E-5,Low
CHOA CHU KANG,2021-04-17T17:10:00+08:00,0.05,0.24,0.6300000000000001,2.5599999999999996,10.45,95.33566494416823,66,1.6356293725999707E-5,Low
CLEMENTI,2021-04-17T17:10:00+08:00,0.15,0.33999999999999997,0.5599999999999999,2.0100000000000002,11.620000000000001,121.07309281958592,66,9.759045829584244E-6,Low
DOWNTOWN CORE,2021-04-17T17:10:00+08:00,0.03,0.14,0.33999999999999997,1.8399999999999999,10.07,91.83020983372685,66,8.081022087716993E-6,Low
GEYLANG,2021-04-17T17:10:00+08:00,0.02,0.08,0.31,1.8800000000000001,9.629999999999999,88.03562354375111,66,8.46073557531814E-6,Low
HOUGANG,2021-04-17T17:10:00+08:00,0.01,0.19,0.5700000000000001,2.8099999999999996,11.209999999999999,59.31746220575238,66,1.9956459651794322E-5,Low
JURONG EAST,2021-04-17T17:10:00+08:00,0.1,0.29000000000000004,0.59,2.3600000000000003,11.670000000000002,116.23396539838261,66,1.374855042053127E-5,Low
JURONG WEST,2021-04-17T17:10:00+08:00,0.02,0.21999999999999997,0.77,3.4099999999999997,13.34,116.17713813230706,66,3.0166922235804117E-5,Low
KALLANG,2021-04-17T17:10:00+08:00,0.02,0.16,0.3500000000000001,1.95,10.119999999999997,89.41299315510054,66,9.147585430688592E-6,Low
LIM CHU KANG,2021-04-17T17:10:00+08:00,0.08,0.32,0.7699999999999999,2.74,11.17,92.17947612613567,66,1.891002899712603E-5,Low
MANDAI,2021-04-17T17:10:00+08:00,0.02,0.23,0.68,2.7,9.85,58.76320635856144,66,1.832550385346303E-5,Low
MARINA EAST,2021-04-17T17:10:00+08:00,0.02,0.09000000000000001,0.28,1.85,10.169999999999998,88.96383674733752,66,8.175081714851022E-6,Low
MARINA SOUTH,2021-04-17T17:10:00+08:00,0.01,0.04,0.25,1.8199999999999998,10.639999999999999,83.97610442979168,66,7.89463778518907E-6,Low
MARINE PARADE,2021-04-17T17:10:00+08:00,0.05,0.15000000000000002,0.38,2.0300000000000002,10.09,93.46830729988142,66,9.967544949451354E-6,Low
MUSEUM,2021-04-17T17:10:00+08:00,0.02,0.18,0.38,1.6600000000000001,9.41,95.14463387605983,66,6.486444956847505E-6,Low
NEWTON,2021-04-17T17:10:00+08:00,0.04,0.09,0.3,1.7200000000000002,9.84,91.36767318373766,66,6.997303218144685E-6,Low
NORTH-EASTERN ISLANDS,2021-04-17T17:10:00+08:00,0.06,0.17,0.6000000000000001,2.49,14.01,76.49800919581062,66,1.5416197029522407E-5,Low
NOVENA,2021-04-17T17:10:00+08:00,0.04,0.15000000000000002,0.41,1.9900000000000002,11.009999999999998,93.55460322319676,66,9.552888313724248E-6,Low
ORCHARD,2021-04-17T17:10:00+08:00,0.1,0.15000000000000002,0.35,1.75,9.8,95.18688307404916,66,7.260464617556117E-6,Low
OUTRAM,2021-04-17T17:10:00+08:00,0.05,0.16000000000000003,0.37,1.7799999999999998,9.95,94.97295333151415,66,7.528797003259822E-6,Low
PASIR RIS,2021-04-17T17:10:00+08:00,0.03,0.09,0.6300000000000001,2.8199999999999994,14.569999999999999,65.14099898924168,66,2.010839728074025E-5,Low
PAYA LEBAR,2021-04-17T17:10:00+08:00,0.04,0.14,0.52,2.4000000000000004,12.36,74.29841916622486,66,1.4250869983677578E-5,Low
PIONEER,2021-04-17T17:10:00+08:00,0.04,0.24000000000000002,0.89,3.37,12.100000000000001,107.15564113301639,66,2.9416432340677698E-5,Low
PUNGGOL,2021-04-17T17:10:00+08:00,0.0,0.2,0.6000000000000001,2.0,7.010000000000001,96.96649921396053,66,9.655674567944213E-6,Low
QUEENSTOWN,2021-04-17T17:10:00+08:00,0.04,0.22,0.42,1.8000000000000003,11.309999999999999,116.89272878750843,66,7.710563905169002E-6,Low
RIVER VALLEY,2021-04-17T17:10:00+08:00,0.16,0.19,0.39,1.7800000000000002,9.659999999999998,95.5639349741957,66,7.528797003259835E-6,Low
ROCHOR,2021-04-17T17:10:00+08:00,0.03,0.17,0.37,1.83,9.920000000000002,92.43429728618561,66,7.98754091964774E-6,Low
SELETAR,2021-04-17T17:10:00+08:00,0.01,0.14,0.62,2.33,9.16,74.40241486325648,66,1.3378093275287603E-5,Low
SEMBAWANG,2021-04-17T17:10:00+08:00,0.04,0.2,0.63,2.79,10.93,69.02680073000701,66,1.9654421524432027E-5,Low
SENGKANG,2021-04-17T17:10:00+08:00,0.01,0.03,0.44000000000000006,1.9,7.870000000000001,66.22616883464346,66,8.654071488572497E-6,Low
SERANGOON,2021-04-17T17:10:00+08:00,0.03,0.16,0.53,2.4600000000000004,11.0,72.63518602841974,66,1.5022343431390454E-5,Low
SIMPANG,2021-04-17T17:10:00+08:00,0.03,0.16,0.62,2.4299999999999997,9.649999999999999,69.00599226089501,66,1.4633904068280425E-5,Low
SINGAPORE RIVER,2021-04-17T17:10:00+08:00,0.07,0.18,0.39,1.7599999999999998,9.79,96.36394172221665,66,7.349333601740897E-6,Low
SOUTHERN ISLANDS,2021-04-17T17:10:00+08:00,0.05,0.17,0.41000000000000003,1.8499999999999999,9.96,90.8773570388382,66,8.175081714851022E-6,Low
STRAITS VIEW,2021-04-17T17:10:00+08:00,0.03,0.11,0.32999999999999996,1.8800000000000003,10.379999999999999,89.48297988748251,66,8.46073557531814E-6,Low
SUNGEI KADUT,2021-04-17T17:10:00+08:00,0.04,0.22000000000000003,0.6100000000000001,2.95,11.17,96.15215143316262,66,2.213945400908566E-5,Low
TAMPINES,2021-04-17T17:10:00+08:00,0.01,0.03,0.5900000000000001,2.75,22.729999999999997,71.85125342872924,66,1.9057685516115665E-5,Low
TANGLIN,2021-04-17T17:10:00+08:00,0.02,0.19999999999999998,0.4,1.8000000000000003,11.09,118.69639805344964,66,7.710563905169002E-6,Low
TENGAH,2021-04-17T17:10:00+08:00,0.07,0.26,0.6699999999999999,2.73,11.000000000000002,104.25118602584993,66,1.8762982872795296E-5,Low
TOA PAYOH,2021-04-17T17:10:00+08:00,0.04,0.15000000000000002,0.45,2.21,11.8,86.1714548145755,66,1.194991738032428E-5,Low
TUAS,2021-04-17T17:10:00+08:00,0.2,0.5700000000000001,1.3699999999999999,4.73,13.5,102.02273204301416,66,6.06640604865033E-5,Low
WESTERN ISLANDS,2021-04-17T17:10:00+08:00,0.08,0.28,0.7399999999999999,2.9200000000000004,11.540000000000003,100.16876881883441,66,2.1661523822489204E-5,Low
WESTERN WATER CATCHMENT,2021-04-17T17:10:00+08:00,0.02,0.21999999999999997,0.78,3.6999999999999997,12.29,110.57173914956576,66,3.59097620899394E-5,Low
WOODLANDS,2021-04-17T17:10:00+08:00,0.17,0.2,0.6000000000000001,3.16,12.59,58.33062987286891,66,2.5640743817856038E-5,Low
YISHUN,2021-04-17T17:10:00+08:00,0.0,0.01,0.6100000000000001,2.23,7.950000000000001,57.82196171369213,66,1.2182000546672594E-5,Low
ANG MO KIO,2021-04-17T17:15:00+08:00,0.04,0.19000000000000003,0.43,1.9800000000000002,9.78,70.76052399163886,67,9.450686671207036E-6,Low
BEDOK,2021-04-17T17:15:00+08:00,0.03,0.16999999999999998,0.29000000000000004,2.13,13.61,82.50501816581118,67,1.104527329928101E-5,Low
BISHAN,2021-04-17T17:15:00+08:00,0.08,0.19,0.44,1.89,11.110000000000001,81.12814193716663,67,8.557113253571726E-6,Low
BOON LAY,2021-04-17T17:15:00+08:00,0.03,0.08,0.4700000000000001,2.37,9.850000000000001,96.36354744521594,67,1.3873232124573556E-5,Low
BUKIT BATOK,2021-04-17T17:15:00+08:00,0.13,0.31000000000000005,0.5700000000000001,1.8900000000000001,9.75,108.72691972303477,67,8.557113253571726E-6,Low
BUKIT MERAH,2021-04-17T17:15:00+08:00,0.03,0.16,0.32999999999999996,1.1700000000000002,8.06,89.84622140690655,67,3.073529563741663E-6,Low
BUKIT PANJANG,2021-04-17T17:15:00+08:00,0.11,0.25,0.53,1.96,10.05,99.97059100817647,67,9.248035629758028E-6,Low
BUKIT TIMAH,2021-04-17T17:15:00+08:00,0.06,0.21,0.46,1.58,9.99,109.42643297962603,67,5.837229243307217E-6,Low
CENTRAL WATER CATCHMENT,2021-04-17T17:15:00+08:00,0.28,0.33,0.56,2.49,10.169999999999998,95.16804660225776,67,1.5416197029522407E-5,Low
CHANGI,2021-04-17T17:15:00+08:00,0.02,0.16999999999999998,0.51,2.33,17.810000000000002,76.10577677337253,67,1.3378093275287603E-5,Low
CHANGI BAY,2021-04-17T17:15:00+08:00,0.05,0.15000000000000002,0.39999999999999997,1.8800000000000001,11.36,74.38758771229118,67,8.46073557531814E-6,Low
CHOA CHU KANG,2021-04-17T17:15:00+08:00,0.11,0.27999999999999997,0.5700000000000001,2.0700000000000003,9.780000000000001,95.21649067419075,67,1.0391580501731619E-5,Low
CLEMENTI,2021-04-17T17:15:00+08:00,0.04,0.23,0.49999999999999994,1.55,9.72,120.82204919307854,67,5.6031367450075415E-6,Low
DOWNTOWN CORE,2021-04-17T17:15:00+08:00,0.03,0.11,0.30000000000000004,1.4500000000000002,9.13,91.6394622120173,67,4.8594916167989E-6,Low
GEYLANG,2021-04-17T17:15:00+08:00,0.11,0.14,0.36,1.6800000000000002,8.97,87.93399760324431,67,6.654444238927321E-6,Low
HOUGANG,2021-04-17T17:15:00+08:00,0.01,0.04,0.4,2.2699999999999996,10.669999999999998,59.18487090892887,67,1.2653293734571721E-5,Low
JURONG EAST,2021-04-17T17:15:00+08:00,0.06,0.23,0.54,1.8800000000000001,10.330000000000002,116.01455439115502,67,8.46073557531814E-6,Low
JURONG WEST,2021-04-17T17:15:00+08:00,0.16,0.2,0.7400000000000001,3.0,12.52,116.0578637302757,67,2.2948338131364418E-5,Low
KALLANG,2021-04-17T17:15:00+08:00,0.03,0.08,0.28,1.56,9.399999999999999,89.2280562010779,67,5.680601707352302E-6,Low
LIM CHU KANG,2021-04-17T17:15:00+08:00,0.05,0.22999999999999998,0.64,2.24,10.64,92.00788891467094,67,1.2298932449369536E-5,Low
MANDAI,2021-04-17T17:15:00+08:00,0.12,0.28,0.62,2.2199999999999998,9.379999999999999,58.74194741914305,67,1.2065662310321775E-5,Low
MARINA EAST,2021-04-17T17:15:00+08:00,0.02,0.06,0.26,1.46,8.859999999999998,88.76997950563361,67,4.931326977032325E-6,Low
MARINA SOUTH,2021-04-17T17:15:00+08:00,0.01,0.03,0.24000000000000002,1.4300000000000002,8.899999999999999,83.78423703379123,67,4.717500819418879E-6,Low
MARINE PARADE,2021-04-17T17:15:00+08:00,0.02,0.09000000000000001,0.30000000000000004,1.65,8.709999999999999,93.26362190953955,67,6.4033012581460025E-6,Low
MUSEUM,2021-04-17T17:15:00+08:00,0.01,0.18,0.23,1.26,8.79,94.92591881938519,67,3.600435533661789E-6,Low
NEWTON,2021-04-17T17:15:00+08:00,0.11,0.18,0.36,1.4100000000000001,9.419999999999998,91.25803743867115,67,4.577746415106412E-6,Low
NORTH-EASTERN ISLANDS,2021-04-17T17:15:00+08:00,0.04,0.14,0.43,2.1500000000000004,12.27,76.3541181470363,67,1.1267886895073931E-5,Low
NOVENA,2021-04-17T17:15:00+08:00,0.08,0.16,0.39,1.59,10.36,93.40971038892256,67,5.916392790936538E-6,Low
ORCHARD,2021-04-17T17:15:00+08:00,0.06,0.19,0.37999999999999995,1.3900000000000001,9.34,95.01806645591678,67,4.440224153719417E-6,Low
OUTRAM,2021-04-17T17:15:00+08:00,0.04,0.16,0.33999999999999997,1.4000000000000001,9.17,94.78465097205506,67,4.508706534216563E-6,Low
PASIR RIS,2021-04-17T17:15:00+08:00,0.03,0.08,0.44000000000000006,2.56,12.53,65.01440868384331,67,1.6356293725999707E-5,Low
PAYA LEBAR,2021-04-17T17:15:00+08:00,0.05,0.13,0.39999999999999997,2.06,10.959999999999997,74.16981563959217,67,1.0284690980260184E-5,Low
PIONEER,2021-04-17T17:15:00+08:00,0.04,0.21000000000000002,0.6300000000000001,2.83,11.3,106.93805321096215,67,2.0260947678170336E-5,Low
PUNGGOL,2021-04-17T17:15:00+08:00,0.0,0.0,0.4,1.6,6.210000000000001,96.73340463510964,67,5.9961235032337865E-6,Low
QUEENSTOWN,2021-04-17T17:15:00+08:00,0.13,0.33,0.53,1.5100000000000002,10.35,116.74173420063224,67,5.298924109095663E-6,Low
RIVER VALLEY,2021-04-17T17:15:00+08:00,0.01,0.19,0.38,1.3800000000000001,9.209999999999997,95.34421197339938,67,4.3722987341295566E-6,Low
ROCHOR,2021-04-17T17:15:00+08:00,0.03,0.13,0.30000000000000004,1.4400000000000002,9.240000000000002,92.24209751851369,67,4.788216405355737E-6,Low
SELETAR,2021-04-17T17:15:00+08:00,0.06,0.18,0.49000000000000005,2.0,8.510000000000002,74.28356134478746,67,9.655674567944213E-6,Low
SEMBAWANG,2021-04-17T17:15:00+08:00,0.07,0.19,0.53,2.2,10.310000000000002,68.93086947358324,67,1.1834765395277911E-5,Low
SENGKANG,2021-04-17T17:15:00+08:00,0.01,0.03,0.25,1.5100000000000002,7.4,66.07696992513806,67,5.298924109095663E-6,Low
SERANGOON,2021-04-17T17:15:00+08:00,0.04,0.16,0.39999999999999997,1.9900000000000002,10.27,72.5005806932339,67,9.552888313724248E-6,Low
SIMPANG,2021-04-17T17:15:00+08:00,0.07,0.19,0.51,1.99,8.98,68.91011102526589,67,9.552888313724248E-6,Low
SINGAPORE RIVER,2021-04-17T17:15:00+08:00,0.03,0.18000000000000002,0.33999999999999997,1.37,9.15,96.16229561150588,67,4.304929732590562E-6,Low
SOUTHERN ISLANDS,2021-04-17T17:15:00+08:00,0.05,0.17,0.38,1.4900000000000002,9.05,90.70889994862902,67,5.150199136816266E-6,Low
STRAITS VIEW,2021-04-17T17:15:00+08:00,0.03,0.1,0.30000000000000004,1.4900000000000002,9.16,89.29787469465532,67,5.150199136816266E-6,Low
SUNGEI KADUT,2021-04-17T17:15:00+08:00,0.12,0.30000000000000004,0.56,2.45,10.72,96.04101443816327,67,1.4892262502353825E-5,Low
TAMPINES,2021-04-17T17:15:00+08:00,0.16,0.18,0.55,2.53,18.409999999999997,71.83853256334125,67,1.5949772607793083E-5,Low
TANGLIN,2021-04-17T17:15:00+08:00,0.16,0.2,0.4,1.4000000000000004,10.46,118.57106768533623,67,4.508706534216563E-6,Low
TENGAH,2021-04-17T17:15:00+08:00,0.06,0.23,0.54,2.3000000000000003,10.110000000000001,104.0605800279188,67,1.3013010843774462E-5,Low
TOA PAYOH,2021-04-17T17:15:00+08:00,0.06,0.14,0.37,1.78,11.119999999999997,86.02431008797613,67,7.528797003259822E-6,Low
TUAS,2021-04-17T17:15:00+08:00,0.05,0.38,1.05,4.03,12.45,101.82748295233273,67,4.30952217883794E-5,Low
WESTERN ISLANDS,2021-04-17T17:15:00+08:00,0.07,0.24,0.6199999999999999,2.4300000000000006,10.610000000000003,99.99797640938256,67,1.4633904068280449E-5,Low
WESTERN WATER CATCHMENT,2021-04-17T17:15:00+08:00,0.17,0.21000000000000002,0.7500000000000001,3.1399999999999997,11.939999999999998,110.4759393818232,67,2.5295504210371586E-5,Low
WOODLANDS,2021-04-17T17:15:00+08:00,0.01,0.2,0.5800000000000001,2.38,12.0,58.2004107898398,67,1.3998512393196714E-5,Low
YISHUN,2021-04-17T17:15:00+08:00,0.01,0.02,0.42000000000000004,1.6400000000000001,7.3500000000000005,57.69296540132402,67,6.320727568124258E-6,Low
ANG MO KIO,2021-04-17T17:20:00+08:00,0.03,0.08,0.41000000000000003,1.6300000000000001,8.939999999999998,70.62042509487756,67,6.238723419068411E-6,Low
BEDOK,2021-04-17T17:20:00+08:00,0.02,0.07,0.23999999999999996,1.8,11.370000000000001,82.32668706570607,67,7.710563905169002E-6,Low
BISHAN,2021-04-17T17:20:00+08:00,0.07,0.19,0.43000000000000005,1.6,10.43,81.00312066455088,67,5.9961235032337865E-6,Low
BOON LAY,2021-04-17T17:20:00+08:00,0.01,0.060000000000000005,0.44000000000000006,1.9700000000000002,9.23,96.1419022822947,67,9.34906924294785E-6,Low
BUKIT BATOK,2021-04-17T17:20:00+08:00,0.01,0.18000000000000002,0.53,1.5,8.849999999999998,108.47555465604731,67,5.224280263327532E-6,Low
BUKIT MERAH,2021-04-17T17:20:00+08:00,0.08,0.16,0.34,0.98,7.509999999999999,89.71024302973551,67,2.1053297410992902E-6,Low
BUKIT PANJANG,2021-04-17T17:20:00+08:00,0.03,0.19,0.48,1.59,9.280000000000001,99.76027499184687,67,5.916392790936538E-6,Low
BUKIT TIMAH,2021-04-17T17:20:00+08:00,0.04,0.19,0.43999999999999995,1.2600000000000002,9.2,109.20338637572358,67,3.600435533661789E-6,Low
CENTRAL WATER CATCHMENT,2021-04-17T17:20:00+08:00,0.02,0.32000000000000006,0.54,1.9900000000000002,9.54,94.95927526450049,67,9.552888313724248E-6,Low
CHANGI,2021-04-17T17:20:00+08:00,0.02,0.16999999999999998,0.36000000000000004,2.0700000000000003,14.93,75.94282859922048,67,1.0391580501731619E-5,Low
CHANGI BAY,2021-04-17T17:20:00+08:00,0.04,0.14,0.31999999999999995,1.6200000000000003,9.93,74.2487698363228,67,6.157288340787753E-6,Low
CHOA CHU KANG,2021-04-17T17:20:00+08:00,0.02,0.18,0.51,1.7000000000000002,9.16,95.00760288332198,67,6.824729107584267E-6,Low
CLEMENTI,2021-04-17T17:20:00+08:00,0.01,0.2,0.4799999999999999,1.26,8.96,120.54160904208969,67,3.600435533661789E-6,Low
DOWNTOWN CORE,2021-04-17T17:20:00+08:00,0.09,0.15,0.33999999999999997,1.22,8.440000000000001,91.50917312224311,67,3.3607848597153853E-6,Low
GEYLANG,2021-04-17T17:20:00+08:00,0.04,0.17,0.25,1.36,8.299999999999999,87.76261595799406,67,4.238116602829448E-6,Low
HOUGANG,2021-04-17T17:20:00+08:00,0.03,0.05,0.25,1.9100000000000001,9.899999999999999,59.07259834396372,67,8.751610694075563E-6,Low
JURONG EAST,2021-04-17T17:20:00+08:00,0.01,0.17,0.47000000000000003,1.5100000000000002,9.43,115.74567081883268,67,5.298924109095663E-6,Low
JURONG WEST,2021-04-17T17:20:00+08:00,0.0,0.18,0.5700000000000001,2.44,12.09,115.77887604805721,67,1.4762782825221731E-5,Low
KALLANG,2021-04-17T17:20:00+08:00,0.08,0.13,0.31,1.29,8.76,89.09356381091764,67,3.7859424778560342E-6,Low
LIM CHU KANG,2021-04-17T17:20:00+08:00,0.07,0.2,0.56,1.84,10.239999999999998,91.85671417606144,67,8.081022087716993E-6,Low
MANDAI,2021-04-17T17:20:00+08:00,0.12,0.26,0.5800000000000001,1.9300000000000002,8.85,58.72073958339006,67,8.948433662212033E-6,Low
MARINA EAST,2021-04-17T17:20:00+08:00,0.14,0.18000000000000002,0.35,1.25,8.02,88.69658827097832,67,3.53969991355583E-6,Low
MARINA SOUTH,2021-04-17T17:20:00+08:00,0.17,0.19,0.39,1.2200000000000002,7.8199999999999985,83.75283086151474,67,3.3607848597153853E-6,Low
MARINE PARADE,2021-04-17T17:20:00+08:00,0.06,0.13,0.26,1.4500000000000002,7.9799999999999995,93.09942855567674,67,4.8594916167989E-6,Low
MUSEUM,2021-04-17T17:20:00+08:00,0.02,0.05,0.24,1.04,8.35,94.71772952464313,67,2.3901291890208807E-6,Low
NEWTON,2021-04-17T17:20:00+08:00,0.02,0.16999999999999998,0.36000000000000004,1.1600000000000001,8.87,91.05866524336697,67,3.017713441476764E-6,Low
NORTH-EASTERN ISLANDS,2021-04-17T17:20:00+08:00,0.04,0.14,0.32999999999999996,1.85,10.7,76.21057299322247,67,8.175081714851022E-6,Low
NOVENA,2021-04-17T17:20:00+08:00,0.06,0.18,0.39,1.31,9.669999999999998,93.24516585776807,67,3.912369666015499E-6,Low
ORCHARD,2021-04-17T17:20:00+08:00,0.02,0.18,0.38,1.08,8.91,94.80965565050141,67,2.5906971497546866E-6,Low
OUTRAM,2021-04-17T17:20:00+08:00,0.07,0.16,0.35,1.1600000000000001,8.55,94.6268012664458,67,3.017713441476764E-6,Low
PASIR RIS,2021-04-17T17:20:00+08:00,0.12,0.18,0.38,2.3100000000000005,10.51,64.97812268471735,67,1.3134108374740454E-5,Low
PAYA LEBAR,2021-04-17T17:20:00+08:00,0.06,0.15,0.34,1.7800000000000002,9.699999999999998,74.05152125874821,67,7.528797003259835E-6,Low
PIONEER,2021-04-17T17:20:00+08:00,0.01,0.09,0.47,2.4,10.68,106.69098834135866,67,1.4250869983677578E-5,Low
PUNGGOL,2021-04-17T17:20:00+08:00,0.0,0.0,0.2,1.4000000000000001,6.000000000000001,96.50087038465185,67,4.508706534216563E-6,Low
QUEENSTOWN,2021-04-17T17:20:00+08:00,0.02,0.19,0.53,1.1700000000000002,8.979999999999999,116.48110258467818,67,3.073529563741663E-6,Low
RIVER VALLEY,2021-04-17T17:20:00+08:00,0.01,0.18000000000000002,0.38,1.02,8.929999999999998,95.12501715749939,67,2.2930613200785047E-6,Low
ROCHOR,2021-04-17T17:20:00+08:00,0.06,0.12,0.32,1.1900000000000002,8.66,92.08035977354304,67,3.1867948811390613E-6,Low
SELETAR,2021-04-17T17:20:00+08:00,0.03,0.09999999999999999,0.39,1.6600000000000001,7.880000000000001,74.13499353438314,67,6.486444956847505E-6,Low
SEMBAWANG,2021-04-17T17:20:00+08:00,0.1,0.21000000000000002,0.48,1.85,9.670000000000002,68.86516882315223,67,8.175081714851022E-6,Low
SENGKANG,2021-04-17T17:20:00+08:00,0.17,0.19,0.4,1.4500000000000002,7.11,66.08812966998501,67,4.8594916167989E-6,Low
SERANGOON,2021-04-17T17:20:00+08:00,0.1,0.17,0.4,1.7200000000000002,9.629999999999999,72.426298931387,67,6.997303218144685E-6,Low
SIMPANG,2021-04-17T17:20:00+08:00,0.06,0.16,0.43000000000000005,1.7100000000000002,8.34,68.80446027538618,67,6.9107297806261045E-6,Low
SINGAPORE RIVER,2021-04-17T17:20:00+08:00,0.05,0.15000000000000002,0.35000000000000003,1.12,8.66,95.9811342312498,67,2.7998777600569294E-6,Low
SOUTHERN ISLANDS,2021-04-17T17:20:00+08:00,0.07,0.17,0.38,1.2500000000000002,8.329999999999998,90.56084780687952,67,3.53969991355583E-6,Low
STRAITS VIEW,2021-04-17T17:20:00+08:00,0.11,0.16999999999999998,0.36,1.26,8.32,89.19321447011424,67,3.600435533661789E-6,Low
SUNGEI KADUT,2021-04-17T17:20:00+08:00,0.03,0.19,0.53,1.9500000000000004,10.2,95.84014460173162,67,9.147585430688592E-6,Low
TAMPINES,2021-04-17T17:20:00+08:00,0.01,0.18000000000000002,0.37000000000000005,2.3099999999999996,13.92,71.67584227722325,67,1.3134108374740454E-5,Low
TANGLIN,2021-04-17T17:20:00+08:00,0.02,0.19999999999999998,0.4,1.04,9.69,118.30603859477341,67,2.3901291890208807E-6,Low
TENGAH,2021-04-17T17:20:00+08:00,0.01,0.14,0.46,1.86,9.71,103.82043222147828,67,8.26972022450495E-6,Low
TOA PAYOH,2021-04-17T17:20:00+08:00,0.07,0.17,0.36000000000000004,1.4900000000000002,10.43,85.88751907774639,67,5.150199136816266E-6,Low
TUAS,2021-04-17T17:20:00+08:00,0.01,0.26,0.81,3.4400000000000004,11.629999999999999,101.5927032145199,67,3.0736389753779345E-5,Low
WESTERN ISLANDS,2021-04-17T17:20:00+08:00,0.02,0.17,0.52,2.02,9.870000000000001,99.77759456218752,67,9.863002492649947E-6,Low
WESTERN WATER CATCHMENT,2021-04-17T17:20:00+08:00,0.01,0.2,0.5800000000000001,2.7399999999999998,11.509999999999998,110.22036990399208,67,1.891002899712603E-5,Low
WOODLANDS,2021-04-17T17:20:00+08:00,0.02,0.2,0.41000000000000003,1.81,11.559999999999999,58.08050473618231,67,7.802312256867411E-6,Low
YISHUN,2021-04-17T17:20:00+08:00,0.01,0.02,0.23000000000000004,1.4400000000000002,6.75,57.564279178949334,67,4.788216405355737E-6,Low
ANG MO KIO,2021-04-17T17:25:00+08:00,0.12,0.19,0.36,1.37,8.28,70.57066297724722,67,4.304929732590562E-6,Low
BEDOK,2021-04-17T17:25:00+08:00,0.01,0.060000000000000005,0.21999999999999997,1.55,8.999999999999998,82.13878464986834,67,5.6031367450075415E-6,Low
BISHAN,2021-04-17T17:25:00+08:00,0.04,0.19000000000000003,0.34,1.29,9.700000000000001,80.84839992646123,67,3.7859424778560342E-6,Low
BOON LAY,2021-04-17T17:25:00+08:00,0.16,0.2,0.42000000000000004,1.6100000000000003,8.629999999999999,96.07078992489208,67,6.07642186058629E-6,Low
BUKIT BATOK,2021-04-17T17:25:00+08:00,0.05,0.19,0.42,1.3,8.39,108.26479383727857,67,3.848880097857028E-6,Low
BUKIT MERAH,2021-04-17T17:25:00+08:00,0.04,0.15,0.31,0.81,6.889999999999999,89.53459152651389,67,1.4017129520729698E-6,Low
BUKIT PANJANG,2021-04-17T17:25:00+08:00,0.05,0.19,0.41,1.34,8.629999999999999,99.57046454727296,67,4.106155756185022E-6,Low
BUKIT TIMAH,2021-04-17T17:25:00+08:00,0.06,0.16,0.38,1.07,8.379999999999999,109.00087594621768,67,2.5397494104121403E-6,Low
CENTRAL WATER CATCHMENT,2021-04-17T17:25:00+08:00,0.02,0.32000000000000006,0.51,1.6400000000000001,8.78,94.7510057852969,67,6.320727568124258E-6,Low
CHANGI,2021-04-17T17:25:00+08:00,0.01,0.05,0.33000000000000007,1.7600000000000002,11.93,75.77027213082596,67,7.349333601740909E-6,Low
CHANGI BAY,2021-04-17T17:25:00+08:00,0.03,0.12,0.28,1.3600000000000003,8.52,74.10028566008161,67,4.238116602829455E-6,Low
CHOA CHU KANG,2021-04-17T17:25:00+08:00,0.04,0.17,0.41,1.4300000000000002,8.68,94.8192172309447,67,4.717500819418879E-6,Low
CLEMENTI,2021-04-17T17:25:00+08:00,0.15,0.2,0.5399999999999999,1.19,7.960000000000001,120.40184303195791,67,3.1867948811390554E-6,Low
DOWNTOWN CORE,2021-04-17T17:25:00+08:00,0.07,0.19,0.33,0.99,7.779999999999999,91.35919723012745,67,2.1514639036318545E-6,Low
GEYLANG,2021-04-17T17:25:00+08:00,0.04,0.19,0.27,1.1500000000000001,7.649999999999999,87.59164629144517,67,2.9624408376534694E-6,Low
HOUGANG,2021-04-17T17:25:00+08:00,0.15,0.19,0.38,1.6900000000000002,9.399999999999999,59.080595667325554,67,6.7393007455974365E-6,Low
JURONG EAST,2021-04-17T17:25:00+08:00,0.12,0.19,0.48000000000000004,1.34,8.62,115.58743360688797,67,4.106155756185022E-6,Low
JURONG WEST,2021-04-17T17:25:00+08:00,0.03,0.19,0.41000000000000003,1.9300000000000002,11.84,115.53055901515388,67,8.948433662212033E-6,Low
KALLANG,2021-04-17T17:25:00+08:00,0.08,0.19,0.35000000000000003,1.11,8.18,88.9593947225915,67,2.746772828909949E-6,Low
LIM CHU KANG,2021-04-17T17:25:00+08:00,0.02,0.14,0.46,1.56,9.75,91.65590284143491,67,5.680601707352302E-6,Low
MANDAI,2021-04-17T17:25:00+08:00,0.07,0.31,0.54,1.73,8.36,58.64958272845605,67,7.084449871270396E-6,Low
MARINA EAST,2021-04-17T17:25:00+08:00,0.03,0.19,0.28,0.9700000000000001,7.300000000000001,88.51337345909864,67,2.0597268567724703E-6,Low
MARINA SOUTH,2021-04-17T17:25:00+08:00,0.01,0.19000000000000003,0.23000000000000004,0.8600000000000001,7.039999999999999,83.56150018550304,67,1.5929442265911553E-6,Low
MARINE PARADE,2021-04-17T17:25:00+08:00,0.07,0.15000000000000002,0.30000000000000004,1.23,7.299999999999999,92.94562990081799,67,3.4198751739888183E-6,Low
MUSEUM,2021-04-17T17:25:00+08:00,0.17,0.2,0.38,0.8500000000000001,7.89,94.6600406893007,67,1.5536573222597988E-6,Low
NEWTON,2021-04-17T17:25:00+08:00,0.06,0.19,0.28,0.89,8.18,90.89977231232702,67,1.713940109319247E-6,Low
NORTH-EASTERN ISLANDS,2021-04-17T17:25:00+08:00,0.03,0.11,0.28,1.5700000000000003,9.15,76.0573729028836,67,5.758632377334567E-6,Low
NOVENA,2021-04-17T17:25:00+08:00,0.05,0.19,0.34,1.07,8.93,93.0710168698012,67,2.5397494104121403E-6,Low
ORCHARD,2021-04-17T17:25:00+08:00,0.12,0.2,0.35,0.94,8.329999999999998,94.70174583696789,67,1.926098484044894E-6,Low
OUTRAM,2021-04-17T17:25:00+08:00,0.08,0.19,0.35000000000000003,0.97,7.9,94.47933101055318,67,2.0597268567724703E-6,Low
PASIR RIS,2021-04-17T17:25:00+08:00,0.01,0.16,0.25,1.9600000000000002,8.99,64.83192391231147,67,9.248035629758028E-6,Low
PAYA LEBAR,2021-04-17T17:25:00+08:00,0.04,0.15,0.29,1.5100000000000002,8.549999999999999,73.91351124187642,67,5.298924109095663E-6,Low
PIONEER,2021-04-17T17:25:00+08:00,0.14,0.19,0.43000000000000005,2.04,10.21,106.57451738287081,67,1.0072673590618336E-5,Low
PUNGGOL,2021-04-17T17:25:00+08:00,0.0,0.0,0.2,1.2000000000000002,5.600000000000001,96.26889511563216,67,3.2442453234972176E-6,Low
QUEENSTOWN,2021-04-17T17:25:00+08:00,0.04,0.19,0.41,1.0,7.499999999999999,116.24109749249523,67,2.19813007349266E-6,Low
RIVER VALLEY,2021-04-17T17:25:00+08:00,0.17,0.19,0.38,0.9700000000000001,8.469999999999999,95.06634925680942,67,2.0597268567724703E-6,Low
ROCHOR,2021-04-17T17:25:00+08:00,0.1,0.19,0.36,1.0,8.08,91.959010824619,67,2.19813007349266E-6,Low
SELETAR,2021-04-17T17:25:00+08:00,0.02,0.11,0.25,1.34,7.33,73.97678286125281,67,4.106155756185022E-6,Low
SEMBAWANG,2021-04-17T17:25:00+08:00,0.05,0.22000000000000003,0.42,1.6099999999999999,9.090000000000002,68.74962610835432,67,6.07642186058628E-6,Low
SENGKANG,2021-04-17T17:25:00+08:00,0.0,0.18000000000000002,0.21000000000000002,1.2400000000000002,6.49,65.9292625882883,67,3.479513325438491E-6,Low
SERANGOON,2021-04-17T17:25:00+08:00,0.05,0.19,0.35000000000000003,1.4200000000000002,8.95,72.30219573302475,67,4.647344332548241E-6,Low
SIMPANG,2021-04-17T17:25:00+08:00,0.08,0.21000000000000002,0.37000000000000005,1.5,7.8,68.71906349586992,67,5.224280263327532E-6,Low
SINGAPORE RIVER,2021-04-17T17:25:00+08:00,0.11,0.19,0.37,0.95,8.079999999999998,95.86040833887847,67,1.9701119737866337E-6,Low
SOUTHERN ISLANDS,2021-04-17T17:25:00+08:00,0.06,0.18,0.35000000000000003,1.05,7.599999999999998,90.40315156280509,67,2.4394661143163166E-6,Low
STRAITS VIEW,2021-04-17T17:25:00+08:00,0.05,0.19,0.3,1.0,7.579999999999998,89.02880583484533,67,2.19813007349266E-6,Low
SUNGEI KADUT,2021-04-17T17:25:00+08:00,0.02,0.16999999999999998,0.39,1.4400000000000002,9.61,95.62975762969444,67,4.788216405355737E-6,Low
TAMPINES,2021-04-17T17:25:00+08:00,0.0,0.17,0.2,1.9200000000000002,10.080000000000002,71.50354307693422,67,8.84973128195297E-6,Low
TANGLIN,2021-04-17T17:25:00+08:00,0.01,0.19,0.39,0.8400000000000001,8.599999999999998,118.03164659892629,67,1.514891579526319E-6,Low
TENGAH,2021-04-17T17:25:00+08:00,0.08,0.15,0.41000000000000003,1.5699999999999998,9.4,103.65086169845274,67,5.758632377334557E-6,Low
TOA PAYOH,2021-04-17T17:25:00+08:00,0.06,0.19,0.34,1.2400000000000002,9.77,85.74105689492797,67,3.479513325438491E-6,Low
TUAS,2021-04-17T17:25:00+08:00,0.04,0.1,0.6700000000000002,3.0,11.04,101.38848785599839,67,2.2948338131364418E-5,Low
WESTERN ISLANDS,2021-04-17T17:25:00+08:00,0.08,0.17,0.45000000000000007,1.73,9.21,99.617742483668,67,7.084449871270396E-6,Low
WESTERN WATER CATCHMENT,2021-04-17T17:25:00+08:00,0.02,0.2,0.42000000000000004,2.2199999999999998,11.249999999999996,109.97541478122466,67,1.2065662310321775E-5,Low
WOODLANDS,2021-04-17T17:25:00+08:00,0.0,0.03,0.23,1.4200000000000002,10.959999999999997,57.94088692074427,67,4.647344332548241E-6,Low
YISHUN,2021-04-17T17:25:00+08:00,0.19,0.21,0.22,1.4200000000000002,6.53,57.61590230115295,67,4.647344332548241E-6,Low
ANG MO KIO,2021-04-17T17:30:00+08:00,0.01,0.16,0.35000000000000003,1.1700000000000002,7.629999999999999,70.41102048113511,67,3.073529563741663E-6,Low
BEDOK,2021-04-17T17:30:00+08:00,0.0,0.03,0.19999999999999998,1.1700000000000002,7.329999999999999,81.94133392646913,67,3.073529563741663E-6,Low
BISHAN,2021-04-17T17:30:00+08:00,0.01,0.12000000000000001,0.31,1.08,8.91,80.6640511164661,67,2.5906971497546866E-6,Low
BOON LAY,2021-04-17T17:30:00+08:00,0.01,0.18000000000000002,0.26,1.2600000000000002,7.890000000000001,95.84984851214702,67,3.600435533661789E-6,Low
BUKIT BATOK,2021-04-17T17:30:00+08:00,0.01,0.07,0.38000000000000006,1.1,7.87,108.01453965951151,67,2.694208191062886E-6,Low
BUKIT MERAH,2021-04-17T17:30:00+08:00,0.02,0.13999999999999999,0.3,0.68,6.139999999999999,89.33936226616481,67,9.648101242195771E-7,Low
BUKIT PANJANG,2021-04-17T17:30:00+08:00,0.02,0.1,0.35000000000000003,1.1400000000000001,8.01,99.35111038178512,67,2.9077111170016976E-6,Low
BUKIT TIMAH,2021-04-17T17:30:00+08:00,0.06,0.16,0.37,0.94,7.62,108.79885232487398,67,1.926098484044894E-6,Low
CENTRAL WATER CATCHMENT,2021-04-17T17:30:00+08:00,0.01,0.05,0.38000000000000006,1.44,8.15,94.53323695824572,67,4.788216405355729E-6,Low
CHANGI,2021-04-17T17:30:00+08:00,0.0,0.03,0.19999999999999998,1.4300000000000002,9.42,75.58813046525152,67,4.717500819418879E-6,Low
CHANGI BAY,2021-04-17T17:30:00+08:00,0.01,0.08,0.23000000000000004,1.09,7.279999999999999,73.932158420069,67,2.6421831864407808E-6,Low
CHOA CHU KANG,2021-04-17T17:30:00+08:00,0.02,0.08,0.36,1.2200000000000002,8.19,94.61128443264236,67,3.3607848597153853E-6,Low
CLEMENTI,2021-04-17T17:30:00+08:00,0.02,0.18,0.41000000000000003,1.01,7.049999999999999,120.13241300074186,67,2.245328973458546E-6,Low
DOWNTOWN CORE,2021-04-17T17:30:00+08:00,0.01,0.17,0.28,0.76,7.009999999999998,91.1495818601271,67,1.223425687853584E-6,Low
GEYLANG,2021-04-17T17:30:00+08:00,0.0,0.08,0.22000000000000003,0.9099999999999999,6.83,87.3810876132556,67,1.797224731389398E-6,Low
HOUGANG,2021-04-17T17:30:00+08:00,0.0,0.18,0.22,1.3200000000000003,8.899999999999999,58.938573766184746,67,3.976411753883416E-6,Low
JURONG EAST,2021-04-17T17:30:00+08:00,0.02,0.15,0.38,1.13,7.93,115.32957677617364,67,2.853523639452033E-6,Low
JURONG WEST,2021-04-17T17:30:00+08:00,0.0,0.03,0.23,1.5500000000000003,11.26,115.25283890340039,67,5.6031367450075415E-6,Low
KALLANG,2021-04-17T17:30:00+08:00,0.01,0.17,0.25,0.8200000000000001,7.419999999999998,88.75554815892482,67,1.4389202400151151E-6,Low
LIM CHU KANG,2021-04-17T17:30:00+08:00,0.01,0.1,0.33,1.29,9.219999999999999,91.44557423057229,67,3.7859424778560342E-6,Low
MANDAI,2021-04-17T17:30:00+08:00,0.06,0.25,0.53,1.5100000000000002,7.890000000000001,58.56859692514573,67,5.298924109095663E-6,Low
MARINA EAST,2021-04-17T17:30:00+08:00,0.0,0.17,0.23,0.7300000000000001,6.61,88.30059907128047,67,1.1226205379623928E-6,Low
MARINA SOUTH,2021-04-17T17:30:00+08:00,0.0,0.18000000000000002,0.21000000000000002,0.65,6.389999999999999,83.36062944301175,67,8.761999059860549E-7,Low
MARINE PARADE,2021-04-17T17:30:00+08:00,0.0,0.13,0.22000000000000003,0.9600000000000001,6.529999999999999,92.72220095748821,67,2.0146545150619764E-6,Low
MUSEUM,2021-04-17T17:30:00+08:00,0.0,0.19,0.37,0.64,7.069999999999999,94.43249053025252,67,8.476697689906853E-7,Low
NEWTON,2021-04-17T17:30:00+08:00,0.01,0.09,0.27,0.69,7.25,90.69126133877901,67,9.953568807347264E-7,Low
NORTH-EASTERN ISLANDS,2021-04-17T17:30:00+08:00,0.01,0.08,0.22000000000000003,1.2600000000000002,7.82,75.88454108520413,67,3.600435533661789E-6,Low
NOVENA,2021-04-17T17:30:00+08:00,0.02,0.13,0.29000000000000004,0.87,8.08,92.86728651285985,67,1.6327531166426062E-6,Low
ORCHARD,2021-04-17T17:30:00+08:00,0.01,0.15,0.33999999999999997,0.75,7.379999999999999,94.48409542428665,67,1.1893118574386728E-6,Low
OUTRAM,2021-04-17T17:30:00+08:00,0.01,0.16000000000000003,0.32,0.77,7.0699999999999985,94.26221525355936,67,1.2580528592879398E-6,Low
PASIR RIS,2021-04-17T17:30:00+08:00,0.01,0.14,0.22000000000000003,1.4900000000000002,7.89,64.68607658232703,67,5.150199136816266E-6,Low
PAYA LEBAR,2021-04-17T17:30:00+08:00,0.01,0.11,0.24000000000000002,1.19,7.620000000000001,73.74583298274591,67,3.1867948811390554E-6,Low
PIONEER,2021-04-17T17:30:00+08:00,0.01,0.16000000000000003,0.37000000000000005,1.68,9.61,106.3283264050901,67,6.654444238927321E-6,Low
PUNGGOL,2021-04-17T17:30:00+08:00,0.2,0.2,0.2,1.0,5.600000000000001,96.23747748433348,67,2.19813007349266E-6,Low
QUEENSTOWN,2021-04-17T17:30:00+08:00,0.01,0.06999999999999999,0.4,0.8500000000000001,6.54,115.97166934066114,67,1.5536573222597988E-6,Low
RIVER VALLEY,2021-04-17T17:30:00+08:00,0.0,0.18000000000000002,0.37,0.77,7.5,94.8378223859567,67,1.2580528592879398E-6,Low
ROCHOR,2021-04-17T17:30:00+08:00,0.01,0.17,0.30000000000000004,0.76,7.279999999999999,91.74795358244289,67,1.223425687853584E-6,Low
SELETAR,2021-04-17T17:30:00+08:00,0.01,0.060000000000000005,0.24,1.1099999999999999,6.799999999999999,73.80895250555709,67,2.746772828909949E-6,Low
SEMBAWANG,2021-04-17T17:30:00+08:00,0.03,0.18000000000000002,0.37,1.3399999999999999,8.52,68.61436114288905,67,4.106155756185022E-6,Low
SENGKANG,2021-04-17T17:30:00+08:00,0.0,0.17,0.2,1.02,5.879999999999999,65.77077740194514,67,2.2930613200785047E-6,Low
SERANGOON,2021-04-17T17:30:00+08:00,0.01,0.16000000000000003,0.32,1.19,8.25,72.13839086226008,67,3.1867948811390554E-6,Low
SIMPANG,2021-04-17T17:30:00+08:00,0.03,0.17,0.36,1.2799999999999998,7.25,68.58387199886378,67,3.7235562306416665E-6,Low
SINGAPORE RIVER,2021-04-17T17:30:00+08:00,0.01,0.17,0.35000000000000003,0.75,7.209999999999999,95.63997265550991,67,1.1893118574386728E-6,Low
SOUTHERN ISLANDS,2021-04-17T17:30:00+08:00,0.02,0.15,0.32000000000000006,0.8700000000000001,6.829999999999998,90.20583439954616,67,1.6327531166426062E-6,Low
STRAITS VIEW,2021-04-17T17:30:00+08:00,0.01,0.17,0.27,0.78,6.829999999999998,88.82479241608839,67,1.293194279116675E-6,Low
SUNGEI KADUT,2021-04-17T17:30:00+08:00,0.01,0.060000000000000005,0.3600000000000001,1.21,9.1,95.40987639998106,67,3.3022417788928765E-6,Low
TAMPINES,2021-04-17T17:30:00+08:00,0.0,0.01,0.19,1.5200000000000002,8.399999999999999,71.33165806102694,67,5.374131179290328E-6,Low
TANGLIN,2021-04-17T17:30:00+08:00,0.15,0.18,0.38,0.8,7.789999999999999,117.89791420497498,67,1.3650234430036787E-6,Low
TENGAH,2021-04-17T17:30:00+08:00,0.01,0.09999999999999999,0.33,1.35,9.01,103.41169880043141,67,4.1718587951099715E-6,Low
TOA PAYOH,2021-04-17T17:30:00+08:00,0.01,0.14,0.28,0.9900000000000001,8.959999999999999,85.5449467877346,67,2.1514639036318545E-6,Low
TUAS,2021-04-17T17:30:00+08:00,0.1,0.15000000000000002,0.53,2.49,10.7,101.24476340406189,67,1.5416197029522407E-5,Low
WESTERN ISLANDS,2021-04-17T17:30:00+08:00,0.03,0.13,0.37,1.44,8.580000000000002,99.40827466830352,67,4.788216405355729E-6,Low
WESTERN WATER CATCHMENT,2021-04-17T17:30:00+08:00,0.0,0.03,0.24000000000000002,1.8499999999999999,10.669999999999998,109.71104849802185,67,8.175081714851022E-6,Low
WOODLANDS,2021-04-17T17:30:00+08:00,0.0,0.02,0.22,1.04,10.36,57.80160472798161,67,2.3901291890208807E-6,Low
YISHUN,2021-04-17T17:30:00+08:00,0.0,0.2,0.22,1.2200000000000002,6.12,57.47740132823066,67,3.3607848597153853E-6,Low
ANG MO KIO,2021-04-17T17:35:00+08:00,0.02,0.15,0.23,0.9700000000000001,7.09,70.26176174436976,67,2.0597268567724703E-6,Low
BEDOK,2021-04-17T17:35:00+08:00,0.01,0.02,0.09,0.7200000000000001,6.18,81.754357848371,67,1.0900411811565219E-6,Low
BISHAN,2021-04-17T17:35:00+08:00,0.03,0.08,0.27,0.8899999999999999,8.04,80.50014545651325,67,1.713940109319247E-6,Low
BOON LAY,2021-04-17T17:35:00+08:00,0.01,0.18000000000000002,0.24000000000000002,1.0500000000000003,7.59,95.6294382131987,67,2.4394661143163213E-6,Low
BUKIT BATOK,2021-04-17T17:35:00+08:00,0.01,0.07,0.25000000000000006,0.9100000000000001,7.619999999999999,107.76488705953312,67,1.797224731389401E-6,Low
BUKIT MERAH,2021-04-17T17:35:00+08:00,0.01,0.06999999999999999,0.23,0.6200000000000001,5.449999999999998,89.13460231101485,67,7.921131085826797E-7,Low
BUKIT PANJANG,2021-04-17T17:35:00+08:00,0.01,0.08,0.27,0.9500000000000001,7.51,99.12228351456254,67,1.9701119737866337E-6,Low
BUKIT TIMAH,2021-04-17T17:35:00+08:00,0.01,0.13,0.32,0.84,6.77,108.54731434147037,67,1.514891579526319E-6,Low
CENTRAL WATER CATCHMENT,2021-04-17T17:35:00+08:00,0.01,0.04,0.3600000000000001,1.12,7.659999999999999,94.31599161851686,67,2.7998777600569294E-6,Low
CHANGI,2021-04-17T17:35:00+08:00,0.0,0.01,0.18,1.05,6.89,75.40642664403748,67,2.4394661143163166E-6,Low
CHANGI BAY,2021-04-17T17:35:00+08:00,0.01,0.05,0.19000000000000003,0.84,6.119999999999998,73.76443533560003,67,1.514891579526319E-6,Low
CHOA CHU KANG,2021-04-17T17:35:00+08:00,0.01,0.06999999999999999,0.25,1.0,7.77,94.39385147715629,67,2.19813007349266E-6,Low
CLEMENTI,2021-04-17T17:35:00+08:00,0.0,0.16999999999999998,0.37,0.8900000000000001,6.66,119.84363064351803,67,1.713940109319247E-6,Low
DOWNTOWN CORE,2021-04-17T17:35:00+08:00,0.01,0.09,0.24000000000000002,0.66,6.229999999999998,90.94047037762178,67,9.052326545685872E-7,Low
GEYLANG,2021-04-17T17:35:00+08:00,0.01,0.05,0.22000000000000003,0.7,6.199999999999999,87.1810350901486,67,1.0264103204623478E-6,Low
HOUGANG,2021-04-17T17:35:00+08:00,0.0,0.15,0.2,0.9600000000000001,8.13,58.79689326682189,67,2.0146545150619764E-6,Low
JURONG EAST,2021-04-17T17:35:00+08:00,0.01,0.15,0.32000000000000006,0.98,7.5,115.0623397990154,67,2.1053297410992902E-6,Low
JURONG WEST,2021-04-17T17:35:00+08:00,0.15,0.18,0.36,1.3200000000000003,10.84,115.1257863938911,67,3.976411753883416E-6,Low
KALLANG,2021-04-17T17:35:00+08:00,0.01,0.09999999999999999,0.23000000000000004,0.6900000000000001,6.609999999999998,88.55219161530933,67,9.953568807347264E-7,Low
LIM CHU KANG,2021-04-17T17:35:00+08:00,0.01,0.04,0.24000000000000002,1.08,8.73,91.23575122174095,67,2.5906971497546866E-6,Low
MANDAI,2021-04-17T17:35:00+08:00,0.05,0.18,0.44,1.3000000000000003,7.420000000000002,58.477805800944864,67,3.848880097857028E-6,Low
MARINA EAST,2021-04-17T17:35:00+08:00,0.01,0.04,0.22000000000000003,0.58,5.9399999999999995,88.0983361648164,67,6.869838677972194E-7,Low
MARINA SOUTH,2021-04-17T17:35:00+08:00,0.0,0.01,0.2,0.47000000000000003,5.749999999999999,83.16024156709297,67,4.38476845594012E-7,Low
MARINE PARADE,2021-04-17T17:35:00+08:00,0.04,0.11000000000000001,0.24000000000000002,0.76,5.98,92.53930910764817,67,1.223425687853584E-6,Low
MUSEUM,2021-04-17T17:35:00+08:00,0.01,0.18000000000000002,0.23000000000000004,0.63,6.139999999999999,94.21548737154902,67,8.196411918663129E-7,Low
NEWTON,2021-04-17T17:35:00+08:00,0.1,0.16999999999999998,0.33999999999999997,0.75,6.51,90.57325159790372,67,1.1893118574386728E-6,Low
NORTH-EASTERN ISLANDS,2021-04-17T17:35:00+08:00,0.01,0.05,0.19000000000000003,0.97,6.579999999999999,75.71212473224784,67,2.0597268567724703E-6,Low
NOVENA,2021-04-17T17:35:00+08:00,0.03,0.1,0.27999999999999997,0.77,7.1899999999999995,92.67404589662416,67,1.2580528592879398E-6,Low
ORCHARD,2021-04-17T17:35:00+08:00,0.04,0.17,0.35,0.76,6.589999999999999,94.29696821427532,67,1.223425687853584E-6,Low
OUTRAM,2021-04-17T17:35:00+08:00,0.01,0.09999999999999999,0.26,0.6900000000000001,6.27,94.04562141399423,67,9.953568807347264E-7,Low
PASIR RIS,2021-04-17T17:35:00+08:00,0.0,0.02,0.2,1.1300000000000001,6.869999999999999,64.53057984994315,67,2.853523639452033E-6,Low
PAYA LEBAR,2021-04-17T17:35:00+08:00,0.01,0.060000000000000005,0.21000000000000002,0.9099999999999999,6.77,73.57855779986866,67,1.797224731389398E-6,Low
PIONEER,2021-04-17T17:35:00+08:00,0.02,0.17,0.26,1.34,9.049999999999999,106.0927272377052,67,4.106155756185022E-6,Low
PUNGGOL,2021-04-17T17:35:00+08:00,0.0,0.2,0.2,0.8,5.2,96.00613537684556,67,1.3650234430036787E-6,Low
QUEENSTOWN,2021-04-17T17:35:00+08:00,0.0,0.05,0.24000000000000002,0.79,6.029999999999999,115.69288885830146,67,1.3288508445758396E-6,Low
RIVER VALLEY,2021-04-17T17:35:00+08:00,0.01,0.18000000000000002,0.36000000000000004,0.77,6.6899999999999995,94.61984486333404,67,1.2580528592879398E-6,Low
ROCHOR,2021-04-17T17:35:00+08:00,0.02,0.13,0.25,0.7,6.4399999999999995,91.54740369383092,67,1.0264103204623478E-6,Low
SELETAR,2021-04-17T17:35:00+08:00,0.01,0.04,0.14,0.9400000000000001,6.269999999999999,73.64152559173455,67,1.926098484044894E-6,Low
SEMBAWANG,2021-04-17T17:35:00+08:00,0.02,0.1,0.31000000000000005,1.1,7.949999999999999,68.46942133642625,67,2.694208191062886E-6,Low
SENGKANG,2021-04-17T17:35:00+08:00,0.0,0.0,0.19,0.8200000000000001,5.4399999999999995,65.61267319292988,67,1.4389202400151151E-6,Low
SERANGOON,2021-04-17T17:35:00+08:00,0.01,0.07,0.24000000000000005,0.9199999999999999,7.529999999999999,71.97497975663775,67,1.8396556291551898E-6,Low
SIMPANG,2021-04-17T17:35:00+08:00,0.02,0.13,0.29000000000000004,1.08,6.700000000000001,68.43900548425171,67,2.5906971497546866E-6,Low
SINGAPORE RIVER,2021-04-17T17:35:00+08:00,0.01,0.13,0.28,0.71,6.369999999999998,95.42006687023188,67,1.0579714293305801E-6,Low
SOUTHERN ISLANDS,2021-04-17T17:35:00+08:00,0.01,0.09,0.26,0.75,6.1099999999999985,89.9989915605275,67,1.1893118574386728E-6,Low
STRAITS VIEW,2021-04-17T17:35:00+08:00,0.01,0.07,0.24,0.64,6.1099999999999985,88.6212694184801,67,8.476697689906853E-7,Low
SUNGEI KADUT,2021-04-17T17:35:00+08:00,0.01,0.04,0.23,1.0,8.45,95.19052373552529,67,2.19813007349266E-6,Low
TAMPINES,2021-04-17T17:35:00+08:00,0.0,0.0,0.18000000000000002,1.1300000000000001,7.079999999999999,71.16018623385719,67,2.853523639452033E-6,Low
TANGLIN,2021-04-17T17:35:00+08:00,0.0,0.16,0.36,0.77,6.68,117.61450328592788,67,1.2580528592879398E-6,Low
TENGAH,2021-04-17T17:35:00+08:00,0.01,0.09999999999999999,0.24000000000000005,1.03,8.61,103.1731108182361,67,2.341327823788122E-6,Low
TOA PAYOH,2021-04-17T17:35:00+08:00,0.01,0.07999999999999999,0.25,0.79,8.030000000000001,85.34930810317911,67,1.3288508445758396E-6,Low
TUAS,2021-04-17T17:35:00+08:00,0.03,0.17,0.43000000000000005,2.0000000000000004,9.96,101.03138444660921,67,9.65567456794423E-6,Low
WESTERN ISLANDS,2021-04-17T17:35:00+08:00,0.02,0.13,0.30000000000000004,1.19,7.99,99.18931038573234,67,3.1867948811390554E-6,Low
WESTERN WATER CATCHMENT,2021-04-17T17:35:00+08:00,0.01,0.03,0.23,1.34,10.109999999999996,109.45731771623392,67,4.106155756185022E-6,Low
WOODLANDS,2021-04-17T17:35:00+08:00,0.0,0.0,0.2,0.8300000000000001,9.759999999999998,57.662657351102034,67,1.4766461658363303E-6,Low
YISHUN,2021-04-17T17:35:00+08:00,0.0,0.19,0.21,1.02,5.71,57.33923329324277,67,2.2930613200785047E-6,Low
ANG MO KIO,2021-04-17T17:40:00+08:00,0.01,0.04,0.23,0.79,6.489999999999999,70.10286180577357,67,1.3288508445758396E-6,Low
BEDOK,2021-04-17T17:40:00+08:00,0.0,0.01,0.07,0.5,5.4399999999999995,81.55783123591856,67,5.004050163160088E-7,Low
BISHAN,2021-04-17T17:40:00+08:00,0.04,0.08,0.27,0.78,6.75,80.34663380398656,67,1.293194279116675E-6,Low
BOON LAY,2021-04-17T17:40:00+08:00,0.01,0.03,0.23000000000000004,0.8600000000000001,6.949999999999999,95.40955775132012,67,1.5929442265911553E-6,Low
BUKIT BATOK,2021-04-17T17:40:00+08:00,0.01,0.03,0.22000000000000003,0.8200000000000002,7.219999999999999,107.51583459123034,67,1.4389202400151151E-6,Low
BUKIT MERAH,2021-04-17T17:40:00+08:00,0.01,0.04,0.19,0.54,4.789999999999998,88.93033457158782,67,5.897732159683087E-7,Low
BUKIT PANJANG,2021-04-17T17:40:00+08:00,0.03,0.06,0.25,0.8200000000000001,6.959999999999999,98.91400671672142,67,1.4389202400151151E-6,Low
BUKIT TIMAH,2021-04-17T17:40:00+08:00,0.02,0.09,0.25,0.72,6.0,108.30638102195357,67,1.09004118115652E-6,Low
CENTRAL WATER CATCHMENT,2021-04-17T17:40:00+08:00,0.13,0.15,0.4700000000000001,1.05,7.389999999999999,94.21926850771635,67,2.4394661143163166E-6,Low
CHANGI,2021-04-17T17:40:00+08:00,0.0,0.0,0.05,0.7600000000000001,5.899999999999999,75.22515961466418,67,1.223425687853584E-6,Low
CHANGI BAY,2021-04-17T17:40:00+08:00,0.01,0.03,0.15000000000000002,0.6499999999999999,5.369999999999998,73.59711543513846,67,8.761999059860549E-7,Low
CHOA CHU KANG,2021-04-17T17:40:00+08:00,0.03,0.06,0.23,0.8600000000000001,7.24,94.19694120160192,67,1.5929442265911553E-6,Low
CLEMENTI,2021-04-17T17:40:00+08:00,0.01,0.03,0.23,0.79,6.25,119.56554248070651,67,1.3288508445758396E-6,Low
DOWNTOWN CORE,2021-04-17T17:40:00+08:00,0.01,0.03,0.22000000000000003,0.56,5.499999999999998,90.73186157133291,67,6.373933664179261E-7,Low
GEYLANG,2021-04-17T17:40:00+08:00,0.0,0.01,0.2,0.51,5.51,86.97146346672343,67,5.220161833263655E-7,Low
HOUGANG,2021-04-17T17:40:00+08:00,0.0,0.0,0.19,0.76,7.33,58.65555334855249,67,1.223425687853584E-6,Low
JURONG EAST,2021-04-17T17:40:00+08:00,0.02,0.05,0.24,0.8300000000000001,6.99,114.80574522403883,67,1.4766461658363303E-6,Low
JURONG WEST,2021-04-17T17:40:00+08:00,0.01,0.16,0.35,1.12,9.89,114.85903930173147,67,2.7998777600569294E-6,Low
KALLANG,2021-04-17T17:40:00+08:00,0.01,0.03,0.22000000000000003,0.5700000000000001,5.7799999999999985,88.34932391380192,67,6.619417312547679E-7,Low
LIM CHU KANG,2021-04-17T17:40:00+08:00,0.06,0.08,0.22000000000000003,0.99,8.04,91.07643259954081,67,2.1514639036318545E-6,Low
MANDAI,2021-04-17T17:40:00+08:00,0.06,0.16999999999999998,0.48,1.1600000000000001,7.010000000000001,58.39723292654193,67,3.017713441476764E-6,Low
MARINA EAST,2021-04-17T17:40:00+08:00,0.0,0.01,0.2,0.48,5.32,87.88655947150203,67,4.5863668159423905E-7,Low
MARINA SOUTH,2021-04-17T17:40:00+08:00,0.0,0.0,0.19000000000000003,0.44000000000000006,5.259999999999999,82.96033539699964,67,3.808781388215755E-7,Low
MARINE PARADE,2021-04-17T17:40:00+08:00,0.0,0.04,0.19000000000000003,0.57,5.34,92.31685690551178,67,6.619417312547679E-7,Low
MUSEUM,2021-04-17T17:40:00+08:00,0.0,0.01,0.21000000000000002,0.5900000000000001,5.339999999999999,93.98900585960286,67,7.125209376618422E-7,Low
NEWTON,2021-04-17T17:40:00+08:00,0.0,0.11,0.30000000000000004,0.6,5.77,90.35552553676393,67,7.385540852662333E-7,Low
NORTH-EASTERN ISLANDS,2021-04-17T17:40:00+08:00,0.01,0.03,0.14,0.74,5.789999999999999,75.54012284529276,67,1.1557104502792274E-6,Low
NOVENA,2021-04-17T17:40:00+08:00,0.02,0.07,0.26,0.67,6.08,92.4712698051514,67,9.347690525483216E-7,Low
ORCHARD,2021-04-17T17:40:00+08:00,0.0,0.05,0.25,0.6,5.809999999999999,94.07029083321072,67,7.385540852662333E-7,Low
OUTRAM,2021-04-17T17:40:00+08:00,0.01,0.03,0.22000000000000003,0.5900000000000001,5.509999999999999,93.82954823723763,67,7.125209376618422E-7,Low
PASIR RIS,2021-04-17T17:40:00+08:00,0.0,0.01,0.17,0.8,6.16,64.37545691104096,67,1.3650234430036787E-6,Low
PAYA LEBAR,2021-04-17T17:40:00+08:00,0.01,0.03,0.18000000000000002,0.7,6.02,73.41168472430292,67,1.0264103204623478E-6,Low
PIONEER,2021-04-17T17:40:00+08:00,0.11,0.14,0.33,1.2200000000000002,8.25,105.94769441941143,67,3.3607848597153853E-6,Low
PUNGGOL,2021-04-17T17:40:00+08:00,0.0,0.2,0.2,0.8,4.8,95.77534938504246,67,1.3650234430036787E-6,Low
QUEENSTOWN,2021-04-17T17:40:00+08:00,0.11,0.12,0.31,0.73,5.68,115.52477852717601,67,1.1226205379623928E-6,Low
RIVER VALLEY,2021-04-17T17:40:00+08:00,0.0,0.01,0.2,0.5900000000000001,5.89,94.39239132971012,67,7.125209376618422E-7,Low
ROCHOR,2021-04-17T17:40:00+08:00,0.01,0.04,0.23,0.6000000000000001,5.629999999999999,91.33733590050137,67,7.385540852662345E-7,Low
SELETAR,2021-04-17T17:40:00+08:00,0.01,0.03,0.14,0.76,5.689999999999999,73.47450114996455,67,1.223425687853584E-6,Low
SEMBAWANG,2021-04-17T17:40:00+08:00,0.03,0.08,0.30000000000000004,0.93,7.4399999999999995,68.33482994599807,67,1.8826132900823548E-6,Low
SENGKANG,2021-04-17T17:40:00+08:00,0.0,0.0,0.18000000000000002,0.6200000000000001,4.83,65.45494904542362,67,7.921131085826797E-7,Low
SERANGOON,2021-04-17T17:40:00+08:00,0.01,0.03,0.22000000000000003,0.75,6.619999999999999,71.81196146959867,67,1.1893118574386728E-6,Low
SIMPANG,2021-04-17T17:40:00+08:00,0.03,0.08,0.29000000000000004,0.9100000000000001,6.2,68.30448720949039,67,1.797224731389401E-6,Low
SINGAPORE RIVER,2021-04-17T17:40:00+08:00,0.0,0.02,0.21000000000000002,0.6000000000000001,5.579999999999998,95.19068970923978,67,7.385540852662345E-7,Low
SOUTHERN ISLANDS,2021-04-17T17:40:00+08:00,0.01,0.04,0.22,0.63,5.419999999999998,89.79264594420782,67,8.196411918663129E-7,Low
STRAITS VIEW,2021-04-17T17:40:00+08:00,0.01,0.03,0.22000000000000003,0.55,5.459999999999999,88.4182356631132,67,6.133375939040917E-7,Low
SUNGEI KADUT,2021-04-17T17:40:00+08:00,0.02,0.04,0.21,0.8200000000000001,7.83,94.98169836572649,67,1.4389202400151151E-6,Low
TAMPINES,2021-04-17T17:40:00+08:00,0.0,0.0,0.17,0.76,6.239999999999999,70.98912660217417,67,1.223425687853584E-6,Low
TANGLIN,2021-04-17T17:40:00+08:00,0.0,0.15,0.33999999999999997,0.74,5.709999999999999,117.3317736490695,67,1.1557104502792274E-6,Low
TENGAH,2021-04-17T17:40:00+08:00,0.06,0.08,0.23,0.9000000000000001,7.949999999999999,102.98509636984554,67,1.7553198196355942E-6,Low
TOA PAYOH,2021-04-17T17:40:00+08:00,0.03,0.05,0.24000000000000002,0.6900000000000001,6.629999999999999,85.17413970802411,67,9.953568807347264E-7,Low
TUAS,2021-04-17T17:40:00+08:00,0.02,0.15,0.25,1.62,9.459999999999999,100.80851842381568,67,6.157288340787753E-6,Low
WESTERN ISLANDS,2021-04-17T17:40:00+08:00,0.03,0.08,0.25,0.99,7.33,98.98087246419969,67,2.1514639036318545E-6,Low
WESTERN WATER CATCHMENT,2021-04-17T17:40:00+08:00,0.01,0.02,0.22000000000000003,1.0,8.879999999999999,109.20419686952874,67,2.19813007349266E-6,Low
WOODLANDS,2021-04-17T17:40:00+08:00,0.0,0.0,0.03,0.63,9.329999999999998,57.524043985252646,67,8.196411918663129E-7,Low
YISHUN,2021-04-17T17:40:00+08:00,0.0,0.0,0.21,0.8200000000000001,5.48,57.20139739585072,67,1.4389202400151151E-6,Low
ANG MO KIO,2021-04-17T17:45:00+08:00,0.02,0.05,0.21,0.64,5.779999999999999,69.95434384151456,67,8.476697689906853E-7,Low
BEDOK,2021-04-17T17:45:00+08:00,0.11,0.12,0.15,0.44,5.01,81.47177704732728,67,3.808781388215755E-7,Low
BISHAN,2021-04-17T17:45:00+08:00,0.03,0.1,0.22000000000000003,0.66,5.6899999999999995,80.18349117307335,67,9.052326545685872E-7,Low
BOON LAY,2021-04-17T17:45:00+08:00,0.0,0.02,0.20000000000000004,0.67,6.409999999999999,95.18020585285339,67,9.347690525483216E-7,Low
BUKIT BATOK,2021-04-17T17:45:00+08:00,0.1,0.12000000000000001,0.19,0.7600000000000001,6.76,107.35738081196635,67,1.223425687853584E-6,Low
BUKIT MERAH,2021-04-17T17:45:00+08:00,0.0,0.02,0.16,0.4900000000000001,4.13,88.71655786466253,67,4.792789565274045E-7,Low
BUKIT PANJANG,2021-04-17T17:45:00+08:00,0.04,0.08,0.18000000000000002,0.71,6.34,98.71623058862573,67,1.0579714293305801E-6,Low
BUKIT TIMAH,2021-04-17T17:45:00+08:00,0.01,0.04,0.2,0.66,5.39,108.0560268741208,67,9.052326545685872E-7,Low
CENTRAL WATER CATCHMENT,2021-04-17T17:45:00+08:00,0.01,0.15000000000000002,0.2,0.76,6.749999999999999,94.0027779064213,67,1.223425687853584E-6,Low
CHANGI,2021-04-17T17:45:00+08:00,0.01,0.01,0.04,0.55,5.1499999999999995,75.05432832714207,67,6.133375939040917E-7,Low
CHANGI BAY,2021-04-17T17:45:00+08:00,0.02,0.04,0.12,0.52,4.749999999999998,73.44019774948353,67,5.441137572398529E-7,Low
CHOA CHU KANG,2021-04-17T17:45:00+08:00,0.04,0.08,0.16,0.73,6.629999999999999,94.01050427218384,67,1.1226205379623928E-6,Low
CLEMENTI,2021-04-17T17:45:00+08:00,0.0,0.01,0.19,0.69,5.6899999999999995,119.27812280488503,67,9.953568807347264E-7,Low
DOWNTOWN CORE,2021-04-17T17:45:00+08:00,0.0,0.02,0.19000000000000003,0.49,4.699999999999998,90.51375423289367,67,4.792789565274037E-7,Low
GEYLANG,2021-04-17T17:45:00+08:00,0.0,0.01,0.09,0.45000000000000007,4.829999999999998,86.76239562563235,67,3.99598983322078E-7,Low
HOUGANG,2021-04-17T17:45:00+08:00,0.0,0.0,0.18,0.5800000000000001,6.529999999999999,58.51455319266484,67,6.869838677972194E-7,Low
JURONG EAST,2021-04-17T17:45:00+08:00,0.01,0.04,0.19,0.7300000000000001,6.33,114.53976746832329,67,1.1226205379623928E-6,Low
JURONG WEST,2021-04-17T17:45:00+08:00,0.0,0.16,0.19,0.93,8.479999999999999,114.58293343413507,67,1.8826132900823548E-6,Low
KALLANG,2021-04-17T17:45:00+08:00,0.01,0.03,0.20000000000000004,0.48000000000000004,4.9399999999999995,88.14694387929116,67,4.5863668159423905E-7,Low
LIM CHU KANG,2021-04-17T17:45:00+08:00,0.01,0.07999999999999999,0.18,0.8200000000000001,7.369999999999999,90.86749695813761,67,1.4389202400151151E-6,Low
MANDAI,2021-04-17T17:45:00+08:00,0.06,0.16999999999999998,0.42,1.04,6.5,58.31685373862225,67,2.3901291890208807E-6,Low
MARINA EAST,2021-04-17T17:45:00+08:00,0.0,0.01,0.18000000000000002,0.44000000000000006,4.549999999999999,87.67529186121673,67,3.808781388215755E-7,Low
MARINA SOUTH,2021-04-17T17:45:00+08:00,0.0,0.0,0.18000000000000002,0.42000000000000004,4.469999999999999,82.76090977477496,67,3.4486537201936607E-7,Low
MARINE PARADE,2021-04-17T17:45:00+08:00,0.01,0.05,0.18000000000000002,0.48,4.75,92.1049394489091,67,4.5863668159423905E-7,Low
MUSEUM,2021-04-17T17:45:00+08:00,0.0,0.01,0.2,0.43,4.509999999999999,93.76306877911573,67,3.6263409464481255E-7,Low
NEWTON,2021-04-17T17:45:00+08:00,0.0,0.1,0.19,0.55,4.9,90.13832286014289,67,6.133375939040917E-7,Low
NORTH-EASTERN ISLANDS,2021-04-17T17:45:00+08:00,0.01,0.03,0.10999999999999999,0.54,5.139999999999999,75.36853442801768,67,5.897732159683087E-7,Low
NOVENA,2021-04-17T17:45:00+08:00,0.01,0.060000000000000005,0.19,0.5800000000000001,5.17,92.25898116045691,67,6.869838677972194E-7,Low
ORCHARD,2021-04-17T17:45:00+08:00,0.0,0.04,0.19,0.57,4.82,93.84415835444848,67,6.619417312547679E-7,Low
OUTRAM,2021-04-17T17:45:00+08:00,0.0,0.02,0.18000000000000005,0.52,4.699999999999999,93.60399447168537,67,5.441137572398529E-7,Low
PASIR RIS,2021-04-17T17:45:00+08:00,0.01,0.01,0.15000000000000002,0.5900000000000001,5.449999999999999,64.2307068670706,67,7.125209376618422E-7,Low
PAYA LEBAR,2021-04-17T17:45:00+08:00,0.01,0.03,0.14,0.54,5.309999999999999,73.24521278943614,67,5.897732159683087E-7,Low
PIONEER,2021-04-17T17:45:00+08:00,0.01,0.14,0.30000000000000004,0.93,7.56,105.70301024074037,67,1.8826132900823548E-6,Low
PUNGGOL,2021-04-17T17:45:00+08:00,0.0,0.0,0.2,0.6000000000000001,4.3999999999999995,95.54511817209598,67,7.385540852662345E-7,Low
QUEENSTOWN,2021-04-17T17:45:00+08:00,0.0,0.11,0.18,0.71,5.09,115.24707231094747,67,1.0579714293305801E-6,Low
RIVER VALLEY,2021-04-17T17:45:00+08:00,0.0,0.01,0.19000000000000003,0.5700000000000001,4.779999999999999,94.16548456415619,67,6.619417312547679E-7,Low
ROCHOR,2021-04-17T17:45:00+08:00,0.0,0.03,0.2,0.5,4.779999999999999,91.11777308223243,67,5.004050163160088E-7,Low
SELETAR,2021-04-17T17:45:00+08:00,0.09,0.11,0.16999999999999998,0.6600000000000001,5.139999999999999,73.38787821275776,67,9.052326545685872E-7,Low
SEMBAWANG,2021-04-17T17:45:00+08:00,0.03,0.08,0.26,0.79,6.819999999999999,68.20056209538748,67,1.3288508445758396E-6,Low
SENGKANG,2021-04-17T17:45:00+08:00,0.0,0.0,0.17,0.42000000000000004,4.049999999999999,65.29760404580901,67,3.4486537201936607E-7,Low
SERANGOON,2021-04-17T17:45:00+08:00,0.04,0.06,0.22000000000000006,0.6200000000000001,5.67,71.67933505685917,67,7.921131085826797E-7,Low
SIMPANG,2021-04-17T17:45:00+08:00,0.04,0.09,0.26,0.7700000000000001,5.64,68.18029229878633,67,1.2580528592879398E-6,Low
SINGAPORE RIVER,2021-04-17T17:45:00+08:00,0.0,0.01,0.18000000000000002,0.52,4.699999999999998,94.96186394046222,67,5.441137572398529E-7,Low
SOUTHERN ISLANDS,2021-04-17T17:45:00+08:00,0.01,0.03,0.18000000000000002,0.56,4.729999999999999,89.58679635532981,67,6.373933664179261E-7,Low
STRAITS VIEW,2021-04-17T17:45:00+08:00,0.01,0.03,0.20000000000000004,0.5,4.699999999999998,88.21568997391432,67,5.004050163160088E-7,Low
SUNGEI KADUT,2021-04-17T17:45:00+08:00,0.01,0.04,0.1,0.6600000000000001,7.080000000000001,94.76337498436722,67,9.052326545685872E-7,Low
TAMPINES,2021-04-17T17:45:00+08:00,0.01,0.01,0.02,0.5700000000000001,5.479999999999999,70.82847817511468,67,6.619417312547679E-7,Low
TANGLIN,2021-04-17T17:45:00+08:00,0.0,0.0,0.18,0.5800000000000001,4.789999999999999,117.04972365668799,67,6.869838677972194E-7,Low
TENGAH,2021-04-17T17:45:00+08:00,0.01,0.07999999999999999,0.18,0.7200000000000001,7.18,102.74753388320487,67,1.0900411811565219E-6,Low
TOA PAYOH,2021-04-17T17:45:00+08:00,0.01,0.05,0.19000000000000003,0.56,5.479999999999999,84.97939239441406,67,6.373933664179261E-7,Low
TUAS,2021-04-17T17:45:00+08:00,0.18,0.22999999999999998,0.38,1.4299999999999997,8.969999999999999,100.74618814132572,67,4.71750081941887E-6,Low
WESTERN ISLANDS,2021-04-17T17:45:00+08:00,0.04,0.09,0.22,0.8400000000000001,6.66,98.78293559973243,67,1.514891579526319E-6,Low
WESTERN WATER CATCHMENT,2021-04-17T17:45:00+08:00,0.0,0.02,0.05,0.8,7.49,108.94168449170343,67,1.3650234430036787E-6,Low
WOODLANDS,2021-04-17T17:45:00+08:00,0.0,0.0,0.02,0.6,8.549999999999999,57.38576382751531,67,7.385540852662333E-7,Low
YISHUN,2021-04-17T17:45:00+08:00,0.01,0.01,0.21000000000000002,0.6300000000000001,5.08,57.07389283763986,67,8.196411918663129E-7,Low
ANG MO KIO,2021-04-17T17:50:00+08:00,0.0,0.03,0.18,0.59,5.18,69.78618289470602,67,7.125209376618422E-7,Low
BEDOK,2021-04-17T17:50:00+08:00,0.01,0.12,0.14,0.38,4.419999999999999,81.2859297215702,67,2.7851304060464763E-7,Low
BISHAN,2021-04-17T17:50:00+08:00,0.0,0.07,0.15,0.5800000000000001,4.989999999999999,79.99074071536587,67,6.869838677972194E-7,Low
BOON LAY,2021-04-17T17:50:00+08:00,0.14,0.15000000000000002,0.33000000000000007,0.77,5.819999999999999,95.09140528587346,67,1.2580528592879398E-6,Low
BUKIT BATOK,2021-04-17T17:50:00+08:00,0.0,0.11,0.18,0.7100000000000001,5.949999999999999,107.09930793453181,67,1.0579714293305801E-6,Low
BUKIT MERAH,2021-04-17T17:50:00+08:00,0.0,0.01,0.07999999999999999,0.42000000000000004,3.630000000000001,88.50329504853327,67,3.4486537201936607E-7,Low
BUKIT PANJANG,2021-04-17T17:50:00+08:00,0.01,0.08,0.16,0.64,5.639999999999999,98.48892988806078,67,8.476697689906853E-7,Low
BUKIT TIMAH,2021-04-17T17:50:00+08:00,0.01,0.04,0.17,0.6100000000000001,4.85,107.80627454439147,67,7.650844383687577E-7,Low
CENTRAL WATER CATCHMENT,2021-04-17T17:50:00+08:00,0.0,0.14,0.18000000000000002,0.7200000000000001,6.139999999999999,93.77680771976371,67,1.0900411811565219E-6,Low
CHANGI,2021-04-17T17:50:00+08:00,0.05,0.060000000000000005,0.07,0.43,4.49,74.92390769533449,67,3.6263409464481255E-7,Low
CHANGI BAY,2021-04-17T17:50:00+08:00,0.03,0.06,0.11,0.43000000000000005,4.209999999999999,73.29365727309312,67,3.6263409464481255E-7,Low
CHOA CHU KANG,2021-04-17T17:50:00+08:00,0.01,0.08,0.15,0.6599999999999999,5.869999999999999,93.79451551236966,67,9.052326545685855E-7,Low
CLEMENTI,2021-04-17T17:50:00+08:00,0.01,0.02,0.19,0.67,5.159999999999998,119.00139404777087,67,9.347690525483216E-7,Low
DOWNTOWN CORE,2021-04-17T17:50:00+08:00,0.0,0.01,0.09999999999999999,0.44000000000000006,4.07,90.29617119551314,67,3.808781388215755E-7,Low
GEYLANG,2021-04-17T17:50:00+08:00,0.0,0.0,0.05,0.30000000000000004,4.1499999999999995,86.55383035584957,67,1.6813188487789998E-7,Low
HOUGANG,2021-04-17T17:50:00+08:00,0.0,0.0,0.15,0.4,5.47,58.373891982415344,67,3.1074782470189115E-7,Low
JURONG EAST,2021-04-17T17:50:00+08:00,0.02,0.05,0.19999999999999998,0.67,5.58,114.2844290877884,67,9.347690525483216E-7,Low
JURONG WEST,2021-04-17T17:50:00+08:00,0.0,0.01,0.19,0.76,6.699999999999999,114.30749128835443,67,1.223425687853584E-6,Low
KALLANG,2021-04-17T17:50:00+08:00,0.0,0.02,0.11999999999999998,0.43000000000000005,4.15,87.93505033949036,67,3.6263409464481255E-7,Low
LIM CHU KANG,2021-04-17T17:50:00+08:00,0.0,0.06999999999999999,0.11,0.6700000000000002,6.49,90.64906357025221,67,9.347690525483232E-7,Low
MANDAI,2021-04-17T17:50:00+08:00,0.05,0.16999999999999998,0.35,0.93,5.92,58.22666777158925,67,1.8826132900823548E-6,Low
MARINA EAST,2021-04-17T17:50:00+08:00,0.0,0.0,0.04,0.39,3.9399999999999995,87.46453211019256,67,2.943958866920272E-7,Low
MARINA SOUTH,2021-04-17T17:50:00+08:00,0.0,0.0,0.01,0.4,3.8599999999999994,82.5619635452457,67,3.1074782470189115E-7,Low
MARINE PARADE,2021-04-17T17:50:00+08:00,0.0,0.01,0.12000000000000001,0.38,4.13,91.88353141371171,67,2.7851304060464763E-7,Low
MUSEUM,2021-04-17T17:50:00+08:00,0.0,0.0,0.18000000000000002,0.42,3.8899999999999992,93.53767482134676,67,3.4486537201936607E-7,Low
NEWTON,2021-04-17T17:50:00+08:00,0.0,0.0,0.16999999999999998,0.53,4.26,89.92164230989377,67,5.666990158756179E-7,Low
NORTH-EASTERN ISLANDS,2021-04-17T17:50:00+08:00,0.04,0.06,0.11000000000000001,0.44000000000000006,4.579999999999998,75.22735848649644,67,3.808781388215755E-7,Low
NOVENA,2021-04-17T17:50:00+08:00,0.0,0.03,0.13,0.52,4.49,92.03720282945459,67,5.441137572398529E-7,Low
ORCHARD,2021-04-17T17:50:00+08:00,0.0,0.0,0.17,0.55,4.14,93.6185694681159,67,6.133375939040917E-7,Low
OUTRAM,2021-04-17T17:50:00+08:00,0.0,0.01,0.10999999999999999,0.4600000000000001,4.08,93.37898290741309,67,4.187980781242857E-7,Low
PASIR RIS,2021-04-17T17:50:00+08:00,0.02,0.03,0.05,0.43000000000000005,4.859999999999999,64.09630478297102,67,3.6263409464481255E-7,Low
PAYA LEBAR,2021-04-17T17:50:00+08:00,0.01,0.03,0.09,0.43000000000000005,4.639999999999999,73.07914103097939,67,3.6263409464481255E-7,Low
PIONEER,2021-04-17T17:50:00+08:00,0.01,0.13,0.30000000000000004,0.77,6.499999999999998,105.4589142503203,67,1.2580528592879398E-6,Low
PUNGGOL,2021-04-17T17:50:00+08:00,0.0,0.0,0.2,0.4,3.8,95.31544040439147,67,3.1074782470189115E-7,Low
QUEENSTOWN,2021-04-17T17:50:00+08:00,0.01,0.12,0.17,0.7,4.539999999999999,114.98003366356015,67,1.0264103204623478E-6,Low
RIVER VALLEY,2021-04-17T17:50:00+08:00,0.0,0.0,0.18000000000000002,0.56,4.02,93.93912325231445,67,6.373933664179261E-7,Low
ROCHOR,2021-04-17T17:50:00+08:00,0.0,0.01,0.14,0.4600000000000001,4.090000000000001,90.8987380638023,67,4.187980781242857E-7,Low
SELETAR,2021-04-17T17:50:00+08:00,0.01,0.10999999999999999,0.15000000000000002,0.54,4.63,73.22146350558123,67,5.897732159683087E-7,Low
SEMBAWANG,2021-04-17T17:50:00+08:00,0.02,0.08,0.18,0.66,6.119999999999999,68.05661700684776,67,9.052326545685872E-7,Low
SENGKANG,2021-04-17T17:50:00+08:00,0.0,0.0,0.0,0.4,3.599999999999999,65.1406372826649,67,3.1074782470189115E-7,Low
SERANGOON,2021-04-17T17:50:00+08:00,0.0,0.05,0.12,0.52,4.989999999999998,71.50702746039202,67,5.441137572398529E-7,Low
SIMPANG,2021-04-17T17:50:00+08:00,0.02,0.09000000000000001,0.22,0.65,5.1,68.03639593614412,67,8.761999059860549E-7,Low
SINGAPORE RIVER,2021-04-17T17:50:00+08:00,0.0,0.0,0.13,0.48000000000000004,4.06,94.73358823842563,67,4.5863668159423905E-7,Low
SOUTHERN ISLANDS,2021-04-17T17:50:00+08:00,0.01,0.03,0.11999999999999998,0.5,4.159999999999999,89.38144160150942,67,5.004050163160088E-7,Low
STRAITS VIEW,2021-04-17T17:50:00+08:00,0.0,0.02,0.09,0.45,4.09,88.00363117763727,67,3.99598983322078E-7,Low
SUNGEI KADUT,2021-04-17T17:50:00+08:00,0.0,0.03,0.06999999999999999,0.6000000000000001,6.370000000000001,94.53557642340513,67,7.385540852662345E-7,Low
TAMPINES,2021-04-17T17:50:00+08:00,0.01,0.02,0.02,0.39,4.889999999999999,70.66821592552631,67,2.943958866920272E-7,Low
TANGLIN,2021-04-17T17:50:00+08:00,0.0,0.0,0.16,0.56,4.369999999999999,116.76835167500833,67,6.373933664179261E-7,Low
TENGAH,2021-04-17T17:50:00+08:00,0.0,0.06999999999999999,0.16999999999999998,0.6300000000000001,5.959999999999999,102.50054246521391,67,8.196411918663129E-7,Low
TOA PAYOH,2021-04-17T17:50:00+08:00,0.0,0.04,0.11999999999999998,0.48000000000000004,4.609999999999999,84.7751132274672,67,4.5863668159423905E-7,Low
TUAS,2021-04-17T17:50:00+08:00,0.01,0.21,0.38,1.19,8.239999999999998,100.51400769255218,67,3.1867948811390554E-6,Low
WESTERN ISLANDS,2021-04-17T17:50:00+08:00,0.03,0.1,0.23,0.75,5.899999999999999,98.57547454918478,67,1.1893118574386728E-6,Low
WESTERN WATER CATCHMENT,2021-04-17T17:50:00+08:00,0.0,0.01,0.04,0.62,6.77,108.6798031587508,67,7.921131085826769E-7,Low
WOODLANDS,2021-04-17T17:50:00+08:00,0.0,0.0,0.0,0.41000000000000003,7.749999999999999,57.24781607690201,67,3.275704621164339E-7,Low
YISHUN,2021-04-17T17:50:00+08:00,0.0,0.01,0.2,0.43000000000000005,4.67,56.93669478344368,67,3.6263409464481255E-7,Low
ANG MO KIO,2021-04-17T17:55:00+08:00,0.12,0.13999999999999999,0.18,0.54,4.61,69.73842618446777,67,5.897732159683087E-7,Low
BEDOK,2021-04-17T17:55:00+08:00,0.01,0.13,0.14,0.36000000000000004,3.9699999999999998,81.10052914808817,67,2.4814801216493716E-7,Low
BISHAN,2021-04-17T17:55:00+08:00,0.05,0.08,0.16,0.5,4.509999999999999,79.84845360414535,67,5.004050163160088E-7,Low
BOON LAY,2021-04-17T17:55:00+08:00,0.0,0.14,0.17,0.5900000000000001,5.18,94.86281818365642,67,7.125209376618422E-7,Low
BUKIT BATOK,2021-04-17T17:55:00+08:00,0.01,0.11,0.14,0.56,5.119999999999999,106.85185543000097,67,6.373933664179261E-7,Low
BUKIT MERAH,2021-04-17T17:55:00+08:00,0.01,0.01,0.05,0.36,3.1500000000000004,88.30054488787485,67,2.4814801216493716E-7,Low
BUKIT PANJANG,2021-04-17T17:55:00+08:00,0.01,0.060000000000000005,0.12,0.53,4.979999999999999,98.26217558817545,67,5.666990158756179E-7,Low
BUKIT TIMAH,2021-04-17T17:55:00+08:00,0.02,0.04,0.12999999999999998,0.51,4.32,107.5671225860748,67,5.220161833263655E-7,Low
CENTRAL WATER CATCHMENT,2021-04-17T17:55:00+08:00,0.01,0.02,0.17,0.6800000000000002,5.67,93.56138073540711,67,9.648101242195788E-7,Low
CHANGI,2021-04-17T17:55:00+08:00,0.01,0.07,0.07,0.4,4.01,74.75380057739501,67,3.1074782470189115E-7,Low
CHANGI BAY,2021-04-17T17:55:00+08:00,0.02,0.07,0.1,0.38,3.75,73.13746906053512,67,2.7851304060464763E-7,Low
CHOA CHU KANG,2021-04-17T17:55:00+08:00,0.01,0.060000000000000005,0.12,0.53,5.139999999999999,93.5790459608327,67,5.666990158756179E-7,Low
CLEMENTI,2021-04-17T17:55:00+08:00,0.0,0.01,0.04,0.5800000000000001,4.679999999999999,118.71533050981608,67,6.869838677972194E-7,Low
DOWNTOWN CORE,2021-04-17T17:55:00+08:00,0.04,0.04,0.07,0.4,3.540000000000001,90.11911119884125,67,3.1074782470189115E-7,Low
GEYLANG,2021-04-17T17:55:00+08:00,0.02,0.02,0.03,0.30000000000000004,3.54,86.36576644926043,67,1.6813188487789998E-7,Low
HOUGANG,2021-04-17T17:55:00+08:00,0.01,0.01,0.01,0.39,4.72,58.243568903023714,67,2.943958866920272E-7,Low
JURONG EAST,2021-04-17T17:55:00+08:00,0.01,0.04,0.09,0.5700000000000001,4.949999999999999,114.01970450679003,67,6.619417312547679E-7,Low
JURONG WEST,2021-04-17T17:55:00+08:00,0.0,0.0,0.16,0.57,5.889999999999999,114.0327112688905,67,6.619417312547679E-7,Low
KALLANG,2021-04-17T17:55:00+08:00,0.07,0.08,0.11000000000000001,0.4600000000000001,3.6400000000000006,87.79366616360205,67,4.187980781242857E-7,Low
LIM CHU KANG,2021-04-17T17:55:00+08:00,0.01,0.02,0.09999999999999999,0.56,5.549999999999999,90.44115526720506,67,6.373933664179261E-7,Low
MANDAI,2021-04-17T17:55:00+08:00,0.06,0.16999999999999998,0.33999999999999997,0.88,5.390000000000001,58.14669859963676,67,1.6730848082860967E-6,Low
MARINA EAST,2021-04-17T17:55:00+08:00,0.06,0.06,0.06999999999999999,0.35000000000000003,3.43,87.31427899760334,67,2.3366242723111782E-7,Low
MARINA SOUTH,2021-04-17T17:55:00+08:00,0.01,0.01,0.01,0.24000000000000002,3.2800000000000002,82.37349555601556,67,1.0440864740695539E-7,Low
MARINE PARADE,2021-04-17T17:55:00+08:00,0.04,0.05,0.09,0.39,3.6000000000000005,91.70265561400944,67,2.943958866920272E-7,Low
MUSEUM,2021-04-17T17:55:00+08:00,0.01,0.01,0.02,0.4,3.3099999999999996,93.32282268070111,67,3.1074782470189115E-7,Low
NEWTON,2021-04-17T17:55:00+08:00,0.01,0.01,0.12,0.4,3.6900000000000004,89.71548263089416,67,3.1074782470189115E-7,Low
NORTH-EASTERN ISLANDS,2021-04-17T17:55:00+08:00,0.02,0.07,0.1,0.38,4.09,75.06652191317863,67,2.7851304060464763E-7,Low
NOVENA,2021-04-17T17:55:00+08:00,0.04,0.05,0.12,0.45999999999999996,3.99,91.8559576240893,67,4.1879807812428497E-7,Low
ORCHARD,2021-04-17T17:55:00+08:00,0.01,0.01,0.060000000000000005,0.41000000000000003,3.57,93.40352286748899,67,3.275704621164339E-7,Low
OUTRAM,2021-04-17T17:55:00+08:00,0.02,0.02,0.05,0.4,3.540000000000001,93.17451224104097,67,3.1074782470189115E-7,Low
PASIR RIS,2021-04-17T17:55:00+08:00,0.01,0.04,0.05,0.3,4.41,63.95222578362178,67,1.6813188487789998E-7,Low
PAYA LEBAR,2021-04-17T17:55:00+08:00,0.03,0.05,0.08,0.37000000000000005,4.08,72.93346848696174,67,2.6309764289503604E-7,Low
PIONEER,2021-04-17T17:55:00+08:00,0.0,0.02,0.16000000000000003,0.5900000000000001,5.719999999999999,105.20540503422485,67,7.125209376618422E-7,Low
PUNGGOL,2021-04-17T17:55:00+08:00,0.0,0.0,0.2,0.4,3.4,95.08631475152009,67,3.1074782470189115E-7,Low
QUEENSTOWN,2021-04-17T17:55:00+08:00,0.0,0.01,0.13,0.54,3.979999999999999,114.70363694159609,67,5.897732159683087E-7,Low
RIVER VALLEY,2021-04-17T17:55:00+08:00,0.0,0.0,0.01,0.39,3.4299999999999997,93.71330608298666,67,2.943958866920272E-7,Low
ROCHOR,2021-04-17T17:55:00+08:00,0.04,0.04,0.08,0.44000000000000006,3.5500000000000007,90.72022957645031,67,3.808781388215755E-7,Low
SELETAR,2021-04-17T17:55:00+08:00,0.02,0.12,0.15,0.39999999999999997,4.069999999999999,73.06544883724696,67,3.107478247018906E-7,Low
SEMBAWANG,2021-04-17T17:55:00+08:00,0.03,0.08,0.16,0.5800000000000001,5.469999999999999,67.92301794317295,67,6.869838677972194E-7,Low
SENGKANG,2021-04-17T17:55:00+08:00,0.01,0.01,0.01,0.22,3.17,64.99404784676108,67,8.670690877739925E-8,Low
SERANGOON,2021-04-17T17:55:00+08:00,0.05,0.09,0.12000000000000001,0.4700000000000001,4.439999999999999,71.38513406848992,67,4.38476845594012E-7,Low
SIMPANG,2021-04-17T17:55:00+08:00,0.03,0.09,0.16999999999999998,0.5399999999999999,4.579999999999999,67.90284548123623,67,5.897732159683076E-7,Low
SINGAPORE RIVER,2021-04-17T17:55:00+08:00,0.02,0.02,0.04,0.41000000000000003,3.500000000000001,94.5258612808426,67,3.275704621164339E-7,Low
SOUTHERN ISLANDS,2021-04-17T17:55:00+08:00,0.02,0.04,0.08,0.43000000000000005,3.6500000000000004,89.18658049322893,67,3.6263409464481255E-7,Low
STRAITS VIEW,2021-04-17T17:55:00+08:00,0.03,0.04,0.07,0.37,3.5500000000000007,87.82208214252734,67,2.6309764289503556E-7,Low
SUNGEI KADUT,2021-04-17T17:55:00+08:00,0.01,0.02,0.060000000000000005,0.45000000000000007,5.69,94.31832545991291,67,3.99598983322078E-7,Low
TAMPINES,2021-04-17T17:55:00+08:00,0.0,0.02,0.02,0.22000000000000003,4.469999999999999,70.49833892508971,67,8.670690877739925E-8,Low
TANGLIN,2021-04-17T17:55:00+08:00,0.01,0.01,0.16,0.55,3.9499999999999993,116.49765607418291,67,6.133375939040917E-7,Low
TENGAH,2021-04-17T17:55:00+08:00,0.0,0.01,0.09,0.5,5.0699999999999985,102.25414478177069,67,5.004050163160088E-7,Low
TOA PAYOH,2021-04-17T17:55:00+08:00,0.05,0.060000000000000005,0.11000000000000001,0.45000000000000007,4.09,84.62132512049232,67,3.99598983322078E-7,Low
TUAS,2021-04-17T17:55:00+08:00,0.0,0.19,0.33999999999999997,1.01,7.299999999999999,100.27238537472452,67,2.245328973458546E-6,Low
WESTERN ISLANDS,2021-04-17T17:55:00+08:00,0.01,0.08,0.16,0.6100000000000001,5.199999999999999,98.34851220743447,67,7.650844383687577E-7,Low
WESTERN WATER CATCHMENT,2021-04-17T17:55:00+08:00,0.0,0.0,0.02,0.44,5.82,108.41855135372286,67,3.808781388215755E-7,Low
WOODLANDS,2021-04-17T17:55:00+08:00,0.0,0.0,0.0,0.23,6.629999999999999,57.11019993435019,67,9.533938579916894E-8,Low
YISHUN,2021-04-17T17:55:00+08:00,0.0,0.01,0.01,0.23,4.259999999999999,56.79982653513841,67,9.533938579916894E-8,Low
ANG MO KIO,2021-04-17T18:00:00+08:00,0.01,0.13,0.18,0.53,4.120000000000001,69.58078427501485,67,5.666990158756179E-7,Low
BEDOK,2021-04-17T18:00:00+08:00,0.01,0.03,0.15000000000000002,0.35000000000000003,3.55,80.91557425294809,67,2.3366242723111782E-7,Low
BISHAN,2021-04-17T18:00:00+08:00,0.01,0.060000000000000005,0.16000000000000003,0.47,3.9499999999999993,79.66650853223257,67,4.38476845594012E-7,Low
BOON LAY,2021-04-17T18:00:00+08:00,0.0,0.14,0.16,0.42000000000000004,4.529999999999999,94.63478057445761,67,3.4486537201936607E-7,Low
BUKIT BATOK,2021-04-17T18:00:00+08:00,0.0,0.01,0.13,0.51,4.18,106.59499776840863,67,5.220161833263655E-7,Low
BUKIT MERAH,2021-04-17T18:00:00+08:00,0.05,0.060000000000000005,0.08,0.38,2.7000000000000006,88.13828211166047,67,2.7851304060464763E-7,Low
BUKIT PANJANG,2021-04-17T18:00:00+08:00,0.01,0.03,0.10999999999999999,0.46,4.199999999999999,98.03596637549511,67,4.1879807812428497E-7,Low
BUKIT TIMAH,2021-04-17T18:00:00+08:00,0.01,0.04,0.08,0.45,3.6600000000000006,107.31854551728655,67,3.99598983322078E-7,Low
CENTRAL WATER CATCHMENT,2021-04-17T18:00:00+08:00,0.01,0.02,0.17000000000000004,0.55,5.049999999999999,93.34647160889419,67,6.133375939040917E-7,Low
CHANGI,2021-04-17T18:00:00+08:00,0.01,0.07,0.08,0.28,3.66,74.5841023743626,67,1.4510262940706612E-7,Low
CHANGI BAY,2021-04-17T18:00:00+08:00,0.02,0.07,0.11000000000000001,0.33999999999999997,3.3400000000000003,72.98165630368526,67,2.1963912503823136E-7,Low
CHOA CHU KANG,2021-04-17T18:00:00+08:00,0.01,0.03,0.10999999999999999,0.47,4.33,93.36409436946528,67,4.38476845594012E-7,Low
CLEMENTI,2021-04-17T18:00:00+08:00,0.0,0.01,0.02,0.43,3.86,118.42995463059339,67,3.6263409464481255E-7,Low
DOWNTOWN CORE,2021-04-17T18:00:00+08:00,0.08,0.12,0.14,0.42000000000000004,3.120000000000001,89.98247683087298,67,3.4486537201936607E-7,Low
GEYLANG,2021-04-17T18:00:00+08:00,0.11,0.13,0.14,0.36,3.1900000000000004,86.26815462331213,67,2.4814801216493716E-7,Low
HOUGANG,2021-04-17T18:00:00+08:00,0.01,0.02,0.02,0.24,4.17,58.11355910299714,67,1.0440864740695539E-7,Low
JURONG EAST,2021-04-17T18:00:00+08:00,0.01,0.04,0.07999999999999999,0.46,4.05,113.75561628850683,67,4.1879807812428497E-7,Low
JURONG WEST,2021-04-17T18:00:00+08:00,0.0,0.0,0.16,0.39,5.119999999999999,113.75859178407958,67,2.943958866920272E-7,Low
KALLANG,2021-04-17T18:00:00+08:00,0.03,0.1,0.13,0.38,3.1600000000000006,87.61262185648495,67,2.7851304060464763E-7,Low
LIM CHU KANG,2021-04-17T18:00:00+08:00,0.0,0.01,0.08999999999999998,0.42000000000000004,4.579999999999999,90.22374674809083,67,3.4486537201936607E-7,Low
MANDAI,2021-04-17T18:00:00+08:00,0.05,0.16,0.32999999999999996,0.86,4.779999999999999,58.05692166294704,67,1.5929442265911553E-6,Low
MARINA EAST,2021-04-17T18:00:00+08:00,0.09,0.15,0.15999999999999998,0.39,3.0300000000000002,87.19438707353059,67,2.943958866920272E-7,Low
MARINA SOUTH,2021-04-17T18:00:00+08:00,0.16,0.17,0.17,0.38,3.01,82.33548061878719,67,2.7851304060464763E-7,Low
MARINE PARADE,2021-04-17T18:00:00+08:00,0.02,0.06,0.11,0.33000000000000007,3.1000000000000005,91.50221461569423,67,2.0607629839856582E-7,Low
MUSEUM,2021-04-17T18:00:00+08:00,0.15,0.16,0.16999999999999998,0.54,3.03,93.24848701605124,67,5.897732159683087E-7,Low
NEWTON,2021-04-17T18:00:00+08:00,0.03,0.04,0.14,0.41000000000000003,3.1800000000000006,89.52981853236761,67,3.275704621164339E-7,Low
NORTH-EASTERN ISLANDS,2021-04-17T18:00:00+08:00,0.01,0.06999999999999999,0.1,0.32,3.66,74.89607196961055,67,1.9297209353871715E-7,Low
NOVENA,2021-04-17T18:00:00+08:00,0.02,0.06,0.12000000000000001,0.41000000000000003,3.4600000000000004,91.65514810811318,67,3.275704621164339E-7,Low
ORCHARD,2021-04-17T18:00:00+08:00,0.02,0.03,0.07,0.41000000000000003,3.0999999999999996,93.1989932103138,67,3.275704621164339E-7,Low
OUTRAM,2021-04-17T18:00:00+08:00,0.07,0.09000000000000001,0.11000000000000001,0.43000000000000005,3.1000000000000005,93.02053309498001,67,3.6263409464481255E-7,Low
PASIR RIS,2021-04-17T18:00:00+08:00,0.01,0.04,0.05,0.27,4.0,63.80849313104123,67,1.3426189501202528E-7,Low
PAYA LEBAR,2021-04-17T18:00:00+08:00,0.02,0.06,0.09000000000000001,0.33,3.630000000000001,72.77814612038242,67,2.0607629839856582E-7,Low
PIONEER,2021-04-17T18:00:00+08:00,0.0,0.01,0.15000000000000002,0.5200000000000001,4.969999999999999,104.95250522059767,67,5.441137572398538E-7,Low
PUNGGOL,2021-04-17T18:00:00+08:00,0.0,0.0,0.0,0.2,3.0,94.85773988627118,67,7.074173884891557E-8,Low
QUEENSTOWN,2021-04-17T18:00:00+08:00,0.01,0.02,0.13,0.53,3.29,114.43790464062303,67,5.666990158756179E-7,Low
RIVER VALLEY,2021-04-17T18:00:00+08:00,0.02,0.02,0.03,0.4,3.0199999999999996,93.50803174812654,67,3.1074782470189115E-7,Low
ROCHOR,2021-04-17T18:00:00+08:00,0.07,0.11000000000000001,0.14,0.44,3.120000000000001,90.57215019978105,67,3.808781388215755E-7,Low
SELETAR,2021-04-17T18:00:00+08:00,0.01,0.04,0.15,0.39,3.63,72.89980920744358,67,2.943958866920272E-7,Low
SEMBAWANG,2021-04-17T18:00:00+08:00,0.02,0.07,0.15,0.52,4.739999999999999,67.77974003389409,67,5.441137572398529E-7,Low
SENGKANG,2021-04-17T18:00:00+08:00,0.0,0.01,0.01,0.21000000000000002,2.76,64.83781079238183,67,7.850860018632035E-8,Low
SERANGOON,2021-04-17T18:00:00+08:00,0.04,0.09,0.15,0.4700000000000001,3.9799999999999995,71.25353369210433,67,4.38476845594012E-7,Low
SIMPANG,2021-04-17T18:00:00+08:00,0.03,0.08,0.17,0.5299999999999999,4.039999999999999,67.76961606387528,67,5.66699015875617E-7,Low
SINGAPORE RIVER,2021-04-17T18:00:00+08:00,0.07,0.09000000000000001,0.1,0.45,3.080000000000001,94.3686336712621,67,3.99598983322078E-7,Low
SOUTHERN ISLANDS,2021-04-17T18:00:00+08:00,0.04,0.07,0.1,0.42000000000000004,3.160000000000001,89.0121878051589,67,3.4486537201936607E-7,Low
STRAITS VIEW,2021-04-17T18:00:00+08:00,0.09,0.12,0.15,0.42000000000000004,3.1500000000000004,87.70096952717292,67,3.4486537201936607E-7,Low
SUNGEI KADUT,2021-04-17T18:00:00+08:00,0.01,0.02,0.060000000000000005,0.42000000000000004,4.8999999999999995,94.10159673886783,67,3.4486537201936607E-7,Low
TAMPINES,2021-04-17T18:00:00+08:00,0.0,0.01,0.02,0.21000000000000002,3.77,70.3288702863883,67,7.850860018632035E-8,Low
TANGLIN,2021-04-17T18:00:00+08:00,0.01,0.02,0.02,0.4,3.3599999999999994,116.22761118961087,67,3.1074782470189115E-7,Low
TENGAH,2021-04-17T18:00:00+08:00,0.0,0.0,0.07999999999999999,0.41000000000000003,4.36,102.00833940561625,67,3.275704621164339E-7,Low
TOA PAYOH,2021-04-17T18:00:00+08:00,0.02,0.07,0.12000000000000001,0.4,3.6100000000000003,84.43790669969069,67,3.1074782470189115E-7,Low
TUAS,2021-04-17T18:00:00+08:00,0.0,0.01,0.24,0.77,6.65,100.03134388484126,67,1.2580528592879398E-6,Low
WESTERN ISLANDS,2021-04-17T18:00:00+08:00,0.01,0.05,0.14,0.51,4.529999999999999,98.12209545299415,67,5.220161833263655E-7,Low
WESTERN WATER CATCHMENT,2021-04-17T18:00:00+08:00,0.0,0.0,0.02,0.26,5.18,108.15792756331813,67,1.2386751313035825E-7,Low
WOODLANDS,2021-04-17T18:00:00+08:00,0.0,0.0,0.0,0.22,5.489999999999999,56.972914602718134,67,8.670690877739925E-8,Low
YISHUN,2021-04-17T18:00:00+08:00,0.0,0.0,0.01,0.23,3.6599999999999993,56.663287299914515,67,9.533938579916894E-8,Low
